content_key,level_code,headword,reading,ruby,romaji_ko,pos,conj_type,transitivity,meaning_ko,meaning_ko_alt,example_ja,example_ko,audio_file,source,verify,note
jlpt.n2.vocab.0001,N2,老後,ろうご,{老後|ろう|ご},로오고,noun,-,-,노후,만년,{老後|ろう|ご}の{生活|せい|かつ}について{家族|か|ぞく}と{話|はな}し{合|あ}いました。,노후 생활에 대해 가족과 이야기를 나눴어요.,jlpt.n2.vocab.0001.m4a,ref_only:jfs_cando_b2+corpus_freq,draft,선정축: ①B2「自分と家族」 조부모가 남긴 글을 읽고 유지와 심정을 이해하기 / ②빈도 zipf 3.50 / 내용어 10603위(모집단 80726); Tanos교차: 전급수 목록밖 — Tanos(구시험 어휘)에 없는 현대어로 판단
jlpt.n2.vocab.0002,N2,遺産,いさん,{遺産|い|さん},이산,noun,-,-,유산,물려받은 재산,{祖父|そ|ふ}の{遺産|い|さん}を{兄弟|きょう|だい}で{分|わ}けることになりました。,할아버지의 유산을 형제끼리 나누게 되었어요.,jlpt.n2.vocab.0002.m4a,ref_only:jfs_cando_b2+corpus_freq,draft,선정축: ①B2「自分と家族」 유언장의 내용을 큰 어려움 없이 이해하기 / ②빈도 zipf 4.50 / 내용어 1865위(모집단 80726); Tanos교차: 전급수 목록밖 — Tanos(구시험 어휘)에 없는 현대어로 판단
jlpt.n2.vocab.0003,N2,批評,ひひょう,{批評|ひ|ひょう},히효오,noun,suru_noun,vt,비평,평론,この{映画|えい|が}は{新聞|しん|ぶん}で{厳|きび}しく{批評|ひ|ひょう}されました。,이 영화는 신문에서 혹독하게 비평받았어요.,jlpt.n2.vocab.0003.m4a,ref_only:jfs_cando_b2+corpus_freq,draft,선정축: ①B2「自由時間と娯楽」 평자의 독자적 시점에서 나온 비평과 견해를 이해하기 / ②빈도 zipf 3.83 / 내용어 6445위(모집단 80726); Tanos교차: N3 분류 — 우리 N3 400 미수록 잔여분을 N2로 흡수
jlpt.n2.vocab.0004,N2,書評,しょひょう,{書評|しょ|ひょう},쇼효오,noun,-,-,서평,-,{好|す}きな{作家|さっ|か}の{書評|しょ|ひょう}を{雑誌|ざっ|し}で{読|よ}みました。,좋아하는 작가의 서평을 잡지에서 읽었어요.,jlpt.n2.vocab.0004.m4a,ref_only:jfs_cando_b2+corpus_freq,draft,선정축: ①B2「自由時間と娯楽」 잡지에 실린 관심 분야 책의 서평을 읽고 이해하기 / ②빈도 zipf 3.37 / 내용어 12642위(모집단 80726); Tanos교차: N1 분류(구시험 기준) — 선정축 판단을 우선해 N2 유지
jlpt.n2.vocab.0005,N2,展開,てんかい,{展開|てん|かい},텡카이,noun,suru_noun,vi_vt,전개,펼쳐짐,{物語|もの|がたり}の{展開|てん|かい}が{予想|よ|そう}と{全|まった}く{違|ちが}いました。,이야기의 전개가 예상과 완전히 달랐어요.,jlpt.n2.vocab.0005.m4a,ref_only:jfs_cando_b2+corpus_freq,draft,선정축: ①B2「自由時間と娯楽」 드라마의 새로운 전개를 앞선 줄거리와 연결해 이야기하기 / ②빈도 zipf 5.00 / 내용어 494위(모집단 80726); Tanos교차: N2 일치
jlpt.n2.vocab.0006,N2,筋,すじ,{筋|すじ},스지,noun,-,-,줄거리,힘줄;도리,この{小説|しょう|せつ}は{筋|すじ}が{分|わ}かりやすいので{読|よ}みやすいです。,이 소설은 줄거리가 이해하기 쉬워서 읽기 편해요.,jlpt.n2.vocab.0006.m4a,ref_only:jfs_cando_b2+corpus_freq,draft,선정축: ①B2「自由時間と娯楽」 영화를 보고 이야기의 줄거리를 따라가기 / ②빈도 zipf 4.66 / 순위표 밖; Tanos교차: N3 분류 — 우리 N3 400 미수록 잔여분을 N2로 흡수
jlpt.n2.vocab.0007,N2,人物,じんぶつ,{人物|じん|ぶつ},짐부츠,noun,-,-,인물,사람됨,この{作品|さく|ひん}の{登場|とう|じょう}{人物|じん|ぶつ}はみんな{個性|こ|せい}があります。,이 작품의 등장인물은 모두 개성이 있어요.,jlpt.n2.vocab.0007.m4a,ref_only:jfs_cando_b2+corpus_freq,draft,선정축: ①B2「自由時間と娯楽」 인물상을 보여 주는 에피소드와 코멘트를 이해하기 / ②빈도 zipf 4.88 / 내용어 699위(모집단 80726); Tanos교차: N3 분류 — 우리 N3 400 미수록 잔여분을 N2로 흡수
jlpt.n2.vocab.0008,N2,描写,びょうしゃ,{描写|びょう|しゃ},뵤오샤,noun,suru_noun,vt,묘사,-,{景色|け|しき}の{描写|びょう|しゃ}がとても{美|うつく}しい{小説|しょう|せつ}です。,풍경 묘사가 아주 아름다운 소설이에요.,jlpt.n2.vocab.0008.m4a,ref_only:jfs_cando_b2+corpus_freq,draft,선정축: ①B2「自由時間と娯楽」 단편소설을 읽고 사건의 경과와 행동의 동기를 이해하기 / ②빈도 zipf 4.23 / 내용어 3222위(모집단 80726); Tanos교차: N1 분류(구시험 기준) — 선정축 판단을 우선해 N2 유지
jlpt.n2.vocab.0009,N2,葛藤,かっとう,{葛藤|かっ|とう},캇토오,noun,suru_noun,vi,갈등,번민,{主人公|しゅ|じん|こう}の{心|こころ}の{葛藤|かっ|とう}が{丁寧|てい|ねい}に{描|えが}かれています。,주인공의 마음속 갈등이 섬세하게 그려져 있어요.,jlpt.n2.vocab.0009.m4a,ref_only:jfs_cando_b2+corpus_freq,draft,선정축: ①B2「自由時間と娯楽」 등장인물이 갈등과 장벽을 어떻게 넘었는지 이해하기 / ②빈도 zipf 3.66 / 내용어 8391위(모집단 80726); Tanos교차: 전급수 목록밖 — Tanos(구시험 어휘)에 없는 현대어로 판단
jlpt.n2.vocab.0010,N2,心情,しんじょう,{心情|しん|じょう},신조오,noun,-,-,심정,마음,{登場|とう|じょう}{人物|じん|ぶつ}の{心情|しん|じょう}を{想像|そう|ぞう}しながら{読|よ}みます。,등장인물의 심정을 상상하면서 읽어요.,jlpt.n2.vocab.0010.m4a,ref_only:jfs_cando_b2+corpus_freq,draft,선정축: ①B2「自由時間と娯楽」 라디오 드라마를 듣고 인물의 심정을 이해하기 / ②빈도 zipf 3.65 / 내용어 8505위(모집단 80726); Tanos교차: N1 분류(구시험 기준) — 선정축 판단을 우선해 N2 유지
jlpt.n2.vocab.0011,N2,視点,してん,{視点|し|てん},시텐,noun,-,-,시점,관점,{自分|じ|ぶん}の{視点|し|てん}で{作品|さく|ひん}について{語|かた}ってください。,자기 시점으로 작품에 대해 이야기해 주세요.,jlpt.n2.vocab.0011.m4a,ref_only:jfs_cando_b2+corpus_freq,draft,선정축: ①B2「自由時間と娯楽」 자기 나름의 시점으로 명료하고 상세하게 쓰기 / ②빈도 zipf 4.40 / 내용어 2339위(모집단 80726); Tanos교차: N1 분류(구시험 기준) — 선정축 판단을 우선해 N2 유지
jlpt.n2.vocab.0012,N2,鑑賞,かんしょう,{鑑賞|かん|しょう},칸쇼오,noun,suru_noun,vt,감상,-,{美術館|び|じゅつ|かん}で{一日|いち|にち}かけて{絵|え}を{鑑賞|かん|しょう}しました。,미술관에서 하루를 들여 그림을 감상했어요.,jlpt.n2.vocab.0012.m4a,ref_only:jfs_cando_b2+corpus_freq,draft,선정축: ①B2「自由時間と娯楽」 전시물 앞에서 흘러나오는 음성 가이드 설명을 이해하기 / ②빈도 zipf 4.19 / 내용어 3505위(모집단 80726); Tanos교차: N2 일치
jlpt.n2.vocab.0013,N2,展示,てんじ,{展示|てん|じ},텐지,noun,suru_noun,vt,전시,-,この{博物館|はく|ぶつ|かん}では{昔|むかし}の{道具|どう|ぐ}を{展示|てん|じ}しています。,이 박물관에서는 옛날 도구를 전시하고 있어요.,jlpt.n2.vocab.0013.m4a,ref_only:jfs_cando_b2+corpus_freq,draft,선정축: ①B2「自由時間と娯楽」 박물관에서 전시물의 상세한 설명을 듣고 요점을 이해하기 / ②빈도 zipf 4.65 / 내용어 1285위(모집단 80726); Tanos교차: N1 분류(구시험 기준) — 선정축 판단을 우선해 N2 유지
jlpt.n2.vocab.0014,N2,娯楽,ごらく,{娯楽|ご|らく},고라쿠,noun,-,-,오락,즐길 거리,{読書|どく|しょ}はわたしにとって{一番|いち|ばん}の{娯楽|ご|らく}です。,독서는 저에게 최고의 오락이에요.,jlpt.n2.vocab.0014.m4a,ref_only:jfs_cando_b2+corpus_freq,draft,선정축: ①B2「自由時間と娯楽」 자유시간과 오락에 관한 화제로 대화를 이어 가기 / ②빈도 zipf 3.84 / 내용어 6340위(모집단 80726); Tanos교차: N2 일치
jlpt.n2.vocab.0015,N2,台詞,せりふ,{台詞|せりふ},세리후,noun,-,-,대사,말투,あの{場面|ば|めん}の{台詞|せりふ}が{一番|いち|ばん}{心|こころ}に{残|のこ}りました。,그 장면의 대사가 가장 마음에 남았어요.,jlpt.n2.vocab.0015.m4a,ref_only:jfs_cando_b2+corpus_freq,draft,선정축: ①B2「自由時間と娯楽」 연극 시나리오를 명료하고 상세하게 쓰기 / ②빈도 zipf 4.52 / 내용어 1785위(모집단 80726); Tanos교차: 전급수 목록밖 — Tanos(구시험 어휘)에 없는 현대어로 판단
jlpt.n2.vocab.0016,N2,場面,ばめん,{場面|ば|めん},바멘,noun,-,-,장면,경우,{最後|さい|ご}の{場面|ば|めん}で{涙|なみだ}が{出|で}てしまいました。,마지막 장면에서 눈물이 나 버렸어요.,jlpt.n2.vocab.0016.m4a,ref_only:jfs_cando_b2+corpus_freq,draft,선정축: ①B2「自由時間と娯楽」 영화를 보고 인상에 남은 장면을 이야기하기 / ②빈도 zipf 4.49 / 내용어 1896위(모집단 80726); Tanos교차: N3 분류 — 우리 N3 400 미수록 잔여분을 N2로 흡수
jlpt.n2.vocab.0017,N2,主役,しゅやく,{主役|しゅ|やく},슈야쿠,noun,-,-,주역,주연,{今度|こん|ど}の{劇|げき}で{主役|しゅ|やく}を{任|まか}されました。,이번 연극에서 주역을 맡게 됐어요.,jlpt.n2.vocab.0017.m4a,ref_only:jfs_cando_b2+corpus_freq,draft,선정축: ①B2「自由時間と娯楽」 연극 서클을 위해 현대극 시나리오를 쓰기 / ②빈도 zipf 4.11 / 내용어 4033위(모집단 80726); Tanos교차: N2 일치
jlpt.n2.vocab.0018,N2,結末,けつまつ,{結末|けつ|まつ},케츠마츠,noun,-,-,결말,끝맺음,{結末|けつ|まつ}を{知|し}らないまま{見|み}たほうが{面白|おも|しろ}いですよ。,결말을 모르는 채로 보는 편이 재미있어요.,jlpt.n2.vocab.0018.m4a,ref_only:jfs_cando_b2+corpus_freq,draft,선정축: ①B2「自由時間と娯楽」 이야기의 전개와 결말을 요령 있게 정리해 말하기 / ②빈도 zipf 4.01 / 내용어 4798위(모집단 80726); Tanos교차: 전급수 목록밖 — Tanos(구시험 어휘)에 없는 현대어로 판단
jlpt.n2.vocab.0019,N2,好評,こうひょう,{好評|こう|ひょう},코오효오,noun,-,-,호평,좋은 평판,このアニメは{若|わか}い{人|ひと}たちに{好評|こう|ひょう}だそうです。,이 애니메이션은 젊은 사람들에게 호평이라고 해요.,jlpt.n2.vocab.0019.m4a,ref_only:jfs_cando_b2+corpus_freq,draft,선정축: ①B2「自由時間と娯楽」 통신판매 사이트의 리뷰란에 서평을 쓰기 / ②빈도 zipf 4.29 / 내용어 2875위(모집단 80726); Tanos교차: N1 분류(구시험 기준) — 선정축 판단을 우선해 N2 유지
jlpt.n2.vocab.0020,N2,迫力,はくりょく,{迫力|はく|りょく},하쿠료쿠,noun,-,-,박력,-,{戦|たたか}いの{場面|ば|めん}は{予想|よ|そう}{以上|い|じょう}に{迫力|はく|りょく}がありました。,싸움 장면은 예상 이상으로 박력이 있었어요.,jlpt.n2.vocab.0020.m4a,ref_only:jfs_cando_b2+corpus_freq,draft,선정축: ①B2「自由時間と娯楽」 최근 본 작품을 다른 작품과 비교하며 상세히 쓰기 / ②빈도 zipf 3.92 / 내용어 5611위(모집단 80726); Tanos교차: 전급수 목록밖 — Tanos(구시험 어휘)에 없는 현대어로 판단
jlpt.n2.vocab.0021,N2,公開,こうかい,{公開|こう|かい},코오카이,noun,suru_noun,vt,공개,개봉,その{映画|えい|が}は{来月|らい|げつ}{公開|こう|かい}される{予定|よ|てい}です。,그 영화는 다음 달 개봉될 예정이에요.,jlpt.n2.vocab.0021.m4a,ref_only:jfs_cando_b2+corpus_freq,draft,선정축: ①B2「自由時間と娯楽」 자유시간과 오락에 관한 상세한 정보를 주고받기 / ②빈도 zipf 5.25 / 내용어 214위(모집단 80726); Tanos교차: N1 분류(구시험 기준) — 선정축 판단을 우선해 N2 유지
jlpt.n2.vocab.0022,N2,作者,さくしゃ,{作者|さく|しゃ},사쿠샤,noun,-,-,작자,지은이,この{絵|え}の{作者|さく|しゃ}は{今|いま}も{分|わ}かっていません。,이 그림의 작자는 지금도 밝혀지지 않았어요.,jlpt.n2.vocab.0022.m4a,ref_only:jfs_cando_b2+corpus_freq,draft,선정축: ①B2「自由時間と娯楽」 작품에 대한 평자의 비평과 견해를 이해하기 / ②빈도 zipf 4.41 / 내용어 2264위(모집단 80726); Tanos교차: N2 일치
jlpt.n2.vocab.0023,N2,話題,わだい,{話題|わ|だい},와다이,noun,-,-,화제,이야깃거리,{最近|さい|きん}{話題|わ|だい}になっている{本|ほん}を{買|か}ってみました。,요즘 화제가 되고 있는 책을 사 봤어요.,jlpt.n2.vocab.0023.m4a,ref_only:jfs_cando_b2+corpus_freq,draft,선정축: ①B2「自由時間と娯楽」 여러 화제에 대해 긴 대화에 참여하기 / ②빈도 zipf 5.05 / 내용어 418위(모집단 80726); Tanos교차: N3 분류 — 우리 N3 400 미수록 잔여분을 N2로 흡수
jlpt.n2.vocab.0024,N2,芸能,げいのう,{芸能|げい|のう},게에노오,noun,-,-,연예,예능,{芸能|げい|のう}ニュースはあまり{見|み}ないようにしています。,연예 뉴스는 되도록 보지 않으려고 해요.,jlpt.n2.vocab.0024.m4a,ref_only:jfs_cando_b2+corpus_freq,draft,선정축: ①B2「自由時間と娯楽」 문화인·연예인을 취재한 토크 프로그램을 보고 이해하기 / ②빈도 zipf 4.52 / 내용어 1763위(모집단 80726); Tanos교차: N2 일치
jlpt.n2.vocab.0025,N2,名作,めいさく,{名作|めい|さく},메에사쿠,noun,-,-,명작,걸작,{子|こ}どものころに{読|よ}んだ{名作|めい|さく}をもう{一度|いち|ど}{読|よ}みました。,어릴 때 읽은 명작을 한 번 더 읽었어요.,jlpt.n2.vocab.0025.m4a,ref_only:jfs_cando_b2+corpus_freq,draft,선정축: ①B2「自由時間と娯楽」 자기 관심 분야 책의 서평을 읽고 견해를 이해하기 / ②빈도 zipf 4.11 / 내용어 4039위(모집단 80726); Tanos교차: N2 일치
jlpt.n2.vocab.0026,N2,視聴者,しちょうしゃ,{視聴者|し|ちょう|しゃ},시초오샤,noun,-,-,시청자,-,この{番組|ばん|ぐみ}は{視聴者|し|ちょう|しゃ}からの{意見|い|けん}を{紹介|しょう|かい}します。,이 프로그램은 시청자로부터 온 의견을 소개해요.,jlpt.n2.vocab.0026.m4a,ref_only:jfs_cando_b2+corpus_freq,draft,선정축: ①B2「自由時間と娯楽」 텔레비전 다큐멘터리를 보고 코멘트를 이해하기 / ②빈도 zipf 4.76 / 순위표 밖; Tanos교차: 전급수 목록밖 — Tanos(구시험 어휘)에 없는 현대어로 판단
jlpt.n2.vocab.0027,N2,乗り越える,のりこえる,{乗|の}り{越|こ}える,노리코에루,verb,g2,vt,극복하다,넘어서다,{彼|かれ}は{多|おお}くの{困難|こん|なん}を{乗|の}り{越|こ}えてきました。,그는 많은 어려움을 극복해 왔어요.,jlpt.n2.vocab.0027.m4a,ref_only:jfs_cando_b2+corpus_freq,draft,선정축: ①B2「自由時間と娯楽」 인물이 갈등과 장벽을 어떻게 넘었는지 이해하기 / ②빈도 zipf 4.16 / 내용어 3729위(모집단 80726); Tanos교차: 전급수 목록밖 — Tanos(구시험 어휘)에 없는 현대어로 판단
jlpt.n2.vocab.0028,N2,演じる,えんじる,{演|えん}じる,엔지루,verb,g2,vt,연기하다,(역을) 맡다,{彼女|かのじょ}は{難|むずか}しい{役|やく}を{見事|み|ごと}に{演|えん}じました。,그녀는 어려운 역을 훌륭하게 연기했어요.,jlpt.n2.vocab.0028.m4a,ref_only:jfs_cando_b2+corpus_freq,draft,선정축: ①B2「自由時間と娯楽」 등장인물의 연기에 대한 코멘트를 이해하기 / ②빈도 zipf 4.49 / 내용어 1934위(모집단 80726); Tanos교차: N1 분류(구시험 기준) — 선정축 판단을 우선해 N2 유지
jlpt.n2.vocab.0029,N2,見入る,みいる,{見入|み|い}る,미이루,verb,g1,vi,넋 놓고 보다,골똘히 보다,{最後|さい|ご}の{場面|ば|めん}に{思|おも}わず{見入|み|い}ってしまいました。,마지막 장면을 저도 모르게 넋 놓고 봤어요.,jlpt.n2.vocab.0029.m4a,ref_only:jfs_cando_b2+corpus_freq,draft,선정축: ①B2「自由時間と娯楽」 영화를 보고 이야기의 줄거리를 따라가기 / ②빈도 zipf 3.26 / 내용어 14730위(모집단 80726); Tanos교차: 전급수 목록밖 — Tanos(구시험 어휘)에 없는 현대어로 판단
jlpt.n2.vocab.0030,N2,打ち込む,うちこむ,{打|う}ち{込|こ}む,우치코무,verb,g1,vi_vt,몰두하다,(못을) 박다,{学生|がく|せい}のころは{演劇|えん|げき}に{打|う}ち{込|こ}んでいました。,학생 때는 연극에 몰두했었어요.,jlpt.n2.vocab.0030.m4a,ref_only:jfs_cando_b2+corpus_freq,draft,선정축: ①B2「自由時間と娯楽」 자기 경험을 가치관과 함께 명확하고 상세하게 말하기 / ②빈도 zipf 4.24 / 내용어 3196위(모집단 80726); Tanos교차: 전급수 목록밖 — Tanos(구시험 어휘)에 없는 현대어로 판단
jlpt.n2.vocab.0031,N2,浸る,ひたる,{浸|ひた}る,히타루,verb,g1,vi,잠기다,(감정에) 젖다,しばらく{余韻|よ|いん}に{浸|ひた}っていました。,한동안 여운에 젖어 있었어요.,jlpt.n2.vocab.0031.m4a,ref_only:jfs_cando_b2+corpus_freq,draft,선정축: ①B2「自由時間と娯楽」 영상을 보며 인물의 시점과 심정을 이해하기 / ②빈도 zipf 3.74 / 내용어 7485위(모집단 80726); Tanos교차: 전급수 목록밖 — Tanos(구시험 어휘)에 없는 현대어로 판단
jlpt.n2.vocab.0032,N2,見逃す,みのがす,{見|み}{逃|のが}す,미노가스,verb,g1,vt,놓치다,못 보고 지나치다,{昨日|きのう}の{回|かい}を{見|み}{逃|のが}したので{話|はなし}が{分|わ}かりません。,어제 회차를 놓쳐서 이야기를 모르겠어요.,jlpt.n2.vocab.0032.m4a,ref_only:jfs_cando_b2+corpus_freq,draft,선정축: ①B2「自由時間と娯楽」 친구가 놓친 회차의 전개를 요령 있게 정리해 말하기 / ②빈도 zipf 4.45 / 내용어 2088위(모집단 80726); Tanos교차: N1 분류(구시험 기준) — 선정축 판단을 우선해 N2 유지
jlpt.n2.vocab.0033,N2,独自,どくじ,{独自|どく|じ},도쿠지,na_adj,na_adj,-,독자적,고유의,この{監督|かん|とく}は{独自|どく|じ}の{世界|せ|かい}を{持|も}っています。,이 감독은 독자적인 세계를 갖고 있어요.,jlpt.n2.vocab.0033.m4a,ref_only:jfs_cando_b2+corpus_freq,draft,선정축: ①B2「自由時間と娯楽」 평자의 독자적 시점에서 나온 비평을 이해하기 / ②빈도 zipf 4.59 / 내용어 1473위(모집단 80726); Tanos교차: N1 분류(구시험 기준) — 선정축 판단을 우선해 N2 유지
jlpt.n2.vocab.0034,N2,華やか,はなやか,{華|はな}やか,하나야카,na_adj,na_adj,-,화려하다,눈부시다,{舞台|ぶ|たい}の{衣装|い|しょう}がとても{華|はな}やかでした。,무대 의상이 아주 화려했어요.,jlpt.n2.vocab.0034.m4a,ref_only:jfs_cando_b2+corpus_freq,draft,선정축: ①B2「自由時間と娯楽」 연예인을 취재한 프로그램의 인물상을 이해하기 / ②빈도 zipf 3.60 / 내용어 9216위(모집단 80726); Tanos교차: N1 분류(구시험 기준) — 선정축 판단을 우선해 N2 유지
jlpt.n2.vocab.0035,N2,力強い,ちからづよい,{力強|ちから|づよ}い,치카라즈요이,i_adj,i_adj,-,힘차다,든든하다,{最後|さい|ご}の{場面|ば|めん}の{音楽|おん|がく}がとても{力強|ちから|づよ}かったです。,마지막 장면의 음악이 아주 힘찼어요.,jlpt.n2.vocab.0035.m4a,ref_only:jfs_cando_b2+corpus_freq,draft,선정축: ①B2「自由時間と娯楽」 작품에 대한 인상을 자기 시점으로 상세히 말하기 / ②빈도 zipf 3.82 / 내용어 6608위(모집단 80726); Tanos교차: N2 일치
jlpt.n2.vocab.0036,N2,しみじみ,しみじみ,しみじみ,시미지미,adv,-,-,절실히,차분히;가슴 깊이,この{年|とし}になって{読|よ}むと、しみじみといい{話|はなし}だと{思|おも}います。,이 나이가 되어 읽으니 가슴 깊이 좋은 이야기라고 느껴요.,jlpt.n2.vocab.0036.m4a,ref_only:jfs_cando_b2+corpus_freq,draft,선정축: ①B2「自由時間と娯楽」 작품에 대한 감상을 자기 나름의 시점으로 말하기 / ②빈도 zipf 3.43 / 내용어 11595위(모집단 80726); Tanos교차: N2 일치
jlpt.n2.vocab.0037,N2,出産,しゅっさん,{出産|しゅっ|さん},슛산,noun,suru_noun,vi,출산,해산,{友人|ゆう|じん}から{出産|しゅっ|さん}の{知|し}らせが{届|とど}きました。,친구에게서 출산 소식이 왔어요.,jlpt.n2.vocab.0037.m4a,ref_only:jfs_cando_b2+corpus_freq,draft,선정축: ①B2「生活と人生」 친구의 출산 소식에 축하 편지를 쓰기 / ②빈도 zipf 4.24 / 내용어 3150위(모집단 80726); Tanos교차: N1 분류(구시험 기준) — 선정축 판단을 우선해 N2 유지
jlpt.n2.vocab.0038,N2,子育て,こそだて,{子育|こ|そだ}て,코소다테,noun,-,-,육아,아이 키우기,{子育|こ|そだ}ての{悩|なや}みを{近所|きん|じょ}の{親|おや}たちと{話|はな}しました。,육아 고민을 이웃 부모들과 이야기했어요.,jlpt.n2.vocab.0038.m4a,ref_only:jfs_cando_b2+corpus_freq,draft,선정축: ①B2「生活と人生」 공원에서 다른 부모들과 육아 고민을 나누기 / ②빈도 zipf 4.10 / 내용어 4106위(모집단 80726); Tanos교차: 전급수 목록밖 — Tanos(구시험 어휘)에 없는 현대어로 판단
jlpt.n2.vocab.0039,N2,噂,うわさ,{噂|うわさ},우와사,noun,suru_noun,vt,소문,풍문,{知人|ち|じん}の{噂|うわさ}ばかり{話|はな}すのはよくないと{思|おも}います。,지인 소문만 이야기하는 건 좋지 않다고 생각해요.,jlpt.n2.vocab.0039.m4a,ref_only:jfs_cando_b2+corpus_freq,draft,선정축: ①B2「生活と人生」 지인의 소문 등 다양한 화제로 긴 대화에 참여하기 / ②빈도 zipf 4.65 / 순위표 밖; Tanos교차: N3 분류 — 우리 N3 400 미수록 잔여분을 N2로 흡수
jlpt.n2.vocab.0040,N2,経過,けいか,{経過|けい|か},케에카,noun,suru_noun,vi,경과,(시간이) 지남,{荷物|に|もつ}を{送|おく}ってから{今|いま}までの{経過|けい|か}を{説明|せつ|めい}しました。,짐을 보낸 뒤 지금까지의 경과를 설명했어요.,jlpt.n2.vocab.0040.m4a,ref_only:jfs_cando_b2+corpus_freq,draft,선정축: ①B2「生活と人生」 우편물이 오지 않을 때 지금까지의 경과를 정확히 설명하기 / ②빈도 zipf 4.37 / 내용어 2477위(모집단 80726); Tanos교차: N1 분류(구시험 기준) — 선정축 판단을 우선해 N2 유지
jlpt.n2.vocab.0041,N2,措置,そち,{措置|そ|ち},소치,noun,suru_noun,vt,조치,처치,{適切|てき|せつ}な{措置|そ|ち}をとってもらえるよう{窓口|まど|ぐち}で{頼|たの}みました。,적절한 조치를 취해 달라고 창구에서 부탁했어요.,jlpt.n2.vocab.0041.m4a,ref_only:jfs_cando_b2+corpus_freq,draft,선정축: ①B2「生活と人生」 우체국 창구에서 적절한 조치를 해 달라고 의뢰하기 / ②빈도 zipf 4.32 / 내용어 2739위(모집단 80726); Tanos교차: N1 분류(구시험 기준) — 선정축 판단을 우선해 N2 유지
jlpt.n2.vocab.0042,N2,改定,かいてい,{改定|かい|てい},카이테에,noun,suru_noun,vt,개정,(요금·규정) 조정,{来月|らい|げつ}から{料金|りょう|きん}が{改定|かい|てい}されるそうです。,다음 달부터 요금이 개정된다고 해요.,jlpt.n2.vocab.0042.m4a,ref_only:jfs_cando_b2+corpus_freq,draft,선정축: ①B2「生活と人生」 은행이나 카드사의 요금 개정 안내를 읽고 이해하기 / ②빈도 zipf 3.79 / 내용어 6879위(모집단 80726); Tanos교차: N1 분류(구시험 기준) — 선정축 판단을 우선해 N2 유지
jlpt.n2.vocab.0043,N2,事情,じじょう,{事情|じ|じょう},지조오,noun,-,-,사정,형편,{家庭|か|てい}の{事情|じ|じょう}を{説明|せつ|めい}して{休|やす}ませてもらいました。,가정 사정을 설명하고 쉬게 해 달라고 했어요.,jlpt.n2.vocab.0043.m4a,ref_only:jfs_cando_b2+corpus_freq,draft,선정축: ①B2「生活と人生」 가정 사정을 설명하면서 희망을 전하기 / ②빈도 zipf 4.63 / 내용어 1342위(모집단 80726); Tanos교차: N3 분류 — 우리 N3 400 미수록 잔여분을 N2로 흡수
jlpt.n2.vocab.0044,N2,推測,すいそく,{推測|すい|そく},스이소쿠,noun,suru_noun,vt,추측,짐작,{事実|じ|じつ}と{推測|すい|そく}を{分|わ}けて{話|はな}すようにしています。,사실과 추측을 나눠서 말하려고 해요.,jlpt.n2.vocab.0044.m4a,ref_only:jfs_cando_b2+corpus_freq,draft,선정축: ①B2「生活と人生」 사실과 추측을 구별해 정확히 전달하기 / ②빈도 zipf 4.28 / 내용어 2931위(모집단 80726); Tanos교차: N1 분류(구시험 기준) — 선정축 판단을 우선해 N2 유지
jlpt.n2.vocab.0045,N2,区別,くべつ,{区別|く|べつ},쿠베츠,noun,suru_noun,vt,구별,가름,{事実|じ|じつ}と{意見|い|けん}の{区別|く|べつ}がつきにくい{記事|き|じ}でした。,사실과 의견의 구별이 어려운 기사였어요.,jlpt.n2.vocab.0045.m4a,ref_only:jfs_cando_b2+corpus_freq,draft,선정축: ①B2「生活と人生」 사실과 추측을 구별해 가족에게 정확히 전달하기 / ②빈도 zipf 4.27 / 내용어 2979위(모집단 80726); Tanos교차: N3 분류 — 우리 N3 400 미수록 잔여분을 N2로 흡수
jlpt.n2.vocab.0046,N2,現場,げんば,{現場|げん|ば},겜바,noun,-,-,현장,작업 현장,{帰|かえ}り{道|みち}で{事故|じ|こ}の{現場|げん|ば}に{居合|い|あ}わせました。,돌아오는 길에 사고 현장에 있게 되었어요.,jlpt.n2.vocab.0046.m4a,ref_only:jfs_cando_b2+corpus_freq,draft,선정축: ①B2「生活と人生」 사고 현장에서 들은 정보를 가족에게 전달하기 / ②빈도 zipf 4.86 / 내용어 741위(모집단 80726); Tanos교차: N3 분류 — 우리 N3 400 미수록 잔여분을 N2로 흡수
jlpt.n2.vocab.0047,N2,生涯,しょうがい,{生涯|しょう|がい},쇼오가이,noun,-,-,생애,일생,{祖母|そ|ぼ}は{生涯|しょう|がい}この{町|まち}で{暮|く}らしました。,할머니는 생애를 이 마을에서 보냈어요.,jlpt.n2.vocab.0047.m4a,ref_only:jfs_cando_b2+corpus_freq,draft,선정축: ①B2「生活と人生」 인생에 관한 이야기를 자기 경험과 함께 상세히 말하기 / ②빈도 zipf 4.22 / 내용어 3293위(모집단 80726); Tanos교차: 전급수 목록밖 — Tanos(구시험 어휘)에 없는 현대어로 판단
jlpt.n2.vocab.0048,N2,祝う,いわう,{祝|いわ}う,이와우,verb,g1,vt,축하하다,축복하다,{友人|ゆう|じん}の{出産|しゅっ|さん}を{祝|いわ}う{手紙|て|がみ}を{書|か}きました。,친구의 출산을 축하하는 편지를 썼어요.,jlpt.n2.vocab.0048.m4a,ref_only:jfs_cando_b2+corpus_freq,draft,선정축: ①B2「生活と人生」 기쁨을 표현한 축하 편지를 쓰기 / ②빈도 zipf 3.81 / 내용어 6705위(모집단 80726); Tanos교차: N3 분류 — 우리 N3 400 미수록 잔여분을 N2로 흡수
jlpt.n2.vocab.0049,N2,恵まれる,めぐまれる,{恵|めぐ}まれる,메구마레루,verb,g2,vi,혜택을 받다,복을 받다,いい{仲間|なか|ま}に{恵|めぐ}まれて{今|いま}まで{続|つづ}けてこられました。,좋은 동료들 덕분에 지금까지 계속해 올 수 있었어요.,jlpt.n2.vocab.0049.m4a,ref_only:jfs_cando_b2+corpus_freq,draft,선정축: ①B2「生活と人生」 자기 경험에 기초해 생각을 상세히 말하기 / ②빈도 zipf 4.07 / 내용어 4322위(모집단 80726); Tanos교차: N2 일치
jlpt.n2.vocab.0050,N2,たくましい,たくましい,たくましい,타쿠마시이,i_adj,i_adj,-,씩씩하다,강인하다;늠름하다,{子|こ}どもは{思|おも}ったよりたくましく{育|そだ}っていました。,아이는 생각보다 씩씩하게 자라 있었어요.,jlpt.n2.vocab.0050.m4a,ref_only:jfs_cando_b2+corpus_freq,draft,선정축: ①B2「生活と人生」 육아에 대한 생각을 자기 경험에 기초해 말하기 / ②빈도 zipf 3.64 / 내용어 8723위(모집단 80726); Tanos교차: N1 분류(구시험 기준) — 선정축 판단을 우선해 N2 유지
jlpt.n2.vocab.0051,N2,補償,ほしょう,{補償|ほ|しょう},호쇼오,noun,suru_noun,vt,보상,손해를 메워 줌,{壊|こわ}れたスーツケースの{補償|ほ|しょう}を{求|もと}めました。,망가진 여행 가방의 보상을 요구했어요.,jlpt.n2.vocab.0051.m4a,ref_only:jfs_cando_b2+corpus_freq,draft,선정축: ①B2「旅行と交通」 금전적 보상을 요구하며 문제 해결을 위해 이야기하기 / ②빈도 zipf 3.94 / 내용어 5443위(모집단 80726); Tanos교차: N1 분류(구시험 기준) — 선정축 판단을 우선해 N2 유지
jlpt.n2.vocab.0052,N2,弁償,べんしょう,{弁償|べん|しょう},벤쇼오,noun,suru_noun,vt,변상,물어 줌,{壊|こわ}した{分|ぶん}は{弁償|べん|しょう}すると{言|い}われました。,망가뜨린 부분은 변상하겠다는 말을 들었어요.,jlpt.n2.vocab.0052.m4a,ref_only:jfs_cando_b2+corpus_freq,draft,선정축: ①B2「旅行と交通」 사고가 났을 때 사정과 보상에 대해 설명하기 / ②빈도 zipf 2.95 / 내용어 20975위(모집단 80726); Tanos교차: N1 분류(구시험 기준) — 선정축 판단을 우선해 N2 유지
jlpt.n2.vocab.0053,N2,紛失,ふんしつ,{紛失|ふん|しつ},훈시츠,noun,suru_noun,vt,분실,잃어버림,{預|あず}けた{荷物|に|もつ}の{紛失|ふん|しつ}について{係員|かかり|いん}に{話|はな}しました。,맡긴 짐의 분실에 대해 담당자에게 말했어요.,jlpt.n2.vocab.0053.m4a,ref_only:jfs_cando_b2+corpus_freq,draft,선정축: ①B2「旅行と交通」 수하물 분실 등 문제가 생겼을 때 상황을 설명하기 / ②빈도 zipf 3.58 / 내용어 9472위(모집단 80726); Tanos교차: N1 분류(구시험 기준) — 선정축 판단을 우선해 N2 유지
jlpt.n2.vocab.0054,N2,破損,はそん,{破損|は|そん},하손,noun,suru_noun,vi_vt,파손,망가짐,{荷物|に|もつ}の{破損|は|そん}は{到着|とう|ちゃく}してから{気|き}づきました。,짐의 파손은 도착한 뒤에 알아차렸어요.,jlpt.n2.vocab.0054.m4a,ref_only:jfs_cando_b2+corpus_freq,draft,선정축: ①B2「旅行と交通」 맡긴 물건의 파손에 대해 상세히 설명하기 / ②빈도 zipf 3.89 / 내용어 5887위(모집단 80726); Tanos교차: N1 분류(구시험 기준) — 선정축 판단을 우선해 N2 유지
jlpt.n2.vocab.0055,N2,欠航,けっこう,{欠航|けっ|こう},켁코오,noun,suru_noun,vi,결항,-,{台風|たい|ふう}で{飛行機|ひ|こう|き}が{欠航|けっ|こう}になってしまいました。,태풍으로 비행기가 결항되고 말았어요.,jlpt.n2.vocab.0055.m4a,ref_only:jfs_cando_b2+corpus_freq,draft,선정축: ①B2「旅行と交通」 예정한 비행기가 결항됐을 때 교섭하기 / ②빈도 zipf 2.86 / 내용어 23026위(모집단 80726); Tanos교차: 전급수 목록밖 — Tanos(구시험 어휘)에 없는 현대어로 판단
jlpt.n2.vocab.0056,N2,代案,だいあん,{代案|だい|あん},다이안,noun,-,-,대안,다른 방안,こちらから{代案|だい|あん}を{出|だ}して{話|はな}し{合|あ}いました。,이쪽에서 대안을 내서 이야기를 나눴어요.,jlpt.n2.vocab.0056.m4a,ref_only:jfs_cando_b2+corpus_freq,draft,선정축: ①B2「旅行と交通」 대안이나 양보안을 말하면서 교섭하기 / ②빈도 zipf 2.80 / 내용어 24424위(모집단 80726); Tanos교차: 전급수 목록밖 — Tanos(구시험 어휘)에 없는 현대어로 판단
jlpt.n2.vocab.0057,N2,譲歩,じょうほ,{譲歩|じょう|ほ},조오호,noun,suru_noun,vi,양보,한발 물러섬,これ{以上|い|じょう}の{譲歩|じょう|ほ}は{難|むずか}しいと{伝|つた}えました。,이 이상의 양보는 어렵다고 전했어요.,jlpt.n2.vocab.0057.m4a,ref_only:jfs_cando_b2+corpus_freq,draft,선정축: ①B2「旅行と交通」 대안이나 양보안을 제시하며 교섭하기 / ②빈도 zipf 3.28 / 내용어 14339위(모집단 80726); Tanos교차: N1 분류(구시험 기준) — 선정축 판단을 우선해 N2 유지
jlpt.n2.vocab.0058,N2,申し込み,もうしこみ,{申|もう}し{込|こ}み,모오시코미,noun,-,-,신청,접수,ツアーの{申|もう}し{込|こ}みは{今週|こん|しゅう}までだそうです。,투어 신청은 이번 주까지라고 해요.,jlpt.n2.vocab.0058.m4a,ref_only:jfs_cando_b2+corpus_freq,draft,선정축: ①B2「旅行と交通」 여행사에서 투어를 신청하며 희망과 조건을 전하기 / ②빈도 zipf 4.18 / 내용어 3602위(모집단 80726); Tanos교차: N1 분류(구시험 기준) — 선정축 판단을 우선해 N2 유지
jlpt.n2.vocab.0059,N2,建築,けんちく,{建築|けん|ちく},켄치쿠,noun,suru_noun,vt,건축,건축물,この{建物|たて|もの}の{建築|けん|ちく}には{十年|じゅう|ねん}かかったそうです。,이 건물의 건축에는 십 년이 걸렸다고 해요.,jlpt.n2.vocab.0059.m4a,ref_only:jfs_cando_b2+corpus_freq,draft,선정축: ①B2「旅行と交通」 관광지에서 건축물의 특징과 역사에 대한 설명을 듣기 / ②빈도 zipf 4.62 / 내용어 1376위(모집단 80726); Tanos교차: N3 분류 — 우리 N3 400 미수록 잔여분을 N2로 흡수
jlpt.n2.vocab.0060,N2,経由,けいゆ,{経由|けい|ゆ},케에유,noun,suru_noun,vt,경유,거쳐 감,{大阪|おお|さか}を{経由|けい|ゆ}して{帰|かえ}ることにしました。,오사카를 경유해서 돌아가기로 했어요.,jlpt.n2.vocab.0060.m4a,ref_only:jfs_cando_b2+corpus_freq,draft,선정축: ①B2「旅行と交通」 여러 플랜의 상세를 듣고 자기 조건을 명확히 전하기 / ②빈도 zipf 4.34 / 내용어 2622위(모집단 80726); Tanos교차: N3 분류 — 우리 N3 400 미수록 잔여분을 N2로 흡수
jlpt.n2.vocab.0061,N2,立ち寄る,たちよる,{立|た}ち{寄|よ}る,타치요루,verb,g1,vi,들르다,잠깐 방문하다,{帰|かえ}りに{古|ふる}い{寺|てら}に{立|た}ち{寄|よ}ってきました。,돌아오는 길에 오래된 절에 들렀다 왔어요.,jlpt.n2.vocab.0061.m4a,ref_only:jfs_cando_b2+corpus_freq,draft,선정축: ①B2「旅行と交通」 여행 중의 일과 느낀 점을 상세히 편지로 쓰기 / ②빈도 zipf 3.87 / 내용어 6099위(모집단 80726); Tanos교차: N1 분류(구시험 기준) — 선정축 판단을 우선해 N2 유지
jlpt.n2.vocab.0062,N2,引き返す,ひきかえす,{引|ひ}き{返|かえ}す,히키카에스,verb,g1,vi,되돌아가다,발길을 돌리다,{道|みち}が{分|わ}からなくなって{駅|えき}まで{引|ひ}き{返|かえ}しました。,길을 몰라서 역까지 되돌아갔어요.,jlpt.n2.vocab.0062.m4a,ref_only:jfs_cando_b2+corpus_freq,draft,선정축: ①B2「旅行と交通」 여행 중에 생긴 일을 상세히 전하기 / ②빈도 zipf 3.16 / 내용어 16607위(모집단 80726); Tanos교차: 전급수 목록밖 — Tanos(구시험 어휘)에 없는 현대어로 판단
jlpt.n2.vocab.0063,N2,巡る,めぐる,{巡|めぐ}る,메구루,verb,g1,vi_vt,돌아다니다,둘러싸다;둘러보다,{一週間|いっ|しゅう|かん}かけて{各地|かく|ち}の{名所|めい|しょ}を{巡|めぐ}りました。,일주일 동안 각지의 명소를 돌아다녔어요.,jlpt.n2.vocab.0063.m4a,ref_only:jfs_cando_b2+corpus_freq,draft,선정축: ①B2「旅行と交通」 여행 중의 경험을 이전 인상과 비교하며 쓰기 / ②빈도 zipf 4.50 / 내용어 1881위(모집단 80726); Tanos교차: N2 일치
jlpt.n2.vocab.0064,N2,詳細,しょうさい,{詳細|しょう|さい},쇼오사이,na_adj,na_adj,-,상세하다,자세한 내용,{入居|にゅう|きょ}{条件|じょう|けん}の{詳細|しょう|さい}を{担当者|たん|とう|しゃ}に{確|たし}かめました。,입주 조건의 상세한 내용을 담당자에게 확인했어요.,jlpt.n2.vocab.0064.m4a,ref_only:jfs_cando_b2+corpus_freq,draft,선정축: ①B2「旅行と交通」 여러 플랜의 상세를 듣고 내용을 이해하기 / ②빈도 zipf 5.01 / 내용어 486위(모집단 80726); Tanos교차: N1 분류(구시험 기준) — 선정축 판단을 우선해 N2 유지
jlpt.n2.vocab.0065,N2,痛み,いたみ,{痛|いた}み,이타미,noun,-,-,통증,아픔;괴로움,{薬|くすり}を{飲|の}んだら{痛|いた}みが{少|すこ}し{和|やわ}らぎました。,약을 먹었더니 통증이 조금 누그러졌어요.,jlpt.n2.vocab.0065.m4a,ref_only:jfs_cando_b2+corpus_freq,draft,선정축: ①B2「健康」 병의 증상과 원인에 관한 중요한 정보를 이해하기 / ②빈도 zipf 4.64 / 내용어 1327위(모집단 80726); Tanos교차: N3 분류 — 우리 N3 400 미수록 잔여분을 N2로 흡수
jlpt.n2.vocab.0066,N2,手当て,てあて,{手当|て|あ}て,테아테,noun,suru_noun,vt,처치,치료;수당,けがの{手当|て|あ}てを{受|う}けてから{病院|びょう|いん}に{行|い}きました。,상처 처치를 받고 나서 병원에 갔어요.,jlpt.n2.vocab.0066.m4a,ref_only:jfs_cando_b2+corpus_freq,draft,선정축: ①B2「健康」 일반인용 의학서를 읽고 치료법을 이해하기 / ②빈도 zipf 4.06 / 내용어 4393위(모집단 80726); Tanos교차: N1 분류(구시험 기준) — 선정축 판단을 우선해 N2 유지
jlpt.n2.vocab.0067,N2,診断,しんだん,{診断|しん|だん},신단,noun,suru_noun,vt,진단,-,{検査|けん|さ}の{結果|けっ|か}、{軽|かる}い{風邪|か|ぜ}だと{診断|しん|だん}されました。,검사 결과 가벼운 감기라고 진단받았어요.,jlpt.n2.vocab.0067.m4a,ref_only:jfs_cando_b2+corpus_freq,draft,선정축: ①B2「健康」 자신이나 가족이 걸린 병에 대해 정보를 읽고 이해하기 / ②빈도 zipf 4.59 / 내용어 1478위(모집단 80726); Tanos교차: N2 일치
jlpt.n2.vocab.0068,N2,摂取,せっしゅ,{摂取|せっ|しゅ},셋슈,noun,suru_noun,vt,섭취,-,{塩分|えん|ぶん}の{摂取|せっ|しゅ}を{減|へ}らすように{言|い}われました。,염분 섭취를 줄이라는 말을 들었어요.,jlpt.n2.vocab.0068.m4a,ref_only:jfs_cando_b2+corpus_freq,draft,선정축: ①B2「健康」 다이어트법의 효과와 문제점에 대해 근거를 들어 말하기 / ②빈도 zipf 4.17 / 내용어 3633위(모집단 80726); Tanos교차: 전급수 목록밖 — Tanos(구시험 어휘)에 없는 현대어로 판단
jlpt.n2.vocab.0069,N2,患者,かんじゃ,{患者|かん|じゃ},칸자,noun,-,-,환자,-,この{病気|びょう|き}の{患者|かん|じゃ}は{年々|ねん|ねん}{増|ふ}えています。,이 병의 환자는 해마다 늘고 있어요.,jlpt.n2.vocab.0069.m4a,ref_only:jfs_cando_b2+corpus_freq,draft,선정축: ①B2「健康」 전문가의 병에 관한 해설을 듣고 이해하기 / ②빈도 zipf 4.75 / 내용어 981위(모집단 80726); Tanos교차: N3 분류 — 우리 N3 400 미수록 잔여분을 N2로 흡수
jlpt.n2.vocab.0070,N2,回復,かいふく,{回復|かい|ふく},카이후쿠,noun,suru_noun,vi_vt,회복,되찾음,{体力|たい|りょく}の{回復|かい|ふく}にはもう{少|すこ}し{時間|じ|かん}がかかりそうです。,체력 회복에는 조금 더 시간이 걸릴 것 같아요.,jlpt.n2.vocab.0070.m4a,ref_only:jfs_cando_b2+corpus_freq,draft,선정축: ①B2「健康」 병의 증상·원인·치료법을 읽고 이해하기 / ②빈도 zipf 4.74 / 내용어 1002위(모집단 80726); Tanos교차: N3 분류 — 우리 N3 400 미수록 잔여분을 N2로 흡수
jlpt.n2.vocab.0071,N2,患う,わずらう,{患|わずら}う,와즈라우,verb,g1,vt,앓다,병에 걸리다,{祖父|そ|ふ}は{長|なが}く{胃|い}の{病気|びょう|き}を{患|わずら}っていました。,할아버지는 오래 위장병을 앓고 있었어요.,jlpt.n2.vocab.0071.m4a,ref_only:jfs_cando_b2+corpus_freq,draft,선정축: ①B2「健康」 가족이 걸린 병에 대해 정보를 찾아 이해하기 / ②빈도 zipf 3.57 / 내용어 9637위(모집단 80726); Tanos교차: 전급수 목록밖 — Tanos(구시험 어휘)에 없는 현대어로 판단
jlpt.n2.vocab.0072,N2,効く,きく,{効|き}く,키쿠,verb,g1,vi,듣다,효과가 있다,この{薬|くすり}は{思|おも}ったよりよく{効|き}きました。,이 약은 생각보다 잘 들었어요.,jlpt.n2.vocab.0072.m4a,ref_only:jfs_cando_b2+corpus_freq,draft,선정축: ①B2「健康」 다이어트법의 효과에 대해 근거를 들어 논하기 / ②빈도 zipf 4.60 / 내용어 1461위(모집단 80726); Tanos교차: N3 분류 — 우리 N3 400 미수록 잔여분을 N2로 흡수
jlpt.n2.vocab.0073,N2,保つ,たもつ,{保|たも}つ,타모츠,verb,g1,vt,유지하다,지키다,{健康|けん|こう}を{保|たも}つには{生活|せい|かつ}リズムが{大切|たい|せつ}です。,건강을 유지하려면 생활 리듬이 중요해요.,jlpt.n2.vocab.0073.m4a,ref_only:jfs_cando_b2+corpus_freq,draft,선정축: ①B2「健康」 생활 습관 개선에 관한 조언을 이해하기 / ②빈도 zipf 4.47 / 내용어 2008위(모집단 80726); Tanos교차: 전급수 목록밖 — Tanos(구시험 어휘)에 없는 현대어로 판단
jlpt.n2.vocab.0074,N2,良好,りょうこう,{良好|りょう|こう},료오코오,na_adj,na_adj,-,양호하다,좋은 상태다,{検査|けん|さ}の{結果|けっ|か}は{良好|りょう|こう}だと{言|い}われました。,검사 결과는 양호하다는 말을 들었어요.,jlpt.n2.vocab.0074.m4a,ref_only:jfs_cando_b2+corpus_freq,draft,선정축: ①B2「健康」 병의 상태에 관한 정보를 읽고 이해하기 / ②빈도 zipf 3.99 / 내용어 4974위(모집단 80726); Tanos교차: N1 분류(구시험 기준) — 선정축 판단을 우선해 N2 유지
jlpt.n2.vocab.0075,N2,意義,いぎ,{意義|い|ぎ},이기,noun,-,-,의의,뜻;가치,こういう{商品|しょう|ひん}を{買|か}うことの{意義|い|ぎ}を{友人|ゆう|じん}に{話|はな}しました。,이런 상품을 사는 것의 의의를 친구에게 이야기했어요.,jlpt.n2.vocab.0075.m4a,ref_only:jfs_cando_b2+corpus_freq,draft,선정축: ①B2「買い物」 그 상품을 사는 것의 의의에 대해 자기 시점을 명확히 말하기 / ②빈도 zipf 4.03 / 내용어 4607위(모집단 80726); Tanos교차: N2 일치
jlpt.n2.vocab.0076,N2,流通,りゅうつう,{流通|りゅう|つう},류우츠우,noun,suru_noun,vi,유통,-,{野菜|や|さい}の{流通|りゅう|つう}の{仕組|し|く}みについて{説明|せつ|めい}してもらいました。,채소 유통 구조에 대해 설명을 들었어요.,jlpt.n2.vocab.0076.m4a,ref_only:jfs_cando_b2+corpus_freq,draft,선정축: ①B2「買い物」 유통 구조에 대해 자기 시점을 명확히 말하기 / ②빈도 zipf 4.16 / 내용어 3709위(모집단 80726); Tanos교차: N1 분류(구시험 기준) — 선정축 판단을 우선해 N2 유지
jlpt.n2.vocab.0077,N2,仕組み,しくみ,{仕組|し|く}み,시쿠미,noun,-,-,구조,짜임새;장치,この{制度|せい|ど}の{仕組|し|く}みはなかなか{複雑|ふく|ざつ}です。,이 제도의 구조는 꽤 복잡해요.,jlpt.n2.vocab.0077.m4a,ref_only:jfs_cando_b2+corpus_freq,draft,선정축: ①B2「買い物」 유통 구조와 상품의 의의를 설명하기 / ②빈도 zipf 4.45 / 내용어 2083위(모집단 80726); Tanos교차: N1 분류(구시험 기준) — 선정축 판단을 우선해 N2 유지
jlpt.n2.vocab.0078,N2,買い替える,かいかえる,{買|か}い{替|か}える,카이카에루,verb,g2,vt,새로 사서 바꾸다,바꿔 사다,{十年|じゅう|ねん}{使|つか}った{冷蔵庫|れい|ぞう|こ}をやっと{買|か}い{替|か}えました。,십 년 쓴 냉장고를 드디어 새로 바꿨어요.,jlpt.n2.vocab.0078.m4a,ref_only:jfs_cando_b2+corpus_freq,draft,선정축: ①B2「買い物」 새로 바꾼 물건을 이전 것과 비교하며 상세히 말하기 / ②빈도 zipf 3.17 / 내용어 16402위(모집단 80726); Tanos교차: 전급수 목록밖 — Tanos(구시험 어휘)에 없는 현대어로 판단
jlpt.n2.vocab.0079,N2,食欲,しょくよく,{食欲|しょく|よく},쇼쿠요쿠,noun,-,-,식욕,입맛,{暑|あつ}くて{食欲|しょく|よく}がない{日|ひ}が{続|つづ}いています。,더워서 식욕이 없는 날이 이어지고 있어요.,jlpt.n2.vocab.0079.m4a,ref_only:jfs_cando_b2+corpus_freq,draft,선정축: ①B2「食生活」 식생활에 관한 인터뷰에서 상세한 답을 이끌어 내기 / ②빈도 zipf 4.00 / 내용어 4894위(모집단 80726); Tanos교차: N3 분류 — 우리 N3 400 미수록 잔여분을 N2로 흡수
jlpt.n2.vocab.0080,N2,献立,こんだて,{献立|こん|だて},콘다테,noun,-,-,식단,메뉴,{一週間|いっ|しゅう|かん}{分|ぶん}の{献立|こん|だて}をまとめて{考|かんが}えます。,일주일 치 식단을 한꺼번에 짜요.,jlpt.n2.vocab.0080.m4a,ref_only:jfs_cando_b2+corpus_freq,draft,선정축: ①B2「食生活」 식사와 사회 의식의 관계에 대해 인터뷰하기 / ②빈도 zipf 3.07 / 내용어 18407위(모집단 80726); Tanos교차: N2 일치
jlpt.n2.vocab.0081,N2,資源,しげん,{資源|し|げん},시겐,noun,-,-,자원,-,{限|かぎ}られた{資源|し|げん}をどう{使|つか}うかが{問題|もん|だい}です。,한정된 자원을 어떻게 쓸지가 문제예요.,jlpt.n2.vocab.0081.m4a,ref_only:jfs_cando_b2+corpus_freq,draft,선정축: ①B2「自然と環境」 환경과 에너지 문제에 대해 논거를 들어 의견을 말하기 / ②빈도 zipf 4.33 / 내용어 2691위(모집단 80726); Tanos교차: N3 분류 — 우리 N3 400 미수록 잔여분을 N2로 흡수
jlpt.n2.vocab.0082,N2,公害,こうがい,{公害|こう|がい},코오가이,noun,-,-,공해,-,この{地域|ち|いき}は{昔|むかし}{公害|こう|がい}に{苦|くる}しみました。,이 지역은 옛날에 공해로 고통받았어요.,jlpt.n2.vocab.0082.m4a,ref_only:jfs_cando_b2+corpus_freq,draft,선정축: ①B2「自然と環境」 환경 문제에 관한 사설을 읽고 필자의 주장을 이해하기 / ②빈도 zipf 3.40 / 내용어 12114위(모집단 80726); Tanos교차: N2 일치
jlpt.n2.vocab.0083,N2,災害,さいがい,{災害|さい|がい},사이가이,noun,-,-,재해,재난,{災害|さい|がい}のときの{連絡|れん|らく}{方法|ほう|ほう}を{家族|か|ぞく}で{決|き}めました。,재해 때의 연락 방법을 가족끼리 정했어요.,jlpt.n2.vocab.0083.m4a,ref_only:jfs_cando_b2+corpus_freq,draft,선정축: ①B2「自然と環境」 재해에 관한 의식과 대비를 조사하기 위해 인터뷰하기 / ②빈도 zipf 4.55 / 내용어 1626위(모집단 80726); Tanos교차: N1 분류(구시험 기준) — 선정축 판단을 우선해 N2 유지
jlpt.n2.vocab.0084,N2,気候,きこう,{気候|き|こう},키코오,noun,-,-,기후,-,ここ{数年|すう|ねん}で{気候|き|こう}が{大|おお}きく{変|か}わった{気|き}がします。,최근 몇 년 사이에 기후가 크게 변한 느낌이 들어요.,jlpt.n2.vocab.0084.m4a,ref_only:jfs_cando_b2+corpus_freq,draft,선정축: ①B2「自然と環境」 환경 문제에 관한 최근 화제로 논거를 들어 논의하기 / ②빈도 zipf 4.02 / 내용어 4692위(모집단 80726); Tanos교차: N3 분류 — 우리 N3 400 미수록 잔여분을 N2로 흡수
jlpt.n2.vocab.0085,N2,排出,はいしゅつ,{排出|はい|しゅつ},하이슈츠,noun,suru_noun,vt,배출,내보냄,{工場|こう|じょう}からの{排出|はい|しゅつ}を{減|へ}らす{取|と}り{組|く}みが{始|はじ}まりました。,공장에서의 배출을 줄이는 노력이 시작됐어요.,jlpt.n2.vocab.0085.m4a,ref_only:jfs_cando_b2+corpus_freq,draft,선정축: ①B2「自然と環境」 에너지 문제에 관한 논거를 들어 자기 생각을 말하기 / ②빈도 zipf 3.98 / 내용어 5054위(모집단 80726); Tanos교차: 전급수 목록밖 — Tanos(구시험 어휘)에 없는 현대어로 판단
jlpt.n2.vocab.0086,N2,破壊,はかい,{破壊|は|かい},하카이,noun,suru_noun,vt,파괴,-,{森|もり}の{破壊|は|かい}がこのまま{進|すす}めば{取|と}り{返|かえ}しがつきません。,숲의 파괴가 이대로 진행되면 되돌릴 수 없어요.,jlpt.n2.vocab.0086.m4a,ref_only:jfs_cando_b2+corpus_freq,draft,선정축: ①B2「自然と環境」 환경 문제에 관한 사설을 읽고 새 정보를 이해하기 / ②빈도 zipf 4.85 / 내용어 753위(모집단 80726); Tanos교차: N1 분류(구시험 기준) — 선정축 판단을 우선해 N2 유지
jlpt.n2.vocab.0087,N2,損害,そんがい,{損害|そん|がい},송가이,noun,-,-,손해,피해,{台風|たい|ふう}で{大|おお}きな{損害|そん|がい}が{出|で}たそうです。,태풍으로 큰 손해가 났다고 해요.,jlpt.n2.vocab.0087.m4a,ref_only:jfs_cando_b2+corpus_freq,draft,선정축: ①B2「自然と環境」 재해에 관한 의식과 대비에 대해 정보를 주고받기 / ②빈도 zipf 4.28 / 내용어 2932위(모집단 80726); Tanos교차: N3 분류 — 우리 N3 400 미수록 잔여분을 N2로 흡수
jlpt.n2.vocab.0088,N2,備える,そなえる,{備|そな}える,소나에루,verb,g2,vi_vt,대비하다,갖추다,{地震|じ|しん}に{備|そな}えて{水|みず}と{食料|しょく|りょう}を{置|お}いています。,지진에 대비해서 물과 식량을 두고 있어요.,jlpt.n2.vocab.0088.m4a,ref_only:jfs_cando_b2+corpus_freq,draft,선정축: ①B2「自然と環境」 재해에 대한 대비에 대해 다른 사람에게 질문하기 / ②빈도 zipf 3.69 / 내용어 8043위(모집단 80726); Tanos교차: N3 분류 — 우리 N3 400 미수록 잔여분을 N2로 흡수
jlpt.n2.vocab.0089,N2,枯れる,かれる,{枯|か}れる,카레루,verb,g2,vi,마르다,시들다,{雨|あめ}が{降|ふ}らず、{畑|はたけ}の{作物|さく|もつ}が{枯|か}れてしまいました。,비가 오지 않아서 밭의 작물이 말라 버렸어요.,jlpt.n2.vocab.0089.m4a,ref_only:jfs_cando_b2+corpus_freq,draft,선정축: ①B2「自然と環境」 자연과 환경에 관한 최근 화제로 이야기하기 / ②빈도 zipf 3.51 / 내용어 10504위(모집단 80726); Tanos교차: N2 일치
jlpt.n2.vocab.0090,N2,濁る,にごる,{濁|にご}る,니고루,verb,g1,vi,흐려지다,탁해지다,{工場|こう|じょう}ができてから{川|かわ}の{水|みず}が{濁|にご}りました。,공장이 생기고 나서 강물이 흐려졌어요.,jlpt.n2.vocab.0090.m4a,ref_only:jfs_cando_b2+corpus_freq,draft,선정축: ①B2「自然と環境」 환경 문제에 관한 사설을 읽고 논거를 이해하기 / ②빈도 zipf 3.23 / 내용어 15288위(모집단 80726); Tanos교차: N2 일치
jlpt.n2.vocab.0091,N2,論文,ろんぶん,{論文|ろん|ぶん},롬분,noun,-,-,논문,-,{専門|せん|もん}{分野|ぶん|や}の{論文|ろん|ぶん}を{読|よ}んで{研究|けん|きゅう}{方法|ほう|ほう}を{調|しら}べました。,전문 분야 논문을 읽고 연구 방법을 알아봤어요.,jlpt.n2.vocab.0091.m4a,ref_only:jfs_cando_b2+corpus_freq,draft,선정축: ①B2「学校と教育」 전문 분야 잡지의 논문을 읽고 연구 목적·방법·결과를 이해하기 / ②빈도 zipf 4.35 / 내용어 2574위(모집단 80726); Tanos교차: N3 분류 — 우리 N3 400 미수록 잔여분을 N2로 흡수
jlpt.n2.vocab.0092,N2,文献,ぶんけん,{文献|ぶん|けん},붕켄,noun,-,-,문헌,-,レポートのためにいくつかの{文献|ぶん|けん}に{目|め}を{通|とお}しました。,리포트를 위해 몇 가지 문헌을 훑어봤어요.,jlpt.n2.vocab.0092.m4a,ref_only:jfs_cando_b2+corpus_freq,draft,선정축: ①B2「学校と教育」 여러 문헌을 훑어보고 필요한 정보를 찾아내기 / ②빈도 zipf 3.75 / 내용어 7310위(모집단 80726); Tanos교차: N2 일치
jlpt.n2.vocab.0093,N2,引用,いんよう,{引用|いん|よう},인요오,noun,suru_noun,vt,인용,-,{他人|た|にん}の{文章|ぶん|しょう}を{引用|いん|よう}するときは{出典|しゅっ|てん}を{書|か}きます。,다른 사람의 글을 인용할 때는 출처를 적어요.,jlpt.n2.vocab.0093.m4a,ref_only:jfs_cando_b2+corpus_freq,draft,선정축: ①B2「学校と教育」 리포트나 논문 집필을 위해 참고 자료를 찾기 / ②빈도 zipf 4.40 / 내용어 2331위(모집단 80726); Tanos교차: N3 분류 — 우리 N3 400 미수록 잔여분을 N2로 흡수
jlpt.n2.vocab.0094,N2,出典,しゅってん,{出典|しゅっ|てん},슛텐,noun,-,-,출처,전거,この{数字|すう|じ}の{出典|しゅっ|てん}が{書|か}かれていません。,이 숫자의 출처가 적혀 있지 않아요.,jlpt.n2.vocab.0094.m4a,ref_only:jfs_cando_b2+corpus_freq,draft,선정축: ①B2「学校と教育」 참고 자료로 읽을 가치가 있는지 판단하기 / ②빈도 zipf 4.21 / 내용어 3348위(모집단 80726); Tanos교차: 전급수 목록밖 — Tanos(구시험 어휘)에 없는 현대어로 판단
jlpt.n2.vocab.0095,N2,単位,たんい,{単位|たん|い},탄이,noun,-,-,학점,단위,{必修|ひっ|しゅう}{科目|か|もく}の{単位|たん|い}が{足|た}りませんでした。,필수 과목 학점이 모자랐어요.,jlpt.n2.vocab.0095.m4a,ref_only:jfs_cando_b2+corpus_freq,draft,선정축: ①B2「学校と教育」 학점 인정을 받을 수 있도록 창구에서 교섭하기 / ②빈도 zipf 4.62 / 내용어 1374위(모집단 80726); Tanos교차: N3 분류 — 우리 N3 400 미수록 잔여분을 N2로 흡수
jlpt.n2.vocab.0096,N2,認定,にんてい,{認定|にん|てい},닌테에,noun,suru_noun,vt,인정,인증,{別|べつ}の{方法|ほう|ほう}での{単位|たん|い}{認定|にん|てい}をお{願|ねが}いしました。,다른 방법으로의 학점 인정을 부탁했어요.,jlpt.n2.vocab.0096.m4a,ref_only:jfs_cando_b2+corpus_freq,draft,선정축: ①B2「学校と教育」 사정을 설명하고 다른 방법의 학점 인정을 교섭하기 / ②빈도 zipf 4.63 / 내용어 1355위(모집단 80726); Tanos교차: 전급수 목록밖 — Tanos(구시험 어휘)에 없는 현대어로 판단
jlpt.n2.vocab.0097,N2,面談,めんだん,{面談|めん|だん},멘단,noun,suru_noun,vi,면담,-,{担任|たん|にん}の{先生|せん|せい}との{面談|めん|だん}が{来週|らい|しゅう}あります。,담임 선생님과의 면담이 다음 주에 있어요.,jlpt.n2.vocab.0097.m4a,ref_only:jfs_cando_b2+corpus_freq,draft,선정축: ①B2「学校と教育」 삼자 면담에서 담임의 설명을 이해하고 희망을 전하기 / ②빈도 zipf 3.63 / 내용어 8814위(모집단 80726); Tanos교차: 전급수 목록밖 — Tanos(구시험 어휘)에 없는 현대어로 판단
jlpt.n2.vocab.0098,N2,進路,しんろ,{進路|しん|ろ},신로,noun,-,-,진로,나아갈 길,{子|こ}どもの{進路|しん|ろ}について{担任|たん|にん}と{話|はな}し{合|あ}いました。,아이의 진로에 대해 담임과 이야기를 나눴어요.,jlpt.n2.vocab.0098.m4a,ref_only:jfs_cando_b2+corpus_freq,draft,선정축: ①B2「学校と教育」 자녀의 생활 태도·성적·진로에 관한 설명을 이해하기 / ②빈도 zipf 3.97 / 내용어 5179위(모집단 80726); Tanos교차: N1 분류(구시험 기준) — 선정축 판단을 우선해 N2 유지
jlpt.n2.vocab.0099,N2,教材,きょうざい,{教材|きょう|ざい},쿄오자이,noun,-,-,교재,-,{授業|じゅ|ぎょう}で{使|つか}う{教材|きょう|ざい}を{自分|じ|ぶん}で{作|つく}りました。,수업에서 쓸 교재를 직접 만들었어요.,jlpt.n2.vocab.0099.m4a,ref_only:jfs_cando_b2+corpus_freq,draft,선정축: ①B2「学校と教育」 교재 제작 경험을 가치관과 함께 명확하게 말하기 / ②빈도 zipf 3.84 / 내용어 6347위(모집단 80726); Tanos교차: N1 분류(구시험 기준) — 선정축 판단을 우선해 N2 유지
jlpt.n2.vocab.0100,N2,研修,けんしゅう,{研修|けん|しゅう},켄슈우,noun,suru_noun,vi,연수,-,{来月|らい|げつ}の{教師|きょう|し}{研修|けん|しゅう}で{発言|はつ|げん}することになりました。,다음 달 교사 연수에서 발언하게 됐어요.,jlpt.n2.vocab.0100.m4a,ref_only:jfs_cando_b2+corpus_freq,draft,선정축: ①B2「学校と教育」 교사 연수 워크숍에서 자기 경험을 상세히 이야기하기 / ②빈도 zipf 4.30 / 내용어 2838위(모집단 80726); Tanos교차: N2 일치
jlpt.n2.vocab.0101,N2,演習,えんしゅう,{演習|えん|しゅう},엔슈우,noun,suru_noun,vi,연습,세미나 수업,{今学期|こん|がっ|き}は{演習|えん|しゅう}の{授業|じゅ|ぎょう}を{三|みっ}つ{取|と}っています。,이번 학기는 세미나 수업을 세 개 듣고 있어요.,jlpt.n2.vocab.0101.m4a,ref_only:jfs_cando_b2+corpus_freq,draft,선정축: ①B2「学校と教育」 학교와 교육에 관한 상세한 정보를 주고받기 / ②빈도 zipf 3.92 / 내용어 5601위(모집단 80726); Tanos교차: N1 분류(구시험 기준) — 선정축 판단을 우선해 N2 유지
jlpt.n2.vocab.0102,N2,学会,がっかい,{学会|がっ|かい},각카이,noun,-,-,학회,-,{所属|しょ|ぞく}している{学会|がっ|かい}の{研究会|けん|きゅう|かい}に{参加|さん|か}しました。,소속된 학회 연구회에 참가했어요.,jlpt.n2.vocab.0102.m4a,ref_only:jfs_cando_b2+corpus_freq,draft,선정축: ①B2「学校と教育」 학회 연구회의 강연이나 발표를 듣고 요점을 이해하기 / ②빈도 zipf 4.29 / 내용어 2876위(모집단 80726); Tanos교차: N2 일치
jlpt.n2.vocab.0103,N2,講演,こうえん,{講演|こう|えん},코오엔,noun,suru_noun,vi,강연,-,スライドを{見|み}ながら{講演|こう|えん}を{聞|き}いて{要点|よう|てん}をまとめました。,슬라이드를 보면서 강연을 듣고 요점을 정리했어요.,jlpt.n2.vocab.0103.m4a,ref_only:jfs_cando_b2+corpus_freq,draft,선정축: ①B2「学校と教育」 강연이나 발표를 듣고 요점을 이해하기 / ②빈도 zipf 4.20 / 내용어 3441위(모집단 80726); Tanos교차: N3 분류 — 우리 N3 400 미수록 잔여분을 N2로 흡수
jlpt.n2.vocab.0104,N2,分野,ぶんや,{分野|ぶん|や},분야,noun,-,-,분야,영역,{自分|じ|ぶん}の{分野|ぶん|や}の{研究|けん|きゅう}なら{細|こま}かい{話|はなし}も{分|わ}かります。,제 분야 연구라면 세세한 이야기도 이해할 수 있어요.,jlpt.n2.vocab.0104.m4a,ref_only:jfs_cando_b2+corpus_freq,draft,선정축: ①B2「学校と教育」 자기 전문 분야의 논문을 읽고 이해하기 / ②빈도 zipf 4.64 / 내용어 1316위(모집단 80726); Tanos교차: N3 분류 — 우리 N3 400 미수록 잔여분을 N2로 흡수
jlpt.n2.vocab.0105,N2,専攻,せんこう,{専攻|せん|こう},셍코오,noun,suru_noun,vt,전공,-,{大学|だい|がく}では{言語学|げん|ご|がく}を{専攻|せん|こう}していました。,대학에서는 언어학을 전공했었어요.,jlpt.n2.vocab.0105.m4a,ref_only:jfs_cando_b2+corpus_freq,draft,선정축: ①B2「学校と教育」 학교와 교육에 관한 자기 경험을 상세히 말하기 / ②빈도 zipf 3.87 / 내용어 6050위(모집단 80726); Tanos교차: N3 분류 — 우리 N3 400 미수록 잔여분을 N2로 흡수
jlpt.n2.vocab.0106,N2,講師,こうし,{講師|こう|し},코오시,noun,-,-,강사,-,{今回|こん|かい}の{研修|けん|しゅう}の{講師|こう|し}は{有名|ゆう|めい}な{先生|せん|せい}でした。,이번 연수 강사는 유명한 선생님이었어요.,jlpt.n2.vocab.0106.m4a,ref_only:jfs_cando_b2+corpus_freq,draft,선정축: ①B2「学校と教育」 연수 워크숍에서 자기 경험을 명확하게 이야기하기 / ②빈도 zipf 4.37 / 내용어 2480위(모집단 80726); Tanos교차: N2 일치
jlpt.n2.vocab.0107,N2,履修,りしゅう,{履修|り|しゅう},리슈우,noun,suru_noun,vt,이수,수강,{今年|こ|とし}は{三|みっ}つの{科目|か|もく}を{履修|り|しゅう}する{予定|よ|てい}です。,올해는 세 과목을 이수할 예정이에요.,jlpt.n2.vocab.0107.m4a,ref_only:jfs_cando_b2+corpus_freq,draft,선정축: ①B2「学校と教育」 학점과 이수에 관해 창구에서 상담하기 / ②빈도 zipf 3.48 / 내용어 10874위(모집단 80726); Tanos교차: 전급수 목록밖 — Tanos(구시험 어휘)에 없는 현대어로 판단
jlpt.n2.vocab.0108,N2,締め切り,しめきり,{締|し}め{切|き}り,시메키리,noun,-,-,마감,기한,レポートの{締|し}め{切|き}りが{今週|こん|しゅう}の{金曜日|きん|よう|び}です。,리포트 마감이 이번 주 금요일이에요.,jlpt.n2.vocab.0108.m4a,ref_only:jfs_cando_b2+corpus_freq,draft,선정축: ①B2「学校と教育」 리포트 집필을 위해 필요한 정보를 찾아내기 / ②빈도 zipf 3.87 / 내용어 6094위(모집단 80726); Tanos교차: N1 분류(구시험 기준) — 선정축 판단을 우선해 N2 유지
jlpt.n2.vocab.0109,N2,成果,せいか,{成果|せい|か},세에카,noun,-,-,성과,결실,{一年間|いち|ねん|かん}の{研究|けん|きゅう}の{成果|せい|か}を{発表|はっ|ぴょう}しました。,일 년간의 연구 성과를 발표했어요.,jlpt.n2.vocab.0109.m4a,ref_only:jfs_cando_b2+corpus_freq,draft,선정축: ①B2「学校と教育」 연구 내용을 데이터와 함께 명확하고 상세하게 설명하기 / ②빈도 zipf 4.43 / 내용어 2166위(모집단 80726); Tanos교차: N1 분류(구시험 기준) — 선정축 판단을 우선해 N2 유지
jlpt.n2.vocab.0110,N2,目的,もくてき,{目的|もく|てき},모쿠테키,noun,-,-,목적,-,この{調査|ちょう|さ}の{目的|もく|てき}をはじめに{説明|せつ|めい}します。,이 조사의 목적을 먼저 설명하겠습니다.,jlpt.n2.vocab.0110.m4a,ref_only:jfs_cando_b2+corpus_freq,draft,선정축: ①B2「学校と教育」 논문을 읽고 연구 목적·방법·결과를 이해하기 / ②빈도 zipf 5.18 / 내용어 272위(모집단 80726); Tanos교차: N3 분류 — 우리 N3 400 미수록 잔여분을 N2로 흡수
jlpt.n2.vocab.0111,N2,考察,こうさつ,{考察|こう|さつ},코오사츠,noun,suru_noun,vt,고찰,-,{分析|ぶん|せき}と{考察|こう|さつ}を{含|ふく}めた{報告書|ほう|こく|しょ}を{書|か}きました。,분석과 고찰을 포함한 보고서를 썼어요.,jlpt.n2.vocab.0111.m4a,ref_only:jfs_cando_b2+corpus_freq,draft,선정축: ①B2「学校と教育」 분석과 고찰을 포함한 명쾌한 보고서를 쓰기 / ②빈도 zipf 4.07 / 내용어 4304위(모집단 80726); Tanos교차: 전급수 목록밖 — Tanos(구시험 어휘)에 없는 현대어로 판단
jlpt.n2.vocab.0112,N2,励む,はげむ,{励|はげ}む,하게무,verb,g1,vi,힘쓰다,열심히 하다,{卒業|そつ|ぎょう}{論文|ろん|ぶん}のために{毎日|まい|にち}{調査|ちょう|さ}に{励|はげ}んでいます。,졸업 논문을 위해 매일 조사에 힘쓰고 있어요.,jlpt.n2.vocab.0112.m4a,ref_only:jfs_cando_b2+corpus_freq,draft,선정축: ①B2「学校と教育」 자기 학습 경험을 명확하고 상세하게 말하기 / ②빈도 zipf 3.59 / 내용어 9384위(모집단 80726); Tanos교차: N1 분류(구시험 기준) — 선정축 판단을 우선해 N2 유지
jlpt.n2.vocab.0113,N2,受かる,うかる,{受|う}かる,우카루,verb,g1,vi,합격하다,붙다,{何度|なん|ど}も{挑|いど}んでやっと{試験|し|けん}に{受|う}かりました。,몇 번이나 도전해서 겨우 시험에 합격했어요.,jlpt.n2.vocab.0113.m4a,ref_only:jfs_cando_b2+corpus_freq,draft,선정축: ①B2「学校と教育」 학교 생활의 경험을 순서 있게 이야기하기 / ②빈도 zipf 3.64 / 내용어 8719위(모집단 80726); Tanos교차: N1 분류(구시험 기준) — 선정축 판단을 우선해 N2 유지
jlpt.n2.vocab.0114,N2,挑む,いどむ,{挑|いど}む,이도무,verb,g1,vi_vt,도전하다,맞서다,{難|むずか}しい{課題|か|だい}にも{進|すす}んで{挑|いど}む{学生|がく|せい}です。,어려운 과제에도 앞장서서 도전하는 학생이에요.,jlpt.n2.vocab.0114.m4a,ref_only:jfs_cando_b2+corpus_freq,draft,선정축: ①B2「学校と教育」 자기 경험을 가치관과 함께 상세히 말하기 / ②빈도 zipf 4.16 / 내용어 3737위(모집단 80726); Tanos교차: N1 분류(구시험 기준) — 선정축 판단을 우선해 N2 유지
jlpt.n2.vocab.0115,N2,積む,つむ,{積|つ}む,츠무,verb,g1,vt,쌓다,(경험을) 쌓다;싣다,{現場|げん|ば}で{経験|けい|けん}を{積|つ}んでから{研究|けん|きゅう}を{始|はじ}めました。,현장에서 경험을 쌓은 뒤에 연구를 시작했어요.,jlpt.n2.vocab.0115.m4a,ref_only:jfs_cando_b2+corpus_freq,draft,선정축: ①B2「学校と教育」 지금까지 해 온 경험에 대해 상세히 말하기 / ②빈도 zipf 4.28 / 내용어 2958위(모집단 80726); Tanos교차: N2 일치
jlpt.n2.vocab.0116,N2,乏しい,とぼしい,{乏|とぼ}しい,토보시이,i_adj,i_adj,-,부족하다,모자라다;빈약하다,この{分野|ぶん|や}はまだ{資料|し|りょう}が{乏|とぼ}しいのが{問題|もん|だい}です。,이 분야는 아직 자료가 부족한 게 문제예요.,jlpt.n2.vocab.0116.m4a,ref_only:jfs_cando_b2+corpus_freq,draft,선정축: ①B2「学校と教育」 참고 자료로 읽을 가치가 있는지 판단하기 / ②빈도 zipf 3.73 / 내용어 7592위(모집단 80726); Tanos교차: N1 분류(구시험 기준) — 선정축 판단을 우선해 N2 유지
jlpt.n2.vocab.0117,N2,解釈,かいしゃく,{解釈|かい|しゃく},카이샤쿠,noun,suru_noun,vt,해석,풀이,{同|おな}じ{行動|こう|どう}でも{国|くに}によって{解釈|かい|しゃく}が{違|ちが}います。,같은 행동이라도 나라에 따라 해석이 달라요.,jlpt.n2.vocab.0117.m4a,ref_only:jfs_cando_b2+corpus_freq,draft,선정축: ①B2「言語と文化」 이문화 체험을 자기 해석을 곁들여 정확히 전달하기 / ②빈도 zipf 4.41 / 내용어 2287위(모집단 80726); Tanos교차: N3 분류 — 우리 N3 400 미수록 잔여분을 N2로 흡수
jlpt.n2.vocab.0118,N2,異文化,いぶんか,{異|い}{文化|ぶん|か},이붕카,noun,-,-,이문화,다른 문화,{異|い}{文化|ぶん|か}{体験|たい|けん}について{自分|じ|ぶん}の{考|かんが}えを{話|はな}しました。,이문화 체험에 대해 제 생각을 이야기했어요.,jlpt.n2.vocab.0118.m4a,ref_only:jfs_cando_b2+corpus_freq,draft,선정축: ①B2「言語と文化」 이문화 체험에 대해 자기 해석을 섞어 상세히 전달하기 / ②빈도 zipf 4.42 / 순위표 밖; Tanos교차: 전급수 목록밖 — Tanos(구시험 어휘)에 없는 현대어로 판단
jlpt.n2.vocab.0119,N2,感覚,かんかく,{感覚|かん|かく},캉카쿠,noun,-,-,감각,느낌,{時間|じ|かん}の{感覚|かん|かく}が{国|くに}によって{違|ちが}うのは{面白|おも|しろ}いです。,시간 감각이 나라마다 다른 건 흥미로워요.,jlpt.n2.vocab.0119.m4a,ref_only:jfs_cando_b2+corpus_freq,draft,선정축: ①B2「言語と文化」 시간 감각의 차이에 대해 논거를 들어 생각을 말하기 / ②빈도 zipf 4.80 / 내용어 850위(모집단 80726); Tanos교차: N3 분류 — 우리 N3 400 미수록 잔여분을 N2로 흡수
jlpt.n2.vocab.0120,N2,議題,ぎだい,{議題|ぎ|だい},기다이,noun,-,-,의제,안건,{今回|こん|かい}の{議題|ぎ|だい}は{三|みっ}つありました。,이번 의제는 세 가지 있었어요.,jlpt.n2.vocab.0120.m4a,ref_only:jfs_cando_b2+corpus_freq,draft,선정축: ①B2「言語と文化」 어떤 의제를 논의했는지 결석한 위원에게 정확히 전달하기 / ②빈도 zipf 3.35 / 내용어 13028위(모집단 80726); Tanos교차: N1 분류(구시험 기준) — 선정축 판단을 우선해 N2 유지
jlpt.n2.vocab.0121,N2,保留,ほりゅう,{保留|ほ|りゅう},호류우,noun,suru_noun,vt,보류,-,{予算|よ|さん}の{話|はなし}は{次回|じ|かい}まで{保留|ほ|りゅう}になりました。,예산 이야기는 다음 회까지 보류됐어요.,jlpt.n2.vocab.0121.m4a,ref_only:jfs_cando_b2+corpus_freq,draft,선정축: ①B2「言語と文化」 어떤 점이 보류되었는지 상세한 정보를 정확히 전달하기 / ②빈도 zipf 3.73 / 내용어 7520위(모집단 80726); Tanos교차: 전급수 목록밖 — Tanos(구시험 어휘)에 없는 현대어로 판단
jlpt.n2.vocab.0122,N2,外来語,がいらいご,{外来|がい|らい}{語|ご},가이라이고,noun,-,-,외래어,-,{日本語|に|ほん|ご}には{外来|がい|らい}{語|ご}がとても{多|おお}いです。,일본어에는 외래어가 아주 많아요.,jlpt.n2.vocab.0122.m4a,ref_only:jfs_cando_b2+corpus_freq,draft,선정축: ①B2「言語と文化」 언어와 문화에 관한 자기 해석을 전달하기 / ②빈도 zipf 3.84 / 순위표 밖; Tanos교차: 전급수 목록밖 — Tanos(구시험 어휘)에 없는 현대어로 판단
jlpt.n2.vocab.0123,N2,語彙,ごい,{語彙|ご|い},고이,noun,-,-,어휘,-,{新聞|しん|ぶん}を{読|よ}むには{語彙|ご|い}がまだ{足|た}りません。,신문을 읽기에는 어휘가 아직 부족해요.,jlpt.n2.vocab.0123.m4a,ref_only:jfs_cando_b2+corpus_freq,draft,선정축: ①B2「言語と文化」 언어 학습 경험에 대한 질문에 상세히 답하기 / ②빈도 zipf 3.76 / 내용어 7230위(모집단 80726); Tanos교차: N1 분류(구시험 기준) — 선정축 판단을 우선해 N2 유지
jlpt.n2.vocab.0124,N2,儀式,ぎしき,{儀式|ぎ|しき},기시키,noun,-,-,의식,예식,この{地方|ち|ほう}には{昔|むかし}からの{儀式|ぎ|しき}が{残|のこ}っています。,이 지방에는 옛날부터의 의식이 남아 있어요.,jlpt.n2.vocab.0124.m4a,ref_only:jfs_cando_b2+corpus_freq,draft,선정축: ①B2「言語と文化」 문화의 차이에 대해 자기 해석을 섞어 이야기하기 / ②빈도 zipf 4.10 / 내용어 4098위(모집단 80726); Tanos교차: N2 일치
jlpt.n2.vocab.0125,N2,価値観,かちかん,{価値|か|ち}{観|かん},카치칸,noun,-,-,가치관,-,{価値|か|ち}{観|かん}の{違|ちが}いを{認|みと}めることから{始|はじ}めましょう。,가치관의 차이를 인정하는 것부터 시작합시다.,jlpt.n2.vocab.0125.m4a,ref_only:jfs_cando_b2+corpus_freq,draft,선정축: ①B2「言語と文化」 자신의 가치관도 포함해 명확하고 상세하게 말하기 / ②빈도 zipf 4.71 / 순위표 밖; Tanos교차: 전급수 목록밖 — Tanos(구시험 어휘)에 없는 현대어로 판단
jlpt.n2.vocab.0126,N2,言い換える,いいかえる,{言|い}い{換|か}える,이이카에루,verb,g2,vt,바꿔 말하다,달리 표현하다,{難|むずか}しい{言葉|こと|ば}をやさしく{言|い}い{換|か}えて{説明|せつ|めい}しました。,어려운 말을 쉽게 바꿔 말해서 설명했어요.,jlpt.n2.vocab.0126.m4a,ref_only:jfs_cando_b2+corpus_freq,draft,선정축: ①B2「言語と文化」 언어의 차이에 대해 자기 해석을 곁들여 설명하기 / ②빈도 zipf 3.14 / 내용어 17006위(모집단 80726); Tanos교차: 전급수 목록밖 — Tanos(구시험 어휘)에 없는 현대어로 판단
jlpt.n2.vocab.0127,N2,触れ合う,ふれあう,{触|ふ}れ{合|あ}う,후레아우,verb,g1,vi,서로 접하다,교류하다,{地域|ち|いき}の{行事|ぎょう|じ}で{外国|がい|こく}の{人|ひと}と{触|ふ}れ{合|あ}いました。,지역 행사에서 외국 사람과 교류했어요.,jlpt.n2.vocab.0127.m4a,ref_only:jfs_cando_b2+corpus_freq,draft,선정축: ①B2「言語と文化」 이문화 체험에 대해 주체적으로 이야기를 전개하기 / ②빈도 zipf 3.29 / 내용어 14211위(모집단 80726); Tanos교차: 전급수 목록밖 — Tanos(구시험 어휘)에 없는 현대어로 판단
jlpt.n2.vocab.0128,N2,特有,とくゆう,{特有|とく|ゆう},토쿠유우,na_adj,na_adj,-,특유하다,고유하다,この{地域|ち|いき}{特有|とく|ゆう}の{習|なら}わしが{今|いま}も{残|のこ}っています。,이 지역 특유의 관습이 지금도 남아 있어요.,jlpt.n2.vocab.0128.m4a,ref_only:jfs_cando_b2+corpus_freq,draft,선정축: ①B2「言語と文化」 문화의 특징에 대해 자기 해석을 전달하기 / ②빈도 zipf 4.05 / 내용어 4447위(모집단 80726); Tanos교차: N1 분류(구시험 기준) — 선정축 판단을 우선해 N2 유지
jlpt.n2.vocab.0129,N2,業務,ぎょうむ,{業務|ぎょう|む},교오무,noun,-,-,업무,-,{担当|たん|とう}{業務|ぎょう|む}の{手順|て|じゅん}を{後任|こう|にん}の{人|ひと}に{説明|せつ|めい}しました。,담당 업무 절차를 후임자에게 설명했어요.,jlpt.n2.vocab.0129.m4a,ref_only:jfs_cando_b2+corpus_freq,draft,선정축: ①B2「仕事と職業」 담당 업무의 세세한 절차를 후임자에게 명확히 설명하기 / ②빈도 zipf 4.78 / 내용어 892위(모집단 80726); Tanos교차: N1 분류(구시험 기준) — 선정축 판단을 우선해 N2 유지
jlpt.n2.vocab.0130,N2,取引,とりひき,{取|とり}{引|ひき},토리히키,noun,suru_noun,vi,거래,-,{取|とり}{引|ひき}{先|さき}とのトラブルを{上司|じょう|し}に{報告|ほう|こく}しました。,거래처와의 문제를 상사에게 보고했어요.,jlpt.n2.vocab.0130.m4a,ref_only:jfs_cando_b2+corpus_freq,draft,선정축: ①B2「仕事と職業」 거래처와 문제가 있었을 때 상사에게 정확히 보고하기 / ②빈도 zipf 4.92 / 내용어 638위(모집단 80726); Tanos교차: 전급수 목록밖 — Tanos(구시험 어휘)에 없는 현대어로 판단
jlpt.n2.vocab.0131,N2,企画,きかく,{企画|き|かく},키카쿠,noun,suru_noun,vt,기획,-,{会議|かい|ぎ}で{自分|じ|ぶん}の{企画|き|かく}{案|あん}を{図表|ず|ひょう}とともに{説明|せつ|めい}しました。,회의에서 제 기획안을 도표와 함께 설명했어요.,jlpt.n2.vocab.0131.m4a,ref_only:jfs_cando_b2+corpus_freq,draft,선정축: ①B2「仕事と職業」 기획 회의에서 자기 기획안을 도표와 함께 설명하기 / ②빈도 zipf 5.03 / 내용어 446위(모집단 80726); Tanos교차: N1 분류(구시험 기준) — 선정축 판단을 우선해 N2 유지
jlpt.n2.vocab.0132,N2,製造,せいぞう,{製造|せい|ぞう},세에조오,noun,suru_noun,vt,제조,-,この{工場|こう|じょう}では{食品|しょく|ひん}を{製造|せい|ぞう}しています。,이 공장에서는 식품을 제조하고 있어요.,jlpt.n2.vocab.0132.m4a,ref_only:jfs_cando_b2+corpus_freq,draft,선정축: ①B2「仕事と職業」 자기 회사의 현황과 사업 내용을 명확히 설명하기 / ②빈도 zipf 4.71 / 내용어 1097위(모집단 80726); Tanos교차: N3 분류 — 우리 N3 400 미수록 잔여분을 N2로 흡수
jlpt.n2.vocab.0133,N2,予算,よさん,{予算|よ|さん},요산,noun,-,-,예산,-,{目的|もく|てき}と{予算|よ|さん}を{明|あき}らかにした{起案書|き|あん|しょ}を{書|か}きました。,목적과 예산을 명확히 한 기안서를 썼어요.,jlpt.n2.vocab.0133.m4a,ref_only:jfs_cando_b2+corpus_freq,draft,선정축: ①B2「仕事と職業」 목적과 예산 등 필요성을 명확히 한 기안서를 쓰기 / ②빈도 zipf 4.55 / 내용어 1615위(모집단 80726); Tanos교차: N3 분류 — 우리 N3 400 미수록 잔여분을 N2로 흡수
jlpt.n2.vocab.0134,N2,人材,じんざい,{人材|じん|ざい},진자이,noun,-,-,인재,-,この{仕事|し|ごと}に{合|あ}う{人材|じん|ざい}をずっと{探|さが}しています。,이 일에 맞는 인재를 계속 찾고 있어요.,jlpt.n2.vocab.0134.m4a,ref_only:jfs_cando_b2+corpus_freq,draft,선정축: ①B2「仕事と職業」 인재 모집을 위한 회사 설명회에서 상세히 설명하기 / ②빈도 zipf 4.35 / 내용어 2556위(모집단 80726); Tanos교차: N1 분류(구시험 기준) — 선정축 판단을 우선해 N2 유지
jlpt.n2.vocab.0135,N2,募集,ぼしゅう,{募集|ぼ|しゅう},보슈우,noun,suru_noun,vt,모집,-,{募集|ぼ|しゅう}{内容|ない|よう}について{参加者|さん|か|しゃ}からの{質問|しつ|もん}に{答|こた}えました。,모집 내용에 대해 참가자의 질문에 답했어요.,jlpt.n2.vocab.0135.m4a,ref_only:jfs_cando_b2+corpus_freq,draft,선정축: ①B2「仕事と職業」 모집 내용을 설명하고 질문에 적확히 대응하기 / ②빈도 zipf 4.78 / 내용어 887위(모집단 80726); Tanos교차: N2 일치
jlpt.n2.vocab.0136,N2,職歴,しょくれき,{職歴|しょく|れき},쇼쿠레키,noun,-,-,경력,직력,{歓迎会|かん|げい|かい}でこれまでの{職歴|しょく|れき}について{聞|き}かれました。,환영회에서 지금까지의 경력에 대해 질문받았어요.,jlpt.n2.vocab.0136.m4a,ref_only:jfs_cando_b2+corpus_freq,draft,선정축: ①B2「仕事と職業」 환영회에서 직력·특기·경험에 관한 질문에 답하기 / ②빈도 zipf 3.11 / 내용어 17563위(모집단 80726); Tanos교차: 전급수 목록밖 — Tanos(구시험 어휘)에 없는 현대어로 판단
jlpt.n2.vocab.0137,N2,分担,ぶんたん,{分担|ぶん|たん},분탄,noun,suru_noun,vt,분담,-,{作業|さ|ぎょう}{手順|て|じゅん}と{分担|ぶん|たん}{方法|ほう|ほう}を{比|くら}べてみました。,작업 절차와 분담 방법을 비교해 봤어요.,jlpt.n2.vocab.0137.m4a,ref_only:jfs_cando_b2+corpus_freq,draft,선정축: ①B2「仕事と職業」 작업 절차와 분담 방법을 비교해 이해득실을 말하기 / ②빈도 zipf 3.64 / 내용어 8636위(모집단 80726); Tanos교차: N1 분류(구시험 기준) — 선정축 판단을 우선해 N2 유지
jlpt.n2.vocab.0138,N2,説得,せっとく,{説得|せっ|とく},셋토쿠,noun,suru_noun,vt,설득,-,{協力|きょう|りょく}してもらえるよう{時間|じ|かん}をかけて{説得|せっ|とく}しました。,협력해 달라고 시간을 들여 설득했어요.,jlpt.n2.vocab.0138.m4a,ref_only:jfs_cando_b2+corpus_freq,draft,선정축: ①B2「仕事と職業」 협력하도록 여러 사람을 설득하기 / ②빈도 zipf 4.37 / 내용어 2479위(모집단 80726); Tanos교차: N1 분류(구시험 기준) — 선정축 판단을 우선해 N2 유지
jlpt.n2.vocab.0139,N2,効率,こうりつ,{効率|こう|りつ},코오리츠,noun,-,-,효율,능률,この{手順|て|じゅん}にすると{効率|こう|りつ}がぐっと{上|あ}がります。,이 절차로 하면 효율이 크게 올라가요.,jlpt.n2.vocab.0139.m4a,ref_only:jfs_cando_b2+corpus_freq,draft,선정축: ①B2「仕事と職業」 손쉽게 처리하는 요령과 주의점을 명확히 설명하기 / ②빈도 zipf 4.51 / 내용어 1807위(모집단 80726); Tanos교차: N1 분류(구시험 기준) — 선정축 판단을 우선해 N2 유지
jlpt.n2.vocab.0140,N2,実績,じっせき,{実績|じっ|せき},짓세키,noun,-,-,실적,-,これまでの{実績|じっ|せき}を{具体的|ぐ|たい|てき}に{書|か}いてください。,지금까지의 실적을 구체적으로 적어 주세요.,jlpt.n2.vocab.0140.m4a,ref_only:jfs_cando_b2+corpus_freq,draft,선정축: ①B2「仕事と職業」 자기가 회사에 어떻게 공헌할 수 있는지 근거와 함께 쓰기 / ②빈도 zipf 4.44 / 내용어 2113위(모집단 80726); Tanos교차: N2 일치
jlpt.n2.vocab.0141,N2,昇進,しょうしん,{昇進|しょう|しん},쇼오신,noun,suru_noun,vi,승진,-,{同僚|どう|りょう}の{昇進|しょう|しん}を{皆|みんな}でお{祝|いわ}いしました。,동료의 승진을 다 같이 축하했어요.,jlpt.n2.vocab.0141.m4a,ref_only:jfs_cando_b2+corpus_freq,draft,선정축: ①B2「仕事と職業」 직장의 화제에 대해 긴 대화에 참여하기 / ②빈도 zipf 3.96 / 내용어 5231위(모집단 80726); Tanos교차: N1 분류(구시험 기준) — 선정축 판단을 우선해 N2 유지
jlpt.n2.vocab.0142,N2,給与,きゅうよ,{給与|きゅう|よ},큐우요,noun,-,-,급여,보수,{給与|きゅう|よ}の{条件|じょう|けん}について{担当者|たん|とう|しゃ}に{確|たし}かめました。,급여 조건에 대해 담당자에게 확인했어요.,jlpt.n2.vocab.0142.m4a,ref_only:jfs_cando_b2+corpus_freq,draft,선정축: ①B2「仕事と職業」 알고 싶은 점을 질문하고 답을 받아 정보를 확인하기 / ②빈도 zipf 4.04 / 내용어 4548위(모집단 80726); Tanos교차: N2 일치
jlpt.n2.vocab.0143,N2,休暇,きゅうか,{休暇|きゅう|か},큐우카,noun,-,-,휴가,-,{男性|だん|せい}{社員|しゃ|いん}の{育児|いく|じ}{休暇|きゅう|か}が{話題|わ|だい}になっています。,남성 사원의 육아 휴가가 화제가 되고 있어요.,jlpt.n2.vocab.0143.m4a,ref_only:jfs_cando_b2+corpus_freq,draft,선정축: ①B2「仕事と職業」 사회 제도를 도입한 기업의 사고방식과 논거를 이해하기 / ②빈도 zipf 4.14 / 내용어 3832위(모집단 80726); Tanos교차: N3 분류 — 우리 N3 400 미수록 잔여분을 N2로 흡수
jlpt.n2.vocab.0144,N2,勤務,きんむ,{勤務|きん|む},킴무,noun,suru_noun,vi,근무,-,フレックス{勤務|きん|む}の{是非|ぜ|ひ}について{活発|かっ|ぱつ}に{話|はな}し{合|あ}いました。,플렉스 근무의 옳고 그름에 대해 활발하게 논의했어요.,jlpt.n2.vocab.0144.m4a,ref_only:jfs_cando_b2+corpus_freq,draft,선정축: ①B2「仕事と職業」 근무 제도의 시비에 대해 근거를 들어 논의하기 / ②빈도 zipf 4.54 / 내용어 1659위(모집단 80726); Tanos교차: N1 분류(구시험 기준) — 선정축 판단을 우선해 N2 유지
jlpt.n2.vocab.0145,N2,部署,ぶしょ,{部署|ぶ|しょ},부쇼,noun,-,-,부서,-,{異動|い|どう}{先|さき}の{部署|ぶ|しょ}で{手順|て|じゅん}の{説明|せつ|めい}を{受|う}けました。,이동한 부서에서 절차 설명을 받았어요.,jlpt.n2.vocab.0145.m4a,ref_only:jfs_cando_b2+corpus_freq,draft,선정축: ①B2「仕事と職業」 이동한 부서에서 업무 절차와 주의점 설명을 듣고 이해하기 / ②빈도 zipf 3.94 / 내용어 5448위(모집단 80726); Tanos교차: 전급수 목록밖 — Tanos(구시험 어휘)에 없는 현대어로 판단
jlpt.n2.vocab.0146,N2,異動,いどう,{異動|い|どう},이도오,noun,suru_noun,vi,인사이동,-,{来月|らい|げつ}の{異動|い|どう}で{別|べつ}の{部署|ぶ|しょ}に{移|うつ}ります。,다음 달 인사이동으로 다른 부서로 옮겨요.,jlpt.n2.vocab.0146.m4a,ref_only:jfs_cando_b2+corpus_freq,draft,선정축: ①B2「仕事と職業」 업무 인계를 하며 상세한 정보를 설명하기 / ②빈도 zipf 3.68 / 내용어 8125위(모집단 80726); Tanos교차: N1 분류(구시험 기준) — 선정축 판단을 우선해 N2 유지
jlpt.n2.vocab.0147,N2,派遣,はけん,{派遣|は|けん},하켄,noun,suru_noun,vt,파견,-,{海外|かい|がい}の{支店|し|てん}に{派遣|は|けん}されることになりました。,해외 지점에 파견되게 됐어요.,jlpt.n2.vocab.0147.m4a,ref_only:jfs_cando_b2+corpus_freq,draft,선정축: ①B2「仕事と職業」 직장의 화제에 대해 상세한 정보를 주고받기 / ②빈도 zipf 4.69 / 내용어 1145위(모집단 80726); Tanos교차: N1 분류(구시험 기준) — 선정축 판단을 우선해 N2 유지
jlpt.n2.vocab.0148,N2,採用,さいよう,{採用|さい|よう},사이요오,noun,suru_noun,vt,채용,(안을) 받아들임,{今年|こ|とし}は{十人|じゅう|にん}の{採用|さい|よう}を{予定|よ|てい}しています。,올해는 열 명 채용을 예정하고 있어요.,jlpt.n2.vocab.0148.m4a,ref_only:jfs_cando_b2+corpus_freq,draft,선정축: ①B2「仕事と職業」 학생의 인품과 능력에 관한 정보를 기업 담당자에게 설명하기 / ②빈도 zipf 4.88 / 내용어 705위(모집단 80726); Tanos교차: N1 분류(구시험 기준) — 선정축 판단을 우선해 N2 유지
jlpt.n2.vocab.0149,N2,定年,ていねん,{定年|てい|ねん},테에넨,noun,-,-,정년,-,{父|ちち}は{来年|らい|ねん}{定年|てい|ねん}を{迎|むか}えます。,아버지는 내년에 정년을 맞이해요.,jlpt.n2.vocab.0149.m4a,ref_only:jfs_cando_b2+corpus_freq,draft,선정축: ①B2「仕事と職業」 일과 직업에 관한 여러 화제로 긴 대화에 참여하기 / ②빈도 zipf 3.81 / 내용어 6650위(모집단 80726); Tanos교차: N1 분류(구시험 기준) — 선정축 판단을 우선해 N2 유지
jlpt.n2.vocab.0150,N2,職種,しょくしゅ,{職種|しょく|しゅ},쇼쿠슈,noun,-,-,직종,-,{同|おな}じ{会社|かい|しゃ}でも{職種|しょく|しゅ}によって{仕事|し|ごと}が{全然|ぜん|ぜん}{違|ちが}います。,같은 회사라도 직종에 따라 일이 전혀 달라요.,jlpt.n2.vocab.0150.m4a,ref_only:jfs_cando_b2+corpus_freq,draft,선정축: ①B2「仕事と職業」 회사의 현황과 모집 내용을 명확하고 상세하게 설명하기 / ②빈도 zipf 3.57 / 내용어 9597위(모집단 80726); Tanos교차: 전급수 목록밖 — Tanos(구시험 어휘)에 없는 현대어로 판단
jlpt.n2.vocab.0151,N2,業界,ぎょうかい,{業界|ぎょう|かい},교오카이,noun,-,-,업계,-,{貿易|ぼう|えき}の{自由化|じ|ゆう|か}が{業界|ぎょう|かい}に{与|あた}える{影響|えい|きょう}は{大|おお}きいです。,무역 자유화가 업계에 주는 영향은 커요.,jlpt.n2.vocab.0151.m4a,ref_only:jfs_cando_b2+corpus_freq,draft,선정축: ①B2「仕事と職業」 사회 문제를 업계에 미치는 영향과 연결해 시점을 말하기 / ②빈도 zipf 4.78 / 내용어 893위(모집단 80726); Tanos교차: 전급수 목록밖 — Tanos(구시험 어휘)에 없는 현대어로 판단
jlpt.n2.vocab.0152,N2,就く,つく,{就|つ}く,츠쿠,verb,g1,vi,취임하다,(자리에) 앉다;종사하다,{兄|あに}は{今年|こ|とし}から{新|あたら}しい{職|しょく}に{就|つ}きました。,형은 올해부터 새 직업에 종사하게 됐어요.,jlpt.n2.vocab.0152.m4a,ref_only:jfs_cando_b2+corpus_freq,draft,선정축: ①B2「仕事と職業」 지금까지의 직력에 대한 질문에 답하기 / ②빈도 zipf 5.40 / 내용어 140위(모집단 80726); Tanos교차: N3 분류 — 우리 N3 400 미수록 잔여분을 N2로 흡수
jlpt.n2.vocab.0153,N2,稼ぐ,かせぐ,{稼|かせ}ぐ,카세구,verb,g1,vt,벌다,(시간을) 벌다,{学生|がく|せい}のころはアルバイトで{学費|がく|ひ}を{稼|かせ}いでいました。,학생 때는 아르바이트로 학비를 벌었어요.,jlpt.n2.vocab.0153.m4a,ref_only:jfs_cando_b2+corpus_freq,draft,선정축: ①B2「仕事と職業」 고생담을 섞어 자기 경험을 이야기하기 / ②빈도 zipf 4.91 / 내용어 660위(모집단 80726); Tanos교차: N3 분류 — 우리 N3 400 미수록 잔여분을 N2로 흡수
jlpt.n2.vocab.0154,N2,携わる,たずさわる,{携|たずさ}わる,타즈사와루,verb,g1,vi,종사하다,관여하다,{十年間|じゅう|ねん|かん}この{仕事|し|ごと}に{携|たずさ}わってきました。,십 년간 이 일에 종사해 왔어요.,jlpt.n2.vocab.0154.m4a,ref_only:jfs_cando_b2+corpus_freq,draft,선정축: ①B2「仕事と職業」 자기 업무 내용에 대해 명확하고 상세하게 설명하기 / ②빈도 zipf 4.03 / 내용어 4659위(모집단 80726); Tanos교차: N1 분류(구시험 기준) — 선정축 판단을 우선해 N2 유지
jlpt.n2.vocab.0155,N2,引き受ける,ひきうける,{引|ひ}き{受|う}ける,히키우케루,verb,g2,vt,떠맡다,책임지고 맡다,{誰|だれ}もやりたがらない{仕事|し|ごと}を{引|ひ}き{受|う}けました。,아무도 하고 싶어 하지 않는 일을 떠맡았어요.,jlpt.n2.vocab.0155.m4a,ref_only:jfs_cando_b2+corpus_freq,draft,선정축: ①B2「仕事と職業」 이벤트 준비에서 작업 분담에 대해 의견을 말하기 / ②빈도 zipf 3.97 / 내용어 5201위(모집단 80726); Tanos교차: 전급수 목록밖 — Tanos(구시험 어휘)에 없는 현대어로 판단
jlpt.n2.vocab.0156,N2,見込む,みこむ,{見|み}{込|こ}む,미코무,verb,g1,vt,예상하다,기대를 걸다,{当日|とう|じつ}の{状況|じょう|きょう}を{見|み}{込|こ}んで{手順|て|じゅん}を{決|き}めました。,당일 상황을 예상해서 절차를 정했어요.,jlpt.n2.vocab.0156.m4a,ref_only:jfs_cando_b2+corpus_freq,draft,선정축: ①B2「仕事と職業」 당일 상황을 예측하며 작업 절차를 비교하기 / ②빈도 zipf 3.87 / 내용어 6105위(모집단 80726); Tanos교차: 전급수 목록밖 — Tanos(구시험 어휘)에 없는 현대어로 판단
jlpt.n2.vocab.0157,N2,有能,ゆうのう,{有能|ゆう|のう},유우노오,na_adj,na_adj,-,유능하다,-,{彼|かれ}はとても{有能|ゆう|のう}で{周|まわ}りからの{信用|しん|よう}も{厚|あつ}いです。,그는 아주 유능해서 주위의 신용도 두터워요.,jlpt.n2.vocab.0157.m4a,ref_only:jfs_cando_b2+corpus_freq,draft,선정축: ①B2「仕事と職業」 학생의 인품과 능력에 관한 상세한 정보를 설명하기 / ②빈도 zipf 3.96 / 내용어 5232위(모집단 80726); Tanos교차: N3 분류 — 우리 N3 400 미수록 잔여분을 N2로 흡수
jlpt.n2.vocab.0158,N2,慌ただしい,あわただしい,{慌|あわ}ただしい,아와타다시이,i_adj,i_adj,-,분주하다,어수선하다,{見本市|み|ほん|いち}の{前|まえ}はいつも{慌|あわ}ただしくなります。,견본시 전에는 언제나 분주해져요.,jlpt.n2.vocab.0158.m4a,ref_only:jfs_cando_b2+corpus_freq,draft,선정축: ①B2「仕事と職業」 전시 준비 중에 작업 절차에 대해 의견을 주고받기 / ②빈도 zipf 2.98 / 내용어 20432위(모집단 80726); Tanos교차: N1 분류(구시험 기준) — 선정축 판단을 우선해 N2 유지
jlpt.n2.vocab.0159,N2,著作権,ちょさくけん,{著作|ちょ|さく}{権|けん},초사쿠켄,noun,-,-,저작권,-,サイトの{規則|き|そく}を{読|よ}んで{著作|ちょ|さく}{権|けん}について{確|たし}かめました。,사이트 규칙을 읽고 저작권에 대해 확인했어요.,jlpt.n2.vocab.0159.m4a,ref_only:jfs_cando_b2+corpus_freq,draft,선정축: ①B2「科学技術」 사이트 정책을 읽고 저작권 등 중요한 점을 이해하기 / ②빈도 zipf 4.40 / 순위표 밖; Tanos교차: 전급수 목록밖 — Tanos(구시험 어휘)에 없는 현대어로 판단
jlpt.n2.vocab.0160,N2,個人,こじん,{個人|こ|じん},코진,noun,-,-,개인,-,{個人|こ|じん}{情報|じょう|ほう}の{保護|ほ|ご}についての{説明|せつ|めい}が{書|か}いてあります。,개인 정보 보호에 대한 설명이 적혀 있어요.,jlpt.n2.vocab.0160.m4a,ref_only:jfs_cando_b2+corpus_freq,draft,선정축: ①B2「科学技術」 개인 정보 보호에 관한 중요한 정보를 읽고 이해하기 / ②빈도 zipf 5.28 / 내용어 199위(모집단 80726); Tanos교차: N3 분류 — 우리 N3 400 미수록 잔여분을 N2로 흡수
jlpt.n2.vocab.0161,N2,権利,けんり,{権利|けん|り},켄리,noun,-,-,권리,-,{利用者|り|よう|しゃ}の{権利|けん|り}についても{書|か}かれていました。,이용자의 권리에 대해서도 적혀 있었어요.,jlpt.n2.vocab.0161.m4a,ref_only:jfs_cando_b2+corpus_freq,draft,선정축: ①B2「科学技術」 등록제 웹사이트의 정책을 읽고 중요한 점을 이해하기 / ②빈도 zipf 4.76 / 내용어 954위(모집단 80726); Tanos교차: N3 분류 — 우리 N3 400 미수록 잔여분을 N2로 흡수
jlpt.n2.vocab.0162,N2,装置,そうち,{装置|そう|ち},소오치,noun,-,-,장치,설비,この{工場|こう|じょう}には{新|あたら}しい{装置|そう|ち}が{入|はい}りました。,이 공장에는 새 장치가 들어왔어요.,jlpt.n2.vocab.0162.m4a,ref_only:jfs_cando_b2+corpus_freq,draft,선정축: ①B2「科学技術」 기술의 가치에 대한 정보와 화자의 시점을 이해하기 / ②빈도 zipf 4.83 / 내용어 787위(모집단 80726); Tanos교차: N3 분류 — 우리 N3 400 미수록 잔여분을 N2로 흡수
jlpt.n2.vocab.0163,N2,機能,きのう,{機能|き|のう},키노오,noun,suru_noun,vi,기능,작용,この{機械|き|かい}にはいろいろな{機能|き|のう}がついています。,이 기계에는 여러 가지 기능이 붙어 있어요.,jlpt.n2.vocab.0163.m4a,ref_only:jfs_cando_b2+corpus_freq,draft,선정축: ①B2「科学技術」 히트 상품 개발에 대해 주체적으로 이야기를 전개하기 / ②빈도 zipf 5.19 / 내용어 265위(모집단 80726); Tanos교차: N3 분류 — 우리 N3 400 미수록 잔여분을 N2로 흡수
jlpt.n2.vocab.0164,N2,職人,しょくにん,{職人|しょく|にん},쇼쿠닌,noun,-,-,장인,기술자,{職人|しょく|にん}の{技術|ぎ|じゅつ}を{紹介|しょう|かい}する{番組|ばん|ぐみ}を{見|み}ました。,장인의 기술을 소개하는 프로그램을 봤어요.,jlpt.n2.vocab.0164.m4a,ref_only:jfs_cando_b2+corpus_freq,draft,선정축: ①B2「科学技術」 장인 기술을 소개하는 다큐멘터리를 보고 이해하기 / ②빈도 zipf 4.23 / 내용어 3228위(모집단 80726); Tanos교차: N2 일치
jlpt.n2.vocab.0165,N2,応用,おうよう,{応用|おう|よう},오오요오,noun,suru_noun,vt,응용,-,{昔|むかし}からの{技術|ぎ|じゅつ}を{応用|おう|よう}した{製品|せい|ひん}だそうです。,옛날부터의 기술을 응용한 제품이라고 해요.,jlpt.n2.vocab.0165.m4a,ref_only:jfs_cando_b2+corpus_freq,draft,선정축: ①B2「科学技術」 기술의 가치와 계승 문제에 대해 이해하기 / ②빈도 zipf 4.23 / 내용어 3219위(모집단 80726); Tanos교차: N2 일치
jlpt.n2.vocab.0166,N2,設計,せっけい,{設計|せっ|けい},섹케에,noun,suru_noun,vt,설계,-,この{装置|そう|ち}の{設計|せっ|けい}には{三年|さん|ねん}かかったそうです。,이 장치 설계에는 삼 년이 걸렸다고 해요.,jlpt.n2.vocab.0166.m4a,ref_only:jfs_cando_b2+corpus_freq,draft,선정축: ①B2「科学技術」 개발의 계기와 완성까지의 고생을 이야기하기 / ②빈도 zipf 4.78 / 내용어 900위(모집단 80726); Tanos교차: N3 분류 — 우리 N3 400 미수록 잔여분을 N2로 흡수
jlpt.n2.vocab.0167,N2,操る,あやつる,{操|あやつ}る,아야츠루,verb,g1,vt,다루다,조종하다,{職人|しょく|にん}は{道具|どう|ぐ}を{自由|じ|ゆう}に{操|あやつ}っていました。,장인은 도구를 자유롭게 다루고 있었어요.,jlpt.n2.vocab.0167.m4a,ref_only:jfs_cando_b2+corpus_freq,draft,선정축: ①B2「科学技術」 장인 기술의 가치에 대해 화자의 시점을 이해하기 / ②빈도 zipf 4.10 / 내용어 4155위(모집단 80726); Tanos교차: N1 분류(구시험 기준) — 선정축 판단을 우선해 N2 유지
jlpt.n2.vocab.0168,N2,精密,せいみつ,{精密|せい|みつ},세에미츠,na_adj,na_adj,-,정밀하다,-,とても{精密|せい|みつ}な{作業|さ|ぎょう}なので{時間|じ|かん}がかかります。,아주 정밀한 작업이라서 시간이 걸려요.,jlpt.n2.vocab.0168.m4a,ref_only:jfs_cando_b2+corpus_freq,draft,선정축: ①B2「科学技術」 공업 디자인과 직인 기술에 관한 정보를 이해하기 / ②빈도 zipf 3.75 / 내용어 7325위(모집단 80726); Tanos교차: N1 분류(구시험 기준) — 선정축 판단을 우선해 N2 유지
jlpt.n2.vocab.0169,N2,賃貸,ちんたい,{賃貸|ちん|たい},친타이,noun,-,-,임대,-,{賃貸|ちん|たい}{契約書|けい|やく|しょ}を{辞書|じ|しょ}を{引|ひ}きながら{読|よ}みました。,임대 계약서를 사전을 찾아 가며 읽었어요.,jlpt.n2.vocab.0169.m4a,ref_only:jfs_cando_b2+corpus_freq,draft,선정축: ①B2「住まいと住環境」 임대 계약서를 읽고 입주 조건과 특기 사항을 이해하기 / ②빈도 zipf 3.78 / 내용어 7010위(모집단 80726); Tanos교차: 전급수 목록밖 — Tanos(구시험 어휘)에 없는 현대어로 판단
jlpt.n2.vocab.0170,N2,入居,にゅうきょ,{入居|にゅう|きょ},뉴우쿄,noun,suru_noun,vi,입주,-,{入居|にゅう|きょ}{条件|じょう|けん}について{担当者|たん|とう|しゃ}に{詳|くわ}しく{聞|き}きました。,입주 조건에 대해 담당자에게 자세히 물었어요.,jlpt.n2.vocab.0170.m4a,ref_only:jfs_cando_b2+corpus_freq,draft,선정축: ①B2「住まいと住環境」 부동산에서 입주 조건의 상세를 담당자에게 확인하기 / ②빈도 zipf 3.87 / 내용어 6034위(모집단 80726); Tanos교차: 전급수 목록밖 — Tanos(구시험 어휘)에 없는 현대어로 판단
jlpt.n2.vocab.0171,N2,不動産,ふどうさん,{不動産|ふ|どう|さん},후도오산,noun,-,-,부동산,-,{駅|えき}の{近|ちか}くの{不動産|ふ|どう|さん}{屋|や}をいくつか{回|まわ}りました。,역 근처 부동산을 몇 군데 돌았어요.,jlpt.n2.vocab.0171.m4a,ref_only:jfs_cando_b2+corpus_freq,draft,선정축: ①B2「住まいと住環境」 부동산에서 집을 찾을 때 담당자와 교섭하기 / ②빈도 zipf 4.29 / 순위표 밖; Tanos교차: N1 분류(구시험 기준) — 선정축 판단을 우선해 N2 유지
jlpt.n2.vocab.0172,N2,資格,しかく,{資格|し|かく},시카쿠,noun,-,-,자격,-,{入居|にゅう|きょ}{資格|し|かく}に{納得|なっ|とく}がいかない{点|てん}がありました。,입주 자격에 납득이 가지 않는 점이 있었어요.,jlpt.n2.vocab.0172.m4a,ref_only:jfs_cando_b2+corpus_freq,draft,선정축: ①B2「住まいと住環境」 납득이 가지 않는 입주 자격에 대해 교섭하기 / ②빈도 zipf 4.62 / 내용어 1386위(모집단 80726); Tanos교차: N1 분류(구시험 기준) — 선정축 판단을 우선해 N2 유지
jlpt.n2.vocab.0173,N2,差別,さべつ,{差別|さ|べつ},사베츠,noun,suru_noun,vt,차별,-,{差別|さ|べつ}{的|てき}な{条件|じょう|けん}については{代案|だい|あん}を{出|だ}しました。,차별적인 조건에 대해서는 대안을 냈어요.,jlpt.n2.vocab.0173.m4a,ref_only:jfs_cando_b2+corpus_freq,draft,선정축: ①B2「住まいと住環境」 차별적인 입주 자격에 대해 대안을 말하며 교섭하기 / ②빈도 zipf 4.51 / 내용어 1810위(모집단 80726); Tanos교차: N3 분류 — 우리 N3 400 미수록 잔여분을 N2로 흡수
jlpt.n2.vocab.0174,N2,防災,ぼうさい,{防災|ぼう|さい},보오사이,noun,-,-,방재,-,{防災|ぼう|さい}のお{知|し}らせが{屋外|おく|がい}のスピーカーから{流|なが}れました。,방재 알림이 옥외 스피커에서 흘러나왔어요.,jlpt.n2.vocab.0174.m4a,ref_only:jfs_cando_b2+corpus_freq,draft,선정축: ①B2「住まいと住環境」 옥외 스피커에서 흐르는 방재 안내를 듣고 이해하기 / ②빈도 zipf 4.08 / 내용어 4252위(모집단 80726); Tanos교차: 전급수 목록밖 — Tanos(구시험 어휘)에 없는 현대어로 판단
jlpt.n2.vocab.0175,N2,広報,こうほう,{広報|こう|ほう},코오호오,noun,-,-,홍보,-,{地域|ち|いき}の{広報|こう|ほう}アナウンスは{毎日|まい|にち}{夕方|ゆう|がた}に{流|なが}れます。,지역 홍보 방송은 매일 저녁에 나와요.,jlpt.n2.vocab.0175.m4a,ref_only:jfs_cando_b2+corpus_freq,draft,선정축: ①B2「住まいと住環境」 지역의 홍보 안내 방송을 듣고 이해하기 / ②빈도 zipf 4.26 / 내용어 3040위(모집단 80726); Tanos교차: 전급수 목록밖 — Tanos(구시험 어휘)에 없는 현대어로 판단
jlpt.n2.vocab.0176,N2,整える,ととのえる,{整|ととの}える,토토노에루,verb,g2,vt,정돈하다,갖추다,{引|ひ}っ{越|こ}しの{前|まえ}に{必要|ひつ|よう}な{書類|しょ|るい}を{整|ととの}えました。,이사 전에 필요한 서류를 갖췄어요.,jlpt.n2.vocab.0176.m4a,ref_only:jfs_cando_b2+corpus_freq,draft,선정축: ①B2「住まいと住環境」 입주 조건에 관한 상세를 확인하고 준비하기 / ②빈도 zipf 4.09 / 내용어 4207위(모집단 80726); Tanos교차: N1 분류(구시험 기준) — 선정축 판단을 우선해 N2 유지
jlpt.n2.vocab.0177,N2,制度,せいど,{制度|せい|ど},세에도,noun,-,-,제도,-,{裁判|さい|ばん}{員|いん}{制度|せい|ど}について{友人|ゆう|じん}と{議論|ぎ|ろん}しました。,재판원 제도에 대해 친구와 논의했어요.,jlpt.n2.vocab.0177.m4a,ref_only:jfs_cando_b2+corpus_freq,draft,선정축: ①B2「社会」 재판원 제도 등 사회 문제에 대해 자기 시점을 말하기 / ②빈도 zipf 4.90 / 내용어 663위(모집단 80726); Tanos교차: N3 분류 — 우리 N3 400 미수록 잔여분을 N2로 흡수
jlpt.n2.vocab.0178,N2,貿易,ぼうえき,{貿易|ぼう|えき},보오에키,noun,suru_noun,vi,무역,-,{貿易|ぼう|えき}の{自由化|じ|ゆう|か}についてのニュースを{見|み}ました。,무역 자유화에 관한 뉴스를 봤어요.,jlpt.n2.vocab.0178.m4a,ref_only:jfs_cando_b2+corpus_freq,draft,선정축: ①B2「社会」 무역 자유화 등 사회 문제에 대해 시점을 명확히 말하기 / ②빈도 zipf 4.14 / 내용어 3855위(모집단 80726); Tanos교차: N4 분류 — 우리 N4 400 미수록 잔여분을 N2로 흡수
jlpt.n2.vocab.0179,N2,裁判,さいばん,{裁判|さい|ばん},사이반,noun,suru_noun,vt,재판,-,この{事件|じ|けん}の{裁判|さい|ばん}は{長|なが}くかかりそうです。,이 사건의 재판은 오래 걸릴 것 같아요.,jlpt.n2.vocab.0179.m4a,ref_only:jfs_cando_b2+corpus_freq,draft,선정축: ①B2「社会」 사회 문제를 관련 사항과 연결해 자기 시점을 말하기 / ②빈도 zipf 4.69 / 내용어 1149위(모집단 80726); Tanos교차: N3 분류 — 우리 N3 400 미수록 잔여분을 N2로 흡수
jlpt.n2.vocab.0180,N2,規制,きせい,{規制|き|せい},키세에,noun,suru_noun,vt,규제,-,{新|あたら}しい{規制|き|せい}が{業界|ぎょう|かい}に{与|あた}える{影響|えい|きょう}を{考|かんが}えました。,새 규제가 업계에 주는 영향을 생각했어요.,jlpt.n2.vocab.0180.m4a,ref_only:jfs_cando_b2+corpus_freq,draft,선정축: ①B2「社会」 사회 문제가 업계에 주는 영향과 연결해 논하기 / ②빈도 zipf 4.66 / 내용어 1261위(모집단 80726); Tanos교차: N1 분류(구시험 기준) — 선정축 판단을 우선해 N2 유지
jlpt.n2.vocab.0181,N2,廃止,はいし,{廃止|はい|し},하이시,noun,suru_noun,vt,폐지,-,{制度|せい|ど}の{廃止|はい|し}については{意見|い|けん}が{分|わ}かれています。,제도 폐지에 대해서는 의견이 갈리고 있어요.,jlpt.n2.vocab.0181.m4a,ref_only:jfs_cando_b2+corpus_freq,draft,선정축: ①B2「社会」 제도 폐지에 관한 논의와 연결해 자기 시점을 말하기 / ②빈도 zipf 4.40 / 내용어 2330위(모집단 80726); Tanos교차: N1 분류(구시험 기준) — 선정축 판단을 우선해 N2 유지
jlpt.n2.vocab.0182,N2,建設,けんせつ,{建設|けん|せつ},켄세츠,noun,suru_noun,vt,건설,-,{大型|おお|がた}スーパーの{建設|けん|せつ}が{議題|ぎ|だい}になりました。,대형 슈퍼 건설이 의제가 됐어요.,jlpt.n2.vocab.0182.m4a,ref_only:jfs_cando_b2+corpus_freq,draft,선정축: ①B2「社会」 주민 모임에서 건설에 관한 의제에 대해 견해를 말하기 / ②빈도 zipf 4.63 / 내용어 1349위(모집단 80726); Tanos교차: N3 분류 — 우리 N3 400 미수록 잔여분을 N2로 흡수
jlpt.n2.vocab.0183,N2,議論,ぎろん,{議論|ぎ|ろん},기론,noun,suru_noun,vi_vt,논의,토론,{出席者|しゅっ|せき|しゃ}の{活発|かっ|ぱつ}な{議論|ぎ|ろん}の{要点|よう|てん}をつかみました。,참석자들의 활발한 논의의 요점을 파악했어요.,jlpt.n2.vocab.0183.m4a,ref_only:jfs_cando_b2+corpus_freq,draft,선정축: ①B2「社会」 참석자의 활발한 논의를 이해하고 자기 입장을 말하기 / ②빈도 zipf 4.62 / 내용어 1385위(모집단 80726); Tanos교차: N3 분류 — 우리 N3 400 미수록 잔여분을 N2로 흡수
jlpt.n2.vocab.0184,N2,世論,よろん,{世|よ}{論|ろん},요론,noun,-,-,여론,-,この{問題|もん|だい}については{世|よ}{論|ろん}が{大|おお}きく{分|わ}かれています。,이 문제에 대해서는 여론이 크게 갈리고 있어요.,jlpt.n2.vocab.0184.m4a,ref_only:jfs_cando_b2+corpus_freq,draft,선정축: ①B2「社会」 사회 문제에 관한 뉴스를 보고 논거를 이해하기 / ②빈도 zipf 3.85 / 내용어 6216위(모집단 80726); Tanos교차: N1 분류(구시험 기준) — 선정축 판단을 우선해 N2 유지
jlpt.n2.vocab.0185,N2,福祉,ふくし,{福祉|ふく|し},후쿠시,noun,-,-,복지,-,{地域|ち|いき}の{福祉|ふく|し}について{住民|じゅう|みん}で{話|はな}し{合|あ}いました。,지역 복지에 대해 주민끼리 이야기를 나눴어요.,jlpt.n2.vocab.0185.m4a,ref_only:jfs_cando_b2+corpus_freq,draft,선정축: ①B2「社会」 주민 모임에서 근거를 들어 자기 견해를 정확히 말하기 / ②빈도 zipf 4.49 / 내용어 1922위(모집단 80726); Tanos교차: N1 분류(구시험 기준) — 선정축 판단을 우선해 N2 유지
jlpt.n2.vocab.0186,N2,格差,かくさ,{格差|かく|さ},카쿠사,noun,-,-,격차,-,{地域|ち|いき}{間|かん}の{格差|かく|さ}が{話題|わ|だい}になっています。,지역 간 격차가 화제가 되고 있어요.,jlpt.n2.vocab.0186.m4a,ref_only:jfs_cando_b2+corpus_freq,draft,선정축: ①B2「社会」 사회 문제에 대해 관련 사항과 결부해 시점을 말하기 / ②빈도 zipf 3.97 / 내용어 5154위(모집단 80726); Tanos교차: N1 분류(구시험 기준) — 선정축 판단을 우선해 N2 유지
jlpt.n2.vocab.0187,N2,犯す,おかす,{犯|おか}す,오카스,verb,g1,vt,저지르다,(잘못을) 범하다,{同|おな}じ{過|あやま}ちを{二度|に|ど}と{犯|おか}さないようにします。,같은 잘못을 두 번 다시 저지르지 않도록 하겠습니다.,jlpt.n2.vocab.0187.m4a,ref_only:jfs_cando_b2+corpus_freq,draft,선정축: ①B2「社会」 사회 제도에 관한 논의를 이해하고 시점을 말하기 / ②빈도 zipf 4.42 / 내용어 2246위(모집단 80726); Tanos교차: N1 분류(구시험 기준) — 선정축 판단을 우선해 N2 유지
jlpt.n2.vocab.0188,N2,いずれ,いずれ,いずれ,이즈레,adv,-,-,머지않아,어차피;어느 쪽이든,この{制度|せい|ど}もいずれ{見直|み|なお}されるでしょう。,이 제도도 머지않아 재검토되겠지요.,jlpt.n2.vocab.0188.m4a,ref_only:jfs_cando_b2+corpus_freq,draft,선정축: ①B2「社会」 사회 문제에 대해 근거를 들어 자기 시점을 말하기 / ②빈도 zipf 4.81 / 순위표 밖; Tanos교차: N3 분류 — 우리 N3 400 미수록 잔여분을 N2로 흡수
jlpt.n2.vocab.0189,N2,交際,こうさい,{交際|こう|さい},코오사이,noun,suru_noun,vi,교제,사귐,{近所|きん|じょ}の{人|ひと}との{交際|こう|さい}を{大切|たい|せつ}にしています。,이웃 사람과의 교제를 소중히 하고 있어요.,jlpt.n2.vocab.0189.m4a,ref_only:jfs_cando_b2+corpus_freq,draft,선정축: ①B2「人との関係」 인간관계에 관한 여러 화제로 긴 대화에 참여하기 / ②빈도 zipf 4.16 / 내용어 3690위(모집단 80726); Tanos교차: N3 분류 — 우리 N3 400 미수록 잔여분을 N2로 흡수
jlpt.n2.vocab.0190,N2,愚痴,ぐち,{愚痴|ぐ|ち},구치,noun,-,-,푸념,넋두리,{同僚|どう|りょう}と{仕事|し|ごと}の{愚痴|ぐ|ち}を{言|い}い{合|あ}いました。,동료와 일에 대한 푸념을 서로 늘어놓았어요.,jlpt.n2.vocab.0190.m4a,ref_only:jfs_cando_b2+corpus_freq,draft,선정축: ①B2「人との関係」 인간관계나 일에 대한 푸념과 불만을 이야기하기 / ②빈도 zipf 4.14 / 내용어 3876위(모집단 80726); Tanos교차: N1 분류(구시험 기준) — 선정축 판단을 우선해 N2 유지
jlpt.n2.vocab.0191,N2,仲間,なかま,{仲間|なか|ま},나카마,noun,-,-,동료,한패;친구,{昔|むかし}の{仲間|なか|ま}と{同窓会|どう|そう|かい}で{久|ひさ}しぶりに{会|あ}いました。,옛 동료와 동창회에서 오랜만에 만났어요.,jlpt.n2.vocab.0191.m4a,ref_only:jfs_cando_b2+corpus_freq,draft,선정축: ①B2「人との関係」 동창회에서 서로의 근황에 대해 긴 대화를 나누기 / ②빈도 zipf 4.95 / 내용어 578위(모집단 80726); Tanos교차: N3 분류 — 우리 N3 400 미수록 잔여분을 N2로 흡수
jlpt.n2.vocab.0192,N2,避難,ひなん,{避難|ひ|なん},히난,noun,suru_noun,vi,피난,대피,{災害|さい|がい}のときの{避難|ひ|なん}{場所|ば|しょ}を{確|たし}かめておきました。,재해 때의 피난 장소를 미리 확인해 뒀어요.,jlpt.n2.vocab.0192.m4a,ref_only:jfs_cando_b2+corpus_freq,draft,선정축: ①B2「人との関係」 피난소에서 자원봉사 그룹을 만들도록 설득하기 / ②빈도 zipf 4.55 / 내용어 1629위(모집단 80726); Tanos교차: N1 분류(구시험 기준) — 선정축 판단을 우선해 N2 유지
jlpt.n2.vocab.0193,N2,組織,そしき,{組織|そ|しき},소시키,noun,suru_noun,vt,조직,단체,ボランティアグループを{組織|そ|しき}するために{声|こえ}をかけました。,자원봉사 그룹을 조직하기 위해 사람들에게 말을 걸었어요.,jlpt.n2.vocab.0193.m4a,ref_only:jfs_cando_b2+corpus_freq,draft,선정축: ①B2「人との関係」 자원봉사 그룹을 조직하기 위해 협력하도록 설득하기 / ②빈도 zipf 5.00 / 내용어 500위(모집단 80726); Tanos교차: N3 분류 — 우리 N3 400 미수록 잔여분을 N2로 흡수
jlpt.n2.vocab.0194,N2,支援,しえん,{支援|し|えん},시엔,noun,suru_noun,vt,지원,도움,{避難|ひ|なん}{所|じょ}への{支援|し|えん}がやっと{届|とど}きました。,피난소로의 지원이 드디어 도착했어요.,jlpt.n2.vocab.0194.m4a,ref_only:jfs_cando_b2+corpus_freq,draft,선정축: ①B2「人との関係」 재해 시에 협력하도록 친구와 동료를 설득하기 / ②빈도 zipf 5.04 / 내용어 435위(모집단 80726); Tanos교차: 전급수 목록밖 — Tanos(구시험 어휘)에 없는 현대어로 판단
jlpt.n2.vocab.0195,N2,信用,しんよう,{信用|しん|よう},신요오,noun,suru_noun,vt,신용,믿음,{一度|いち|ど}なくした{信用|しん|よう}を{取|と}り{戻|もど}すのは{大変|たい|へん}です。,한 번 잃은 신용을 되찾는 건 힘들어요.,jlpt.n2.vocab.0195.m4a,ref_only:jfs_cando_b2+corpus_freq,draft,선정축: ①B2「人との関係」 인간관계에 대해 자기에게 중요한 점을 강조하며 말하기 / ②빈도 zipf 4.69 / 내용어 1140위(모집단 80726); Tanos교차: N3 분류 — 우리 N3 400 미수록 잔여분을 N2로 흡수
jlpt.n2.vocab.0196,N2,世間,せけん,{世間|せ|けん},세켄,noun,-,-,세상,세간,{世間|せ|けん}の{目|め}を{気|き}にしすぎるのもよくありません。,세상의 눈을 너무 신경 쓰는 것도 좋지 않아요.,jlpt.n2.vocab.0196.m4a,ref_only:jfs_cando_b2+corpus_freq,draft,선정축: ①B2「人との関係」 신입 사원의 복장과 행동에 대해 논거를 들어 말하기 / ②빈도 zipf 4.42 / 내용어 2201위(모집단 80726); Tanos교차: N3 분류 — 우리 N3 400 미수록 잔여분을 N2로 흡수
jlpt.n2.vocab.0197,N2,打ち解ける,うちとける,{打|う}ち{解|と}ける,우치토케루,verb,g2,vi,마음을 터놓다,허물없어지다,{初|はじ}めは{緊張|きん|ちょう}しましたがすぐに{打|う}ち{解|と}けました。,처음에는 긴장했지만 금방 마음을 터놓게 됐어요.,jlpt.n2.vocab.0197.m4a,ref_only:jfs_cando_b2+corpus_freq,draft,선정축: ①B2「人との関係」 처음 만난 사람과 여러 화제로 긴 대화에 참여하기 / ②빈도 zipf 3.25 / 내용어 14888위(모집단 80726); Tanos교차: 전급수 목록밖 — Tanos(구시험 어휘)에 없는 현대어로 판단
jlpt.n2.vocab.0198,N2,気遣う,きづかう,{気|き}{遣|づか}う,키즈카우,verb,g1,vt,배려하다,마음 쓰다,{体調|たい|ちょう}を{気|き}{遣|づか}う{言葉|こと|ば}を{手紙|て|がみ}に{添|そ}えました。,몸 상태를 배려하는 말을 편지에 덧붙였어요.,jlpt.n2.vocab.0198.m4a,ref_only:jfs_cando_b2+corpus_freq,draft,선정축: ①B2「人との関係」 상대의 상황을 걱정하는 마음을 담아 편지를 쓰기 / ②빈도 zipf 3.07 / 내용어 18482위(모집단 80726); Tanos교차: 전급수 목록밖 — Tanos(구시험 어휘)에 없는 현대어로 판단
jlpt.n2.vocab.0199,N2,和やか,なごやか,{和|なご}やか,나고야카,na_adj,na_adj,-,화기애애하다,부드럽다,{同窓会|どう|そう|かい}は{最後|さい|ご}まで{和|なご}やかな{雰囲気|ふん|い|き}でした。,동창회는 끝까지 화기애애한 분위기였어요.,jlpt.n2.vocab.0199.m4a,ref_only:jfs_cando_b2+corpus_freq,draft,선정축: ①B2「人との関係」 동창회에서 서로의 근황에 대해 긴 대화를 나누기 / ②빈도 zipf 2.85 / 내용어 23232위(모집단 80726); Tanos교차: N1 분류(구시험 기준) — 선정축 판단을 우선해 N2 유지
jlpt.n2.vocab.0200,N2,騒がしい,さわがしい,{騒|さわ}がしい,사와가시이,i_adj,i_adj,-,시끄럽다,떠들썩하다,{騒|さわ}がしい{立食|りっ|しょく}パーティーでも{会話|かい|わ}を{続|つづ}けられました。,떠들썩한 입식 파티에서도 대화를 이어 갈 수 있었어요.,jlpt.n2.vocab.0200.m4a,ref_only:jfs_cando_b2+corpus_freq,draft,선정축: ①B2「人との関係」 떠들썩한 입식 파티에서 여러 화제로 긴 대화에 참여하기 / ②빈도 zipf 3.28 / 내용어 14386위(모집단 80726); Tanos교차: N2 일치
jlpt.n2.vocab.0201,N2,見解,けんかい,{見解|けん|かい},켕카이,noun,-,-,견해,소견,この{点|てん}については{専門家|せん|もん|か}の{間|あいだ}でも{見解|けん|かい}が{分|わ}かれています。,이 점에 대해서는 전문가 사이에서도 견해가 갈리고 있어요.,jlpt.n2.vocab.0201.m4a,ref_only:jfs_cando_b2+corpus_freq,draft,선정축: ①B2 언어활동「論述する·立場を明確に述べる」 논거를 들며 자기 입장과 견해를 정확히 말하기 / ②빈도 zipf 4.22 / 내용어 3298위(모집단 80726); Tanos교차: N3 분류 — 우리 N3 400 미수록 잔여분을 N2로 흡수
jlpt.n2.vocab.0202,N2,観点,かんてん,{観点|かん|てん},칸텐,noun,-,-,관점,보는 시각,{別|べつ}の{観点|かん|てん}から{考|かんが}えると{答|こた}えは{変|か}わってきます。,다른 관점에서 생각하면 답은 달라져요.,jlpt.n2.vocab.0202.m4a,ref_only:jfs_cando_b2+corpus_freq,draft,선정축: ①B2 언어활동「論述する·立場を明確に述べる」 자기 시점을 명확히 밝히며 논술하기 / ②빈도 zipf 4.09 / 내용어 4194위(모집단 80726); Tanos교차: N1 분류(구시험 기준) — 선정축 판단을 우선해 N2 유지
jlpt.n2.vocab.0203,N2,意図,いと,{意図|い|と},이토,noun,suru_noun,vt,의도,뜻,{発言|はつ|げん}の{意図|い|と}がうまく{伝|つた}わらなかったようです。,발언 의도가 잘 전달되지 않은 것 같아요.,jlpt.n2.vocab.0203.m4a,ref_only:jfs_cando_b2+corpus_freq,draft,선정축: ①B2 언어활동「論述する·立場を明確に述べる」 자기 생각을 논거와 함께 명확히 전하기 / ②빈도 zipf 4.40 / 내용어 2332위(모집단 80726); Tanos교차: N1 분류(구시험 기준) — 선정축 판단을 우선해 N2 유지
jlpt.n2.vocab.0204,N2,主観,しゅかん,{主観|しゅ|かん},슈칸,noun,-,-,주관,-,これはあくまでわたしの{主観|しゅ|かん}にすぎません。,이건 어디까지나 제 주관에 지나지 않아요.,jlpt.n2.vocab.0204.m4a,ref_only:jfs_cando_b2+corpus_freq,draft,선정축: ①B2 언어활동「論述する·立場を明確に述べる」 자기 시점을 명확히 하며 자기 견해를 말하기 / ②빈도 zipf 3.78 / 내용어 6965위(모집단 80726); Tanos교차: N1 분류(구시험 기준) — 선정축 판단을 우선해 N2 유지
jlpt.n2.vocab.0205,N2,客観,きゃっかん,{客観|きゃっ|かん},캭칸,noun,-,-,객관,-,{客観|きゃっ|かん}{的|てき}な{数字|すう|じ}を{示|しめ}してから{意見|い|けん}を{述|の}べました。,객관적인 수치를 제시하고 나서 의견을 말했어요.,jlpt.n2.vocab.0205.m4a,ref_only:jfs_cando_b2+corpus_freq,draft,선정축: ①B2 언어활동「論述する·立場を明確に述べる」 근거를 제시하며 자기 입장을 정확히 말하기 / ②빈도 zipf 3.92 / 내용어 5582위(모집단 80726); Tanos교차: N1 분류(구시험 기준) — 선정축 판단을 우선해 N2 유지
jlpt.n2.vocab.0206,N2,趣旨,しゅし,{趣旨|しゅ|し},슈시,noun,-,-,취지,주된 뜻,{発表|はっ|ぴょう}の{趣旨|しゅ|し}から{少|すこ}しずれた{質問|しつ|もん}が{出|で}ました。,발표 취지에서 조금 벗어난 질문이 나왔어요.,jlpt.n2.vocab.0206.m4a,ref_only:jfs_cando_b2+corpus_freq,draft,선정축: ①B2 언어활동「論述する·立場を明確に述べる」 발표 취지와 어긋난 질문에도 유연하게 대응하기 / ②빈도 zipf 3.91 / 내용어 5694위(모집단 80726); Tanos교차: N1 분류(구시험 기준) — 선정축 판단을 우선해 N2 유지
jlpt.n2.vocab.0207,N2,論理,ろんり,{論理|ろん|り},론리,noun,-,-,논리,-,{話|はなし}の{論理|ろん|り}がどこかでつながっていない{気|き}がします。,이야기의 논리가 어딘가에서 이어지지 않는 느낌이 들어요.,jlpt.n2.vocab.0207.m4a,ref_only:jfs_cando_b2+corpus_freq,draft,선정축: ①B2 언어활동「論述する·立場を明確に述べる」 논거를 들며 자기 생각을 명확히 말하기 / ②빈도 zipf 4.27 / 내용어 3001위(모집단 80726); Tanos교차: N1 분류(구시험 기준) — 선정축 판단을 우선해 N2 유지
jlpt.n2.vocab.0208,N2,発言,はつげん,{発言|はつ|げん},하츠겐,noun,suru_noun,vi,발언,-,{会議|かい|ぎ}での{発言|はつ|げん}は{短|みじか}くまとめるようにしています。,회의에서의 발언은 짧게 정리하려고 해요.,jlpt.n2.vocab.0208.m4a,ref_only:jfs_cando_b2+corpus_freq,draft,선정축: ①B2 언어활동「論述する·立場を明確に述べる」 기획 회의에서 자기 입장과 견해를 정확히 말하기 / ②빈도 zipf 4.78 / 내용어 894위(모집단 80726); Tanos교차: N1 분류(구시험 기준) — 선정축 판단을 우선해 N2 유지
jlpt.n2.vocab.0209,N2,発想,はっそう,{発想|はっ|そう},핫소오,noun,suru_noun,vt,발상,착상,その{発想|はっ|そう}はこれまでになかったものです。,그 발상은 지금까지 없던 거예요.,jlpt.n2.vocab.0209.m4a,ref_only:jfs_cando_b2+corpus_freq,draft,선정축: ①B2 언어활동「論述する·立場を明確に述べる」 자기 나름의 시점에서 명료하게 견해를 말하기 / ②빈도 zipf 4.24 / 내용어 3167위(모집단 80726); Tanos교차: N2 일치
jlpt.n2.vocab.0210,N2,唱える,となえる,{唱|とな}える,토나에루,verb,g2,vt,주창하다,외치다,{反対|はん|たい}{意見|い|けん}を{唱|とな}えたのは{一人|ひと|り}だけでした。,반대 의견을 주창한 건 한 사람뿐이었어요.,jlpt.n2.vocab.0210.m4a,ref_only:jfs_cando_b2+corpus_freq,draft,선정축: ①B2 언어활동「論述する·立場を明確に述べる」 자기 입장을 근거와 함께 명확히 말하기 / ②빈도 zipf 4.07 / 내용어 4339위(모집단 80726); Tanos교차: N1 분류(구시험 기준) — 선정축 판단을 우선해 N2 유지
jlpt.n2.vocab.0211,N2,論じる,ろんじる,{論|ろん}じる,론지루,verb,g2,vt,논하다,논의하다,この{問題|もん|だい}は{制度|せい|ど}{全体|ぜん|たい}と{合|あ}わせて{論|ろん}じるべきです。,이 문제는 제도 전체와 함께 논해야 해요.,jlpt.n2.vocab.0211.m4a,ref_only:jfs_cando_b2+corpus_freq,draft,선정축: ①B2 언어활동「論述する·立場を明確に述べる」 사회 문제를 관련 사항과 결부해 논하기 / ②빈도 zipf 3.67 / 내용어 8298위(모집단 80726); Tanos교차: N3 분류 — 우리 N3 400 미수록 잔여분을 N2로 흡수
jlpt.n2.vocab.0212,N2,訴える,うったえる,{訴|うった}える,웃타에루,verb,g2,vt,호소하다,고소하다,{被害|ひ|がい}の{大|おお}きさを{数字|すう|じ}で{訴|うった}えました。,피해의 크기를 수치로 호소했어요.,jlpt.n2.vocab.0212.m4a,ref_only:jfs_cando_b2+corpus_freq,draft,선정축: ①B2 언어활동「論述する·立場を明確に述べる」 자기가 입는 피해를 제시하며 교섭하기 / ②빈도 zipf 3.93 / 내용어 5537위(모집단 80726); Tanos교차: N3 분류 — 우리 N3 400 미수록 잔여분을 N2로 흡수
jlpt.n2.vocab.0213,N2,見なす,みなす,{見|み}なす,미나스,verb,g1,vt,간주하다,~로 보다,{返事|へん|じ}がなければ{同意|どう|い}したものと{見|み}なします。,답이 없으면 동의한 것으로 간주하겠습니다.,jlpt.n2.vocab.0213.m4a,ref_only:jfs_cando_b2+corpus_freq,draft,선정축: ①B2 언어활동「論述する·立場を明確に述べる」 자기 입장을 명확히 하며 논술하기 / ②빈도 zipf 3.84 / 내용어 6392위(모집단 80726); Tanos교차: 전급수 목록밖 — Tanos(구시험 어휘)에 없는 현대어로 판단
jlpt.n2.vocab.0214,N2,言い張る,いいはる,{言|い}い{張|は}る,이이하루,verb,g1,vt,우기다,고집하다,{相手|あい|て}は{最後|さい|ご}まで{自分|じ|ぶん}が{正|ただ}しいと{言|い}い{張|は}りました。,상대는 끝까지 자기가 옳다고 우겼어요.,jlpt.n2.vocab.0214.m4a,ref_only:jfs_cando_b2+corpus_freq,draft,선정축: ①B2 언어활동「論述する·立場を明確に述べる」 상대의 의견에 반론하며 활발히 논의하기 / ②빈도 zipf 3.37 / 내용어 12726위(모집단 80726); Tanos교차: 전급수 목록밖 — Tanos(구시험 어휘)에 없는 현대어로 판단
jlpt.n2.vocab.0215,N2,打ち明ける,うちあける,{打|う}ち{明|あ}ける,우치아케루,verb,g2,vt,털어놓다,고백하다,{悩|なや}んでいたことを{同僚|どう|りょう}に{打|う}ち{明|あ}けました。,고민하던 것을 동료에게 털어놓았어요.,jlpt.n2.vocab.0215.m4a,ref_only:jfs_cando_b2+corpus_freq,draft,선정축: ①B2 언어활동「論述する·立場を明確に述べる」 자기에게 중요한 점을 강조하며 이야기하기 / ②빈도 zipf 3.57 / 내용어 9642위(모집단 80726); Tanos교차: 전급수 목록밖 — Tanos(구시험 어휘)에 없는 현대어로 판단
jlpt.n2.vocab.0216,N2,言い切る,いいきる,{言|い}い{切|き}る,이이키루,verb,g1,vt,단언하다,잘라 말하다,そこまで{言|い}い{切|き}るには{証拠|しょう|こ}が{足|た}りません。,그렇게까지 단언하려면 증거가 부족해요.,jlpt.n2.vocab.0216.m4a,ref_only:jfs_cando_b2+corpus_freq,draft,선정축: ①B2 언어활동「論述する·立場を明確に述べる」 근거를 제시하며 자기 의견을 명확히 말하기 / ②빈도 zipf 2.96 / 내용어 20873위(모집단 80726); Tanos교차: 전급수 목록밖 — Tanos(구시험 어휘)에 없는 현대어로 판단
jlpt.n2.vocab.0217,N2,触れる,ふれる,{触|ふ}れる,후레루,verb,g2,vi_vt,언급하다,닿다;접하다,{費用|ひ|よう}の{問題|もん|だい}にも{少|すこ}し{触|ふ}れておきます。,비용 문제에도 조금 언급해 두겠습니다.,jlpt.n2.vocab.0217.m4a,ref_only:jfs_cando_b2+corpus_freq,draft,선정축: ①B2 언어활동「論述する·立場を明確に述べる」 못다 한 점에 대해 보충해 설명하기 / ②빈도 zipf 4.76 / 내용어 963위(모집단 80726); Tanos교차: N3 분류 — 우리 N3 400 미수록 잔여분을 N2로 흡수
jlpt.n2.vocab.0218,N2,割り切る,わりきる,{割|わ}り{切|き}る,와리키루,verb,g1,vt,딱 잘라 생각하다,단정하다,{仕事|し|ごと}と{割|わ}り{切|き}ればそれほど{気|き}になりません。,일이라고 딱 잘라 생각하면 그다지 신경 쓰이지 않아요.,jlpt.n2.vocab.0218.m4a,ref_only:jfs_cando_b2+corpus_freq,draft,선정축: ①B2 언어활동「論述する·立場を明確に述べる」 자기 가치관을 포함해 명확하게 말하기 / ②빈도 zipf 3.62 / 내용어 8969위(모집단 80726); Tanos교차: 전급수 목록밖 — Tanos(구시험 어휘)에 없는 현대어로 판단
jlpt.n2.vocab.0219,N2,明確,めいかく,{明確|めい|かく},메에카쿠,na_adj,na_adj,-,명확하다,분명하다,{責任|せき|にん}の{所在|しょ|ざい}を{明確|めい|かく}にする{必要|ひつ|よう}があります。,책임 소재를 명확히 할 필요가 있어요.,jlpt.n2.vocab.0219.m4a,ref_only:jfs_cando_b2+corpus_freq,draft,선정축: ①B2 언어활동「論述する·立場を明確に述べる」 책임 소재를 명확히 하며 문제 해결을 위해 이야기하기 / ②빈도 zipf 4.51 / 내용어 1814위(모집단 80726); Tanos교차: N3 분류 — 우리 N3 400 미수록 잔여분을 N2로 흡수
jlpt.n2.vocab.0220,N2,曖昧,あいまい,{曖昧|あい|まい},아이마이,na_adj,na_adj,-,애매하다,모호하다,{返事|へん|じ}が{曖昧|あい|まい}だったのでもう{一度|いち|ど}{確|たし}かめました。,답이 애매해서 한 번 더 확인했어요.,jlpt.n2.vocab.0220.m4a,ref_only:jfs_cando_b2+corpus_freq,draft,선정축: ①B2 언어활동「論述する·立場を明確に述べる」 자기 시점을 명확히 밝히며 논술하기 / ②빈도 zipf 4.18 / 내용어 3592위(모집단 80726); Tanos교차: N1 분류(구시험 기준) — 선정축 판단을 우선해 N2 유지
jlpt.n2.vocab.0221,N2,率直,そっちょく,{率直|そっ|ちょく},솟초쿠,na_adj,na_adj,-,솔직하다,거리낌 없다,{率直|そっ|ちょく}な{意見|い|けん}を{聞|き}かせてください。,솔직한 의견을 들려주세요.,jlpt.n2.vocab.0221.m4a,ref_only:jfs_cando_b2+corpus_freq,draft,선정축: ①B2 언어활동「論述する·立場を明確に述べる」 자기 견해를 근거와 함께 명확히 말하기 / ②빈도 zipf 3.64 / 내용어 8664위(모집단 80726); Tanos교차: N1 분류(구시험 기준) — 선정축 판단을 우선해 N2 유지
jlpt.n2.vocab.0222,N2,明快,めいかい,{明快|めい|かい},메에카이,na_adj,na_adj,-,명쾌하다,똑 부러지다,{分析|ぶん|せき}を{含|ふく}めた{明快|めい|かい}な{報告書|ほう|こく|しょ}に{仕上|し|あ}げました。,분석을 포함한 명쾌한 보고서로 완성했어요.,jlpt.n2.vocab.0222.m4a,ref_only:jfs_cando_b2+corpus_freq,draft,선정축: ①B2 언어활동「論述する·立場を明確に述べる」 분석과 고찰을 포함한 명쾌한 보고서를 쓰기 / ②빈도 zipf 3.26 / 내용어 14657위(모집단 80726); Tanos교차: 전급수 목록밖 — Tanos(구시험 어휘)에 없는 현대어로 판단
jlpt.n2.vocab.0223,N2,主体的,しゅたいてき,{主体|しゅ|たい}{的|てき},슈타이테키,na_adj,na_adj,-,주체적,-,インタビューでは{主体|しゅ|たい}{的|てき}に{話|はなし}を{進|すす}めました。,인터뷰에서는 주체적으로 이야기를 이끌어 갔어요.,jlpt.n2.vocab.0223.m4a,ref_only:jfs_cando_b2+corpus_freq,draft,선정축: ①B2 언어활동「論述する·立場を明確に述べる」 인터뷰에서 주체적으로 이야기를 전개하기 / ②빈도 zipf 4.11 / 순위표 밖; Tanos교차: 전급수 목록밖 — Tanos(구시험 어휘)에 없는 현대어로 판단
jlpt.n2.vocab.0224,N2,前向き,まえむき,{前|まえ}{向|む}き,마에무키,na_adj,na_adj,-,긍정적이다,앞을 향함,{批判|ひ|はん}だけでなく{前|まえ}{向|む}きな{改善|かい|ぜん}{案|あん}も{出|だ}しました。,비판뿐 아니라 긍정적인 개선안도 냈어요.,jlpt.n2.vocab.0224.m4a,ref_only:jfs_cando_b2+corpus_freq,draft,선정축: ①B2 언어활동「論述する·立場を明確に述べる」 과제와 다음을 향한 개선안을 말하며 논의에 참여하기 / ②빈도 zipf 3.98 / 내용어 5044위(모집단 80726); Tanos교차: 전급수 목록밖 — Tanos(구시험 어휘)에 없는 현대어로 판단
jlpt.n2.vocab.0225,N2,あくまで,あくまで,あくまで,아쿠마데,adv,-,-,어디까지나,끝까지,これはあくまで{一|ひと}つの{例|れい}として{挙|あ}げたものです。,이건 어디까지나 하나의 예로 든 거예요.,jlpt.n2.vocab.0225.m4a,ref_only:jfs_cando_b2+corpus_freq,draft,선정축: ①B2 언어활동「論述する·立場を明確に述べる」 자기 입장을 명확히 밝히며 견해를 말하기 / ②빈도 zipf 4.23 / 내용어 3236위(모집단 80726); Tanos교차: N2 일치
jlpt.n2.vocab.0226,N2,要するに,ようするに,{要|よう}するに,요오스루니,adv,-,-,요컨대,결국,{要|よう}するに{予算|よ|さん}が{足|た}りないということですね。,요컨대 예산이 부족하다는 말씀이군요.,jlpt.n2.vocab.0226.m4a,ref_only:jfs_cando_b2+corpus_freq,draft,선정축: ①B2 언어활동「論述する·立場を明確に述べる」 논의의 요점을 이해하고 적확히 대응하기 / ②빈도 zipf 3.98 / 순위표 밖; Tanos교차: N3 분류 — 우리 N3 400 미수록 잔여분을 N2로 흡수
jlpt.n2.vocab.0227,N2,そもそも,そもそも,そもそも,소모소모,adv,-,-,애초에,원래;도대체,そもそもこの{制度|せい|ど}が{必要|ひつ|よう}かどうかから{考|かんが}えましょう。,애초에 이 제도가 필요한지부터 생각해 봅시다.,jlpt.n2.vocab.0227.m4a,ref_only:jfs_cando_b2+corpus_freq,draft,선정축: ①B2 언어활동「論述する·立場を明確に述べる」 논거를 들며 자기 생각을 명확히 말하기 / ②빈도 zipf 4.67 / 순위표 밖; Tanos교차: 전급수 목록밖 — Tanos(구시험 어휘)에 없는 현대어로 판단
jlpt.n2.vocab.0228,N2,一概に,いちがいに,{一概|いち|がい}に,이치가이니,adv,-,-,일률적으로,한마디로,どちらがいいとは{一概|いち|がい}に{言|い}えません。,어느 쪽이 좋다고 일률적으로 말할 수는 없어요.,jlpt.n2.vocab.0228.m4a,ref_only:jfs_cando_b2+corpus_freq,draft,선정축: ①B2 언어활동「論述する·立場を明確に述べる」 이해득실을 들며 자기 시점을 명확히 말하기 / ②빈도 zipf 3.15 / 순위표 밖; Tanos교차: N1 분류(구시험 기준) — 선정축 판단을 우선해 N2 유지
jlpt.n2.vocab.0229,N2,いわば,いわば,いわば,이와바,adv,-,-,말하자면,이를테면,この{仕事|し|ごと}はいわば{会社|かい|しゃ}の{顔|かお}のようなものです。,이 일은 말하자면 회사의 얼굴 같은 거예요.,jlpt.n2.vocab.0229.m4a,ref_only:jfs_cando_b2+corpus_freq,draft,선정축: ①B2 언어활동「論述する·立場を明確に述べる」 비유를 섞어 자기 견해를 명료하게 설명하기 / ②빈도 zipf 3.77 / 내용어 7129위(모집단 80726); Tanos교차: N3 분류 — 우리 N3 400 미수록 잔여분을 N2로 흡수
jlpt.n2.vocab.0230,N2,何より,なにより,{何|なに}より,나니요리,adv,-,-,무엇보다,제일,{安全|あん|ぜん}が{何|なに}より{大切|たい|せつ}だと{強|つよ}く{言|い}いました。,안전이 무엇보다 중요하다고 강하게 말했어요.,jlpt.n2.vocab.0230.m4a,ref_only:jfs_cando_b2+corpus_freq,draft,선정축: ①B2 언어활동「論述する·立場を明確に述べる」 자기에게 중요한 점을 강조하며 말하기 / ②빈도 zipf 4.26 / 순위표 밖; Tanos교차: N1 분류(구시험 기준) — 선정축 판단을 우선해 N2 유지
jlpt.n2.vocab.0231,N2,誇り,ほこり,{誇|ほこ}り,호코리,noun,-,-,자랑,긍지,この{仕事|し|ごと}に{誇|ほこ}りを{持|も}って{取|と}り{組|く}んでいます。,이 일에 긍지를 갖고 임하고 있어요.,jlpt.n2.vocab.0231.m4a,ref_only:jfs_cando_b2+corpus_freq,draft,선정축: ①B2 언어활동「社交的なやりとり·感情と評価を示す」 자기에게 중요한 점을 강조하며 이야기하기 / ②빈도 zipf 4.18 / 내용어 3584위(모집단 80726); Tanos교차: N3 분류 — 우리 N3 400 미수록 잔여분을 N2로 흡수
jlpt.n2.vocab.0232,N2,感情,かんじょう,{感情|かん|じょう},칸조오,noun,-,-,감정,-,{議論|ぎ|ろん}のときは{感情|かん|じょう}に{流|なが}されないようにしています。,논의할 때는 감정에 휩쓸리지 않으려고 해요.,jlpt.n2.vocab.0232.m4a,ref_only:jfs_cando_b2+corpus_freq,draft,선정축: ①B2 언어활동「社交的なやりとり·感情と評価を示す」 불만과 만족을 자기 감정도 섞어 이야기하기 / ②빈도 zipf 4.78 / 내용어 890위(모집단 80726); Tanos교차: N3 분류 — 우리 N3 400 미수록 잔여분을 N2로 흡수
jlpt.n2.vocab.0233,N2,皮肉,ひにく,{皮肉|ひ|にく},히니쿠,noun,na_adj,-,빈정거림,얄궂음,それは{皮肉|ひ|にく}のつもりで{言|い}ったのではありません。,그건 빈정거릴 생각으로 말한 게 아니에요.,jlpt.n2.vocab.0233.m4a,ref_only:jfs_cando_b2+corpus_freq,draft,선정축: ①B2 언어활동「社交的なやりとり·感情と評価を示す」 푸념과 불만을 강조하며 이야기하기 / ②빈도 zipf 4.00 / 내용어 4887위(모집단 80726); Tanos교차: N2 일치
jlpt.n2.vocab.0234,N2,あきれる,あきれる,あきれる,아키레루,verb,g2,vi,기가 막히다,어이없다,{同|おな}じ{失敗|しっ|ぱい}を{三度|さん|ど}も{繰|く}り{返|かえ}されてあきれました。,같은 실수를 세 번이나 반복해서 기가 막혔어요.,jlpt.n2.vocab.0234.m4a,ref_only:jfs_cando_b2+corpus_freq,draft,선정축: ①B2 언어활동「社交的なやりとり·感情と評価を示す」 푸념과 불만을 자기 감정을 담아 이야기하기 / ②빈도 zipf 3.91 / 내용어 5733위(모집단 80726); Tanos교차: N2 일치
jlpt.n2.vocab.0235,N2,耐える,たえる,{耐|た}える,타에루,verb,g2,vi_vt,견디다,참다;버티다,この{建物|たて|もの}は{強|つよ}い{地震|じ|しん}にも{耐|た}えられるそうです。,이 건물은 강한 지진에도 견딜 수 있다고 해요.,jlpt.n2.vocab.0235.m4a,ref_only:jfs_cando_b2+corpus_freq,draft,선정축: ①B2 언어활동「社交的なやりとり·感情と評価を示す」 고생담을 섞어 경험을 이야기하기 / ②빈도 zipf 4.53 / 내용어 1725위(모집단 80726); Tanos교차: N1 분류(구시험 기준) — 선정축 판단을 우선해 N2 유지
jlpt.n2.vocab.0236,N2,満たす,みたす,{満|み}たす,미타스,verb,g1,vt,충족시키다,채우다,{条件|じょう|けん}を{満|み}たしていないので{申|もう}し{込|こ}めませんでした。,조건을 충족하지 못해서 신청할 수 없었어요.,jlpt.n2.vocab.0236.m4a,ref_only:jfs_cando_b2+corpus_freq,draft,선정축: ①B2 언어활동「社交的なやりとり·感情と評価を示す」 만족한 점과 그렇지 않은 점을 이야기하기 / ②빈도 zipf 4.27 / 내용어 3022위(모집단 80726); Tanos교차: N1 분류(구시험 기준) — 선정축 판단을 우선해 N2 유지
jlpt.n2.vocab.0237,N2,悔やむ,くやむ,{悔|く}やむ,쿠야무,verb,g1,vt,후회하다,애석해하다,あのとき{何|なに}も{言|い}わなかったことを{今|いま}でも{悔|く}やんでいます。,그때 아무 말도 하지 않은 것을 지금도 후회하고 있어요.,jlpt.n2.vocab.0237.m4a,ref_only:jfs_cando_b2+corpus_freq,draft,선정축: ①B2 언어활동「社交的なやりとり·感情と評価を示す」 자기 감정을 섞어 근황과 경험을 이야기하기 / ②빈도 zipf 3.57 / 내용어 9656위(모집단 80726); Tanos교차: N2 일치
jlpt.n2.vocab.0238,N2,見直す,みなおす,{見|み}{直|なお}す,미나오스,verb,g1,vt,재평가하다,다시 보다;재검토하다,{今回|こん|かい}のことで{彼|かれ}のことを{見|み}{直|なお}しました。,이번 일로 그를 다시 보게 됐어요.,jlpt.n2.vocab.0238.m4a,ref_only:jfs_cando_b2+corpus_freq,draft,선정축: ①B2 언어활동「社交的なやりとり·感情と評価を示す」 자기 시점에서 평가를 명료하게 말하기 / ②빈도 zipf 3.84 / 내용어 6385위(모집단 80726); Tanos교차: N2 일치
jlpt.n2.vocab.0239,N2,落ち込む,おちこむ,{落|お}ち{込|こ}む,오치코무,verb,g1,vi,침울해지다,(수치가) 떨어지다,{思|おも}うような{結果|けっ|か}が{出|で}ずに{少|すこ}し{落|お}ち{込|こ}んでいます。,생각한 만큼 결과가 나오지 않아 좀 침울해져 있어요.,jlpt.n2.vocab.0239.m4a,ref_only:jfs_cando_b2+corpus_freq,draft,선정축: ①B2 언어활동「社交的なやりとり·感情と評価を示す」 고민과 불만을 자기 감정과 함께 이야기하기 / ②빈도 zipf 4.08 / 내용어 4268위(모집단 80726); Tanos교차: N1 분류(구시험 기준) — 선정축 판단을 우선해 N2 유지
jlpt.n2.vocab.0240,N2,惜しい,おしい,{惜|お}しい,오시이,i_adj,i_adj,-,아깝다,아쉽다,あと{少|すこ}しで{間|ま}に{合|あ}ったのに{惜|お}しいことをしました。,조금만 더 하면 시간에 맞췄을 텐데 아까운 일을 했어요.,jlpt.n2.vocab.0240.m4a,ref_only:jfs_cando_b2+corpus_freq,draft,선정축: ①B2 언어활동「社交的なやりとり·感情と評価を示す」 아쉬운 점을 강조하며 감상을 말하기 / ②빈도 zipf 4.34 / 내용어 2651위(모집단 80726); Tanos교차: N2 일치
jlpt.n2.vocab.0241,N2,物足りない,ものたりない,{物|もの}{足|た}りない,모노타리나이,i_adj,i_adj,-,뭔가 부족하다,성에 차지 않다,{説明|せつ|めい}は{分|わ}かりやすかったのですが{少|すこ}し{物|もの}{足|た}りませんでした。,설명은 이해하기 쉬웠지만 조금 뭔가 부족했어요.,jlpt.n2.vocab.0241.m4a,ref_only:jfs_cando_b2+corpus_freq,draft,선정축: ①B2 언어활동「社交的なやりとり·感情と評価を示す」 자기 나름의 시점으로 평가를 쓰기 / ②빈도 zipf 3.52 / 순위표 밖; Tanos교차: N1 분류(구시험 기준) — 선정축 판단을 우선해 N2 유지
jlpt.n2.vocab.0242,N2,頼もしい,たのもしい,{頼|たの}もしい,타노모시이,i_adj,i_adj,-,믿음직하다,든든하다,{新|あたら}しく{入|はい}った{人|ひと}はとても{頼|たの}もしいです。,새로 들어온 사람은 아주 믿음직해요.,jlpt.n2.vocab.0242.m4a,ref_only:jfs_cando_b2+corpus_freq,draft,선정축: ①B2 언어활동「社交的なやりとり·感情と評価を示す」 사람됨에 대해 자기 평가를 섞어 이야기하기 / ②빈도 zipf 3.45 / 내용어 11393위(모집단 80726); Tanos교차: N2 일치
jlpt.n2.vocab.0243,N2,情けない,なさけない,{情|なさ}けない,나사케나이,i_adj,i_adj,-,한심하다,딱하다,こんな{簡単|かん|たん}な{計算|けい|さん}を{間違|ま|ちが}えるとは{情|なさ}けないです。,이런 간단한 계산을 틀리다니 한심해요.,jlpt.n2.vocab.0243.m4a,ref_only:jfs_cando_b2+corpus_freq,draft,선정축: ①B2 언어활동「社交的なやりとり·感情と評価を示す」 불만과 푸념을 자기 감정과 함께 이야기하기 / ②빈도 zipf 3.82 / 내용어 6599위(모집단 80726); Tanos교차: 전급수 목록밖 — Tanos(구시험 어휘)에 없는 현대어로 판단
jlpt.n2.vocab.0244,N2,心強い,こころづよい,{心強|こころ|づよ}い,코코로즈요이,i_adj,i_adj,-,든든하다,마음 놓이다,{経験|けい|けん}のある{人|ひと}がいてくれるのは{心強|こころ|づよ}いです。,경험 있는 사람이 있어 주는 건 든든해요.,jlpt.n2.vocab.0244.m4a,ref_only:jfs_cando_b2+corpus_freq,draft,선정축: ①B2 언어활동「社交的なやりとり·感情と評価を示す」 만족하고 있는 점을 강조하며 이야기하기 / ②빈도 zipf 3.51 / 내용어 10482위(모집단 80726); Tanos교차: N1 분류(구시험 기준) — 선정축 판단을 우선해 N2 유지
jlpt.n2.vocab.0245,N2,光栄,こうえい,{光栄|こう|えい},코오에에,na_adj,na_adj,-,영광이다,-,このような{会|かい}でお{話|はなし}できて{光栄|こう|えい}です。,이런 자리에서 이야기할 수 있어 영광이에요.,jlpt.n2.vocab.0245.m4a,ref_only:jfs_cando_b2+corpus_freq,draft,선정축: ①B2 언어활동「社交的なやりとり·感情と評価を示す」 사교적인 자리에서 여러 화제로 대화에 참여하기 / ②빈도 zipf 3.66 / 내용어 8346위(모집단 80726); Tanos교차: 전급수 목록밖 — Tanos(구시험 어휘)에 없는 현대어로 판단
jlpt.n2.vocab.0246,N2,幸運,こううん,{幸運|こう|うん},코오온,na_adj,na_adj,-,행운이다,운이 좋다,いい{先輩|せん|ぱい}に{出会|で|あ}えたのは{幸運|こう|うん}でした。,좋은 선배를 만난 건 행운이었어요.,jlpt.n2.vocab.0246.m4a,ref_only:jfs_cando_b2+corpus_freq,draft,선정축: ①B2 언어활동「社交的なやりとり·感情と評価を示す」 고생담과 포부를 섞어 질문에 답하기 / ②빈도 zipf 3.90 / 내용어 5778위(모집단 80726); Tanos교차: N3 분류 — 우리 N3 400 미수록 잔여분을 N2로 흡수
jlpt.n2.vocab.0247,N2,穏やか,おだやか,{穏|おだ}やか,오다야카,na_adj,na_adj,-,온화하다,차분하다,{議論|ぎ|ろん}は{最後|さい|ご}まで{穏|おだ}やかに{進|すす}みました。,논의는 끝까지 온화하게 진행됐어요.,jlpt.n2.vocab.0247.m4a,ref_only:jfs_cando_b2+corpus_freq,draft,선정축: ①B2 언어활동「社交的なやりとり·感情と評価を示す」 상대의 의견에 적확히 대응하며 논의하기 / ②빈도 zipf 4.14 / 내용어 3864위(모집단 80726); Tanos교차: N3 분류 — 우리 N3 400 미수록 잔여분을 N2로 흡수
jlpt.n2.vocab.0248,N2,切実,せつじつ,{切実|せつ|じつ},세츠지츠,na_adj,na_adj,-,절실하다,절박하다,{働|はたら}く{親|おや}にとっては{切実|せつ|じつ}な{問題|もん|だい}です。,일하는 부모에게는 절실한 문제예요.,jlpt.n2.vocab.0248.m4a,ref_only:jfs_cando_b2+corpus_freq,draft,선정축: ①B2 언어활동「社交的なやりとり·感情と評価を示す」 자기에게 중요한 점을 강조하며 이야기하기 / ②빈도 zipf 3.45 / 내용어 11307위(모집단 80726); Tanos교차: N1 분류(구시험 기준) — 선정축 판단을 우선해 N2 유지
jlpt.n2.vocab.0249,N2,つい,つい,つい,츠이,adv,-,-,그만,무심코,{面白|おも|しろ}くてついお{酒|さけ}を{飲|の}みすぎてしまいました。,재미있어서 그만 술을 너무 많이 마셔 버렸어요.,jlpt.n2.vocab.0249.m4a,ref_only:jfs_cando_b2+corpus_freq,draft,선정축: ①B2 언어활동「社交的なやりとり·感情と評価を示す」 사교적인 자리에서 긴 대화에 참여하기 / ②빈도 zipf 5.31 / 내용어 177위(모집단 80726); Tanos교차: 전급수 목록밖 — Tanos(구시험 어휘)에 없는 현대어로 판단
jlpt.n2.vocab.0250,N2,思わず,おもわず,{思|おも}わず,오모와즈,adv,-,-,저도 모르게,엉겁결에,{最後|さい|ご}の{場面|ば|めん}で{思|おも}わず{声|こえ}を{上|あ}げてしまいました。,마지막 장면에서 저도 모르게 소리를 내고 말았어요.,jlpt.n2.vocab.0250.m4a,ref_only:jfs_cando_b2+corpus_freq,draft,선정축: ①B2 언어활동「社交的なやりとり·感情と評価を示す」 감상을 자기 감정과 함께 이야기하기 / ②빈도 zipf 4.23 / 순위표 밖; Tanos교차: N3 분류 — 우리 N3 400 미수록 잔여분을 N2로 흡수
jlpt.n2.vocab.0251,N2,論拠,ろんきょ,{論拠|ろん|きょ},롱쿄,noun,-,-,논거,-,{論拠|ろん|きょ}を{示|しめ}しながら{自分|じ|ぶん}の{考|かんが}えを{述|の}べました。,논거를 제시하면서 제 생각을 말했어요.,jlpt.n2.vocab.0251.m4a,ref_only:jfs_cando_b2+corpus_freq,draft,선정축: ①B2 언어활동「根拠·論拠を示す·仮説を立てる」 논거를 제시하며 자기 생각을 말하고 반론에 대응하기 / ②빈도 zipf 2.82 / 내용어 24041위(모집단 80726); Tanos교차: 전급수 목록밖 — Tanos(구시험 어휘)에 없는 현대어로 판단
jlpt.n2.vocab.0252,N2,証拠,しょうこ,{証拠|しょう|こ},쇼오코,noun,-,-,증거,-,そう{言|い}い{切|き}るだけの{証拠|しょう|こ}がありません。,그렇게 단언할 만한 증거가 없어요.,jlpt.n2.vocab.0252.m4a,ref_only:jfs_cando_b2+corpus_freq,draft,선정축: ①B2 언어활동「根拠·論拠を示す·仮説を立てる」 근거를 제시하며 상대의 의견에 반론하기 / ②빈도 zipf 4.69 / 내용어 1150위(모집단 80726); Tanos교차: N1 분류(구시험 기준) — 선정축 판단을 우선해 N2 유지
jlpt.n2.vocab.0253,N2,仮説,かせつ,{仮説|か|せつ},카세츠,noun,-,-,가설,-,{今後|こん|ご}の{展開|てん|かい}について{仮説|か|せつ}を{立|た}てて{話|はな}し{合|あ}いました。,앞으로의 전개에 대해 가설을 세워 이야기를 나눴어요.,jlpt.n2.vocab.0253.m4a,ref_only:jfs_cando_b2+corpus_freq,draft,선정축: ①B2 언어활동「根拠·論拠を示す·仮説を立てる」 가설을 세워 앞으로의 전개를 예측하며 논의하기 / ②빈도 zipf 3.90 / 내용어 5766위(모집단 80726); Tanos교차: 전급수 목록밖 — Tanos(구시험 어휘)에 없는 현대어로 판단
jlpt.n2.vocab.0254,N2,前提,ぜんてい,{前提|ぜん|てい},젠테에,noun,-,-,전제,-,その{話|はなし}は{予算|よ|さん}が{通|とお}ることが{前提|ぜん|てい}になっています。,그 이야기는 예산이 통과되는 것이 전제가 되어 있어요.,jlpt.n2.vocab.0254.m4a,ref_only:jfs_cando_b2+corpus_freq,draft,선정축: ①B2 언어활동「根拠·論拠を示す·仮説を立てる」 논거를 들며 자기 입장을 정확히 말하기 / ②빈도 zipf 4.41 / 내용어 2270위(모집단 80726); Tanos교차: N1 분류(구시험 기준) — 선정축 판단을 우선해 N2 유지
jlpt.n2.vocab.0255,N2,要因,よういん,{要因|よう|いん},요오인,noun,-,-,요인,원인,{売|う}り{上|あ}げが{落|お}ちた{要因|よう|いん}をいくつか{挙|あ}げました。,매출이 떨어진 요인을 몇 가지 들었어요.,jlpt.n2.vocab.0255.m4a,ref_only:jfs_cando_b2+corpus_freq,draft,선정축: ①B2 언어활동「根拠·論拠を示す·仮説を立てる」 분석과 고찰을 포함한 보고서를 쓰기 / ②빈도 zipf 4.23 / 내용어 3230위(모집단 80726); Tanos교차: N1 분류(구시험 기준) — 선정축 판단을 우선해 N2 유지
jlpt.n2.vocab.0256,N2,要素,ようそ,{要素|よう|そ},요오소,noun,-,-,요소,-,この{企画|き|かく}には{面白|おも|しろ}い{要素|よう|そ}がたくさんあります。,이 기획에는 흥미로운 요소가 많이 있어요.,jlpt.n2.vocab.0256.m4a,ref_only:jfs_cando_b2+corpus_freq,draft,선정축: ①B2 언어활동「根拠·論拠を示す·仮説を立てる」 이해득실을 들며 자기 시점을 말하기 / ②빈도 zipf 4.78 / 내용어 897위(모집단 80726); Tanos교차: N3 분류 — 우리 N3 400 미수록 잔여분을 N2로 흡수
jlpt.n2.vocab.0257,N2,背景,はいけい,{背景|はい|けい},하이케에,noun,-,-,배경,-,この{問題|もん|だい}の{背景|はい|けい}には{長|なが}い{歴史|れき|し}があります。,이 문제의 배경에는 긴 역사가 있어요.,jlpt.n2.vocab.0257.m4a,ref_only:jfs_cando_b2+corpus_freq,draft,선정축: ①B2 언어활동「根拠·論拠を示す·仮説を立てる」 원인과 배경을 이야기하며 의견을 교환하기 / ②빈도 zipf 4.65 / 내용어 1294위(모집단 80726); Tanos교차: N1 분류(구시험 기준) — 선정축 판단을 우선해 N2 유지
jlpt.n2.vocab.0258,N2,事例,じれい,{事例|じ|れい},지레에,noun,-,-,사례,-,{似|に}たような{事例|じ|れい}が{他|ほか}の{地域|ち|いき}にもありました。,비슷한 사례가 다른 지역에도 있었어요.,jlpt.n2.vocab.0258.m4a,ref_only:jfs_cando_b2+corpus_freq,draft,선정축: ①B2 언어활동「根拠·論拠を示す·仮説を立てる」 구체적인 에피소드를 근거로 들며 쓰기 / ②빈도 zipf 4.29 / 내용어 2869위(모집단 80726); Tanos교차: 전급수 목록밖 — Tanos(구시험 어휘)에 없는 현대어로 판단
jlpt.n2.vocab.0259,N2,統計,とうけい,{統計|とう|けい},토오케에,noun,-,-,통계,-,{国|くに}が{出|だ}した{統計|とう|けい}をもとに{説明|せつ|めい}しました。,나라에서 낸 통계를 바탕으로 설명했어요.,jlpt.n2.vocab.0259.m4a,ref_only:jfs_cando_b2+corpus_freq,draft,선정축: ①B2 언어활동「根拠·論拠を示す·仮説を立てる」 데이터를 제시하며 명확하고 상세하게 설명하기 / ②빈도 zipf 4.37 / 내용어 2478위(모집단 80726); Tanos교차: N2 일치
jlpt.n2.vocab.0260,N2,数値,すうち,{数値|すう|ち},스우치,noun,-,-,수치,값,グラフの{数値|すう|ち}を{示|しめ}しながら{企画|き|かく}{案|あん}を{説明|せつ|めい}しました。,그래프의 수치를 제시하면서 기획안을 설명했어요.,jlpt.n2.vocab.0260.m4a,ref_only:jfs_cando_b2+corpus_freq,draft,선정축: ①B2 언어활동「根拠·論拠を示す·仮説を立てる」 도표와 그래프를 제시하며 설명하고 질문에 대응하기 / ②빈도 zipf 4.21 / 내용어 3358위(모집단 80726); Tanos교차: 전급수 목록밖 — Tanos(구시험 어휘)에 없는 현대어로 판단
jlpt.n2.vocab.0261,N2,疑問,ぎもん,{疑問|ぎ|もん},기몬,noun,-,-,의문,-,その{説明|せつ|めい}には{少|すこ}し{疑問|ぎ|もん}が{残|のこ}ります。,그 설명에는 조금 의문이 남아요.,jlpt.n2.vocab.0261.m4a,ref_only:jfs_cando_b2+corpus_freq,draft,선정축: ①B2 언어활동「根拠·論拠を示す·仮説を立てる」 사실 확인을 하며 논의에 참여하기 / ②빈도 zipf 4.60 / 내용어 1441위(모집단 80726); Tanos교차: N3 분류 — 우리 N3 400 미수록 잔여분을 N2로 흡수
jlpt.n2.vocab.0262,N2,矛盾,むじゅん,{矛盾|む|じゅん},무준,noun,suru_noun,vi,모순,-,{前|まえ}の{説明|せつ|めい}と{矛盾|む|じゅん}している{点|てん}を{指摘|し|てき}しました。,앞의 설명과 모순되는 점을 지적했어요.,jlpt.n2.vocab.0262.m4a,ref_only:jfs_cando_b2+corpus_freq,draft,선정축: ①B2 언어활동「根拠·論拠を示す·仮説を立てる」 논의의 요점을 이해하고 적확히 대응하기 / ②빈도 zipf 4.04 / 내용어 4544위(모집단 80726); Tanos교차: N2 일치
jlpt.n2.vocab.0263,N2,基づく,もとづく,{基|もと}づく,모토즈쿠,verb,g1,vi,근거하다,기초하다,アンケート{調査|ちょう|さ}に{基|もと}づいて{報告書|ほう|こく|しょ}を{作|つく}りました。,설문 조사에 근거해서 보고서를 만들었어요.,jlpt.n2.vocab.0263.m4a,ref_only:jfs_cando_b2+corpus_freq,draft,선정축: ①B2 언어활동「根拠·論拠を示す·仮説を立てる」 설문 조사에 기초해 분석을 포함한 보고서를 쓰기 / ②빈도 zipf 4.66 / 내용어 1271위(모집단 80726); Tanos교차: N3 분류 — 우리 N3 400 미수록 잔여분을 N2로 흡수
jlpt.n2.vocab.0264,N2,導く,みちびく,{導|みちび}く,미치비쿠,verb,g1,vt,이끌다,(결론을) 도출하다,この{数字|すう|じ}からどんな{結論|けつ|ろん}が{導|みちび}けるでしょうか。,이 수치에서 어떤 결론을 도출할 수 있을까요.,jlpt.n2.vocab.0264.m4a,ref_only:jfs_cando_b2+corpus_freq,draft,선정축: ①B2 언어활동「根拠·論拠を示す·仮説を立てる」 데이터를 제시하며 연구 결과를 설명하기 / ②빈도 zipf 4.20 / 내용어 3462위(모집단 80726); Tanos교차: N1 분류(구시험 기준) — 선정축 판단을 우선해 N2 유지
jlpt.n2.vocab.0265,N2,裏付ける,うらづける,{裏付|うら|づ}ける,우라즈케루,verb,g2,vt,뒷받침하다,입증하다,その{考|かんが}えを{裏付|うら|づ}けるデータがまだありません。,그 생각을 뒷받침할 데이터가 아직 없어요.,jlpt.n2.vocab.0265.m4a,ref_only:jfs_cando_b2+corpus_freq,draft,선정축: ①B2 언어활동「根拠·論拠を示す·仮説を立てる」 논거를 제시하며 자기 견해를 정확히 말하기 / ②빈도 zipf 3.23 / 내용어 15260위(모집단 80726); Tanos교차: 전급수 목록밖 — Tanos(구시험 어휘)에 없는 현대어로 판단
jlpt.n2.vocab.0266,N2,踏まえる,ふまえる,{踏|ふ}まえる,후마에루,verb,g2,vt,근거로 삼다,고려하다,{前回|ぜん|かい}の{反省|はん|せい}を{踏|ふ}まえて{改善|かい|ぜん}{案|あん}を{出|だ}しました。,지난번 반성을 근거로 삼아 개선안을 냈어요.,jlpt.n2.vocab.0266.m4a,ref_only:jfs_cando_b2+corpus_freq,draft,선정축: ①B2 언어활동「根拠·論拠を示す·仮説を立てる」 과제가 된 점을 들어 다음을 향한 개선안을 말하기 / ②빈도 zipf 3.95 / 내용어 5359위(모집단 80726); Tanos교차: N1 분류(구시험 기준) — 선정축 판단을 우선해 N2 유지
jlpt.n2.vocab.0267,N2,当てはまる,あてはまる,{当|あ}てはまる,아테하마루,verb,g1,vi,들어맞다,해당하다,この{条件|じょう|けん}に{当|あ}てはまる{人|ひと}は{多|おお}くありません。,이 조건에 들어맞는 사람은 많지 않아요.,jlpt.n2.vocab.0267.m4a,ref_only:jfs_cando_b2+corpus_freq,draft,선정축: ①B2 언어활동「根拠·論拠を示す·仮説を立てる」 사실 확인을 하며 근거를 검토하기 / ②빈도 zipf 3.91 / 내용어 5735위(모집단 80726); Tanos교차: N1 분류(구시험 기준) — 선정축 판단을 우선해 N2 유지
jlpt.n2.vocab.0268,N2,見出す,みいだす,{見出|み|いだ}す,미이다스,verb,g1,vt,찾아내다,발견하다,{長|なが}い{文章|ぶん|しょう}から{必要|ひつ|よう}な{情報|じょう|ほう}を{見出|み|いだ}しました。,긴 글에서 필요한 정보를 찾아냈어요.,jlpt.n2.vocab.0268.m4a,ref_only:jfs_cando_b2+corpus_freq,draft,선정축: ①B2 언어활동「根拠·論拠を示す·仮説を立てる」 길고 복잡한 글에서 필요한 정보를 찾아내기 / ②빈도 zipf 3.34 / 순위표 밖; Tanos교차: 전급수 목록밖 — Tanos(구시험 어휘)에 없는 현대어로 판단
jlpt.n2.vocab.0269,N2,定める,さだめる,{定|さだ}める,사다메루,verb,g2,vt,정하다,규정하다,{契約書|けい|やく|しょ}に{定|さだ}められた{条件|じょう|けん}を{確|たし}かめました。,계약서에 정해진 조건을 확인했어요.,jlpt.n2.vocab.0269.m4a,ref_only:jfs_cando_b2+corpus_freq,draft,선정축: ①B2 언어활동「根拠·論拠を示す·仮説を立てる」 계약서를 읽고 조건과 특기 사항을 이해하기 / ②빈도 zipf 3.95 / 내용어 5317위(모집단 80726); Tanos교차: N1 분류(구시험 기준) — 선정축 판단을 우선해 N2 유지
jlpt.n2.vocab.0270,N2,妥当,だとう,{妥当|だ|とう},다토오,na_adj,na_adj,-,타당하다,-,その{判断|はん|だん}は{妥当|だ|とう}だったと{思|おも}います。,그 판단은 타당했다고 생각해요.,jlpt.n2.vocab.0270.m4a,ref_only:jfs_cando_b2+corpus_freq,draft,선정축: ①B2 언어활동「根拠·論拠を示す·仮説を立てる」 근거를 들어 자기 견해를 정확히 말하기 / ②빈도 zipf 3.91 / 내용어 5666위(모집단 80726); Tanos교차: N2 일치
jlpt.n2.vocab.0271,N2,有力,ゆうりょく,{有力|ゆう|りょく},유우료쿠,na_adj,na_adj,-,유력하다,-,{今|いま}のところこの{説明|せつ|めい}が{一番|いち|ばん}{有力|ゆう|りょく}です。,지금으로서는 이 설명이 가장 유력해요.,jlpt.n2.vocab.0271.m4a,ref_only:jfs_cando_b2+corpus_freq,draft,선정축: ①B2 언어활동「根拠·論拠を示す·仮説を立てる」 가설을 세워 근거와 함께 말하기 / ②빈도 zipf 3.97 / 내용어 5152위(모집단 80726); Tanos교차: N1 분류(구시험 기준) — 선정축 판단을 우선해 N2 유지
jlpt.n2.vocab.0272,N2,明白,めいはく,{明白|めい|はく},메에하쿠,na_adj,na_adj,-,명백하다,뚜렷하다,{責任|せき|にん}がどこにあるかは{明白|めい|はく}です。,책임이 어디에 있는지는 명백해요.,jlpt.n2.vocab.0272.m4a,ref_only:jfs_cando_b2+corpus_freq,draft,선정축: ①B2 언어활동「根拠·論拠を示す·仮説を立てる」 책임 소재를 명확히 하며 교섭하기 / ②빈도 zipf 3.78 / 내용어 6984위(모집단 80726); Tanos교차: N1 분류(구시험 기준) — 선정축 판단을 우선해 N2 유지
jlpt.n2.vocab.0273,N2,的確,てきかく,{的確|てき|かく},테키카쿠,na_adj,na_adj,-,적확하다,정확하다,{質問|しつ|もん}に{的確|てき|かく}に{答|こた}えられるよう{準備|じゅん|び}しました。,질문에 적확하게 답할 수 있도록 준비했어요.,jlpt.n2.vocab.0273.m4a,ref_only:jfs_cando_b2+corpus_freq,draft,선정축: ①B2 언어활동「根拠·論拠を示す·仮説を立てる」 참가자의 질문에 적확하게 대응하기 / ②빈도 zipf 3.76 / 내용어 7221위(모집단 80726); Tanos교차: N2 일치
jlpt.n2.vocab.0274,N2,明瞭,めいりょう,{明瞭|めい|りょう},메에료오,na_adj,na_adj,-,명료하다,또렷하다,{結論|けつ|ろん}を{明瞭|めい|りょう}に{書|か}くことを{心|こころ}がけています。,결론을 명료하게 쓰는 것을 유념하고 있어요.,jlpt.n2.vocab.0274.m4a,ref_only:jfs_cando_b2+corpus_freq,draft,선정축: ①B2 언어활동「根拠·論拠を示す·仮説を立てる」 자기 시점으로 명료하고 상세하게 쓰기 / ②빈도 zipf 3.35 / 내용어 12994위(모집단 80726); Tanos교차: N1 분류(구시험 기준) — 선정축 판단을 우선해 N2 유지
jlpt.n2.vocab.0275,N2,現に,げんに,{現|げん}に,겐니,adv,-,-,실제로,현재,{現|げん}にこの{方法|ほう|ほう}で{成果|せい|か}を{上|あ}げた{例|れい}があります。,실제로 이 방법으로 성과를 올린 예가 있어요.,jlpt.n2.vocab.0275.m4a,ref_only:jfs_cando_b2+corpus_freq,draft,선정축: ①B2 언어활동「根拠·論拠を示す·仮説を立てる」 근거를 제시하며 상대의 의견에 반론하기 / ②빈도 zipf 3.47 / 내용어 11069위(모집단 80726); Tanos교차: N2 일치
jlpt.n2.vocab.0276,N2,一見,いっけん,{一見|いっ|けん},익켄,adv,-,-,언뜻 보기에,한 번 봄,{一見|いっ|けん}{簡単|かん|たん}そうですが{実|じつ}は{難|むずか}しい{作業|さ|ぎょう}です。,언뜻 보기에 간단해 보이지만 사실은 어려운 작업이에요.,jlpt.n2.vocab.0276.m4a,ref_only:jfs_cando_b2+corpus_freq,draft,선정축: ①B2 언어활동「根拠·論拠を示す·仮説を立てる」 이해득실을 비교해 각각의 문제점을 말하기 / ②빈도 zipf 4.09 / 내용어 4171위(모집단 80726); Tanos교차: N1 분류(구시험 기준) — 선정축 판단을 우선해 N2 유지
jlpt.n2.vocab.0277,N2,果たして,はたして,{果|は}たして,하타시테,adv,-,-,과연,정말로,{果|は}たしてこのやり{方|かた}でうまくいくでしょうか。,과연 이 방식으로 잘될까요.,jlpt.n2.vocab.0277.m4a,ref_only:jfs_cando_b2+corpus_freq,draft,선정축: ①B2 언어활동「根拠·論拠を示す·仮説を立てる」 가설을 세워 앞으로의 전개를 예측하기 / ②빈도 zipf 4.09 / 내용어 4203위(모집단 80726); Tanos교차: N1 분류(구시험 기준) — 선정축 판단을 우선해 N2 유지
jlpt.n2.vocab.0278,N2,まさに,まさに,まさに,마사니,adv,-,-,바로,틀림없이,それがまさにわたしの{言|い}いたかったことです。,그게 바로 제가 말하고 싶었던 거예요.,jlpt.n2.vocab.0278.m4a,ref_only:jfs_cando_b2+corpus_freq,draft,선정축: ①B2 언어활동「根拠·論拠を示す·仮説を立てる」 논의의 요점을 이해하고 자기 견해를 말하기 / ②빈도 zipf 4.76 / 내용어 959위(모집단 80726); Tanos교차: N3 분류 — 우리 N3 400 미수록 잔여분을 N2로 흡수
jlpt.n2.vocab.0279,N2,傾向,けいこう,{傾向|けい|こう},케에코오,noun,-,-,경향,추세,{若|わか}い{人|ひと}ほどこの{意見|い|けん}に{賛成|さん|せい}する{傾向|けい|こう}があります。,젊은 사람일수록 이 의견에 찬성하는 경향이 있어요.,jlpt.n2.vocab.0279.m4a,ref_only:jfs_cando_b2+corpus_freq,draft,선정축: ①B2 언어활동「比較する·程度と傾向を言う」 사람들의 느낌 차이와 소비 동향을 이해하기 / ②빈도 zipf 4.60 / 내용어 1431위(모집단 80726); Tanos교차: N3 분류 — 우리 N3 400 미수록 잔여분을 N2로 흡수
jlpt.n2.vocab.0280,N2,対比,たいひ,{対比|たい|ひ},타이히,noun,suru_noun,vt,대비,견줌,{二|ふた}つの{案|あん}を{対比|たい|ひ}して{表|ひょう}にまとめました。,두 가지 안을 대비해서 표로 정리했어요.,jlpt.n2.vocab.0280.m4a,ref_only:jfs_cando_b2+corpus_freq,draft,선정축: ①B2 언어활동「比較する·程度と傾向を言う」 작업 절차와 분담 방법을 비교해 이해득실을 말하기 / ②빈도 zipf 3.58 / 내용어 9434위(모집단 80726); Tanos교차: N1 분류(구시험 기준) — 선정축 판단을 우선해 N2 유지
jlpt.n2.vocab.0281,N2,相違,そうい,{相違|そう|い},소오이,noun,suru_noun,vi,상이,차이,{両者|りょう|しゃ}の{意見|い|けん}には{大|おお}きな{相違|そう|い}があります。,양자의 의견에는 큰 차이가 있어요.,jlpt.n2.vocab.0281.m4a,ref_only:jfs_cando_b2+corpus_freq,draft,선정축: ①B2 언어활동「比較する·程度と傾向を言う」 이전 인상과의 차이를 강조하며 쓰기 / ②빈도 zipf 3.80 / 내용어 6772위(모집단 80726); Tanos교차: N2 일치
jlpt.n2.vocab.0282,N2,度合い,どあい,{度合|ど|あ}い,도아이,noun,-,-,정도,수준,{地域|ち|いき}によって{被害|ひ|がい}の{度合|ど|あ}いが{違|ちが}いました。,지역에 따라 피해 정도가 달랐어요.,jlpt.n2.vocab.0282.m4a,ref_only:jfs_cando_b2+corpus_freq,draft,선정축: ①B2 언어활동「比較する·程度と傾向を言う」 정도를 비교해 상세히 설명하기 / ②빈도 zipf 3.59 / 내용어 9366위(모집단 80726); Tanos교차: 전급수 목록밖 — Tanos(구시험 어휘)에 없는 현대어로 판단
jlpt.n2.vocab.0283,N2,割合,わりあい,{割合|わり|あい},와리아이,noun,-,-,비율,-,{全体|ぜん|たい}に{占|し}める{割合|わり|あい}はまだ{小|ちい}さいです。,전체에서 차지하는 비율은 아직 작아요.,jlpt.n2.vocab.0283.m4a,ref_only:jfs_cando_b2+corpus_freq,draft,선정축: ①B2 언어활동「比較する·程度と傾向を言う」 집계 결과를 분석해 보고서를 쓰기 / ②빈도 zipf 4.30 / 내용어 2827위(모집단 80726); Tanos교차: N4 분류 — 우리 N4 400 미수록 잔여분을 N2로 흡수
jlpt.n2.vocab.0284,N2,増加,ぞうか,{増加|ぞう|か},조오카,noun,suru_noun,vi,증가,-,{利用者|り|よう|しゃ}の{増加|ぞう|か}が{数字|すう|じ}にも{表|あらわ}れています。,이용자 증가가 수치에도 나타나고 있어요.,jlpt.n2.vocab.0284.m4a,ref_only:jfs_cando_b2+corpus_freq,draft,선정축: ①B2 언어활동「比較する·程度と傾向を言う」 데이터를 제시하며 변화를 설명하기 / ②빈도 zipf 4.62 / 내용어 1375위(모집단 80726); Tanos교차: N3 분류 — 우리 N3 400 미수록 잔여분을 N2로 흡수
jlpt.n2.vocab.0285,N2,減少,げんしょう,{減少|げん|しょう},겐쇼오,noun,suru_noun,vi,감소,-,{去年|きょ|ねん}に{比|くら}べて{注文|ちゅう|もん}の{減少|げん|しょう}が{目立|め|だ}ちます。,작년에 비해 주문 감소가 두드러져요.,jlpt.n2.vocab.0285.m4a,ref_only:jfs_cando_b2+corpus_freq,draft,선정축: ①B2 언어활동「比較する·程度と傾向を言う」 경기와 동향에 대한 코멘트를 이해하기 / ②빈도 zipf 4.43 / 내용어 2171위(모집단 80726); Tanos교차: N1 분류(구시험 기준) — 선정축 판단을 우선해 N2 유지
jlpt.n2.vocab.0286,N2,範囲,はんい,{範囲|はん|い},한이,noun,-,-,범위,-,{今回|こん|かい}{話|はな}し{合|あ}う{範囲|はん|い}をはじめに{決|き}めました。,이번에 논의할 범위를 처음에 정했어요.,jlpt.n2.vocab.0286.m4a,ref_only:jfs_cando_b2+corpus_freq,draft,선정축: ①B2 언어활동「比較する·程度と傾向を言う」 의제의 개요를 이해하고 논의에 참여하기 / ②빈도 zipf 4.68 / 내용어 1182위(모집단 80726); Tanos교차: N3 분류 — 우리 N3 400 미수록 잔여분을 N2로 흡수
jlpt.n2.vocab.0287,N2,上回る,うわまわる,{上回|うわ|まわ}る,우와마와루,verb,g1,vt,웃돌다,넘어서다,{今年|こ|とし}の{結果|けっ|か}は{予想|よ|そう}を{大|おお}きく{上回|うわ|まわ}りました。,올해 결과는 예상을 크게 웃돌았어요.,jlpt.n2.vocab.0287.m4a,ref_only:jfs_cando_b2+corpus_freq,draft,선정축: ①B2 언어활동「比較する·程度と傾向を言う」 집계 결과를 분석해 명쾌한 보고서를 쓰기 / ②빈도 zipf 4.17 / 내용어 3669위(모집단 80726); Tanos교차: N1 분류(구시험 기준) — 선정축 판단을 우선해 N2 유지
jlpt.n2.vocab.0288,N2,下回る,したまわる,{下回|した|まわ}る,시타마와루,verb,g1,vt,밑돌다,못 미치다,{売|う}り{上|あ}げが{目標|もく|ひょう}を{少|すこ}し{下回|した|まわ}りました。,매출이 목표를 조금 밑돌았어요.,jlpt.n2.vocab.0288.m4a,ref_only:jfs_cando_b2+corpus_freq,draft,선정축: ①B2 언어활동「比較する·程度と傾向を言う」 성과에 대해 상세한 보고서를 쓰기 / ②빈도 zipf 3.72 / 내용어 7711위(모집단 80726); Tanos교차: 전급수 목록밖 — Tanos(구시험 어휘)에 없는 현대어로 판단
jlpt.n2.vocab.0289,N2,及ぶ,およぶ,{及|およ}ぶ,오요부,verb,g1,vi,미치다,이르다,{話|はな}し{合|あ}いは{三時間|さん|じ|かん}に{及|およ}びました。,논의는 세 시간에 이르렀어요.,jlpt.n2.vocab.0289.m4a,ref_only:jfs_cando_b2+corpus_freq,draft,선정축: ①B2 언어활동「比較する·程度と傾向を言う」 긴 논의의 요점을 이해하고 대응하기 / ②빈도 zipf 4.38 / 내용어 2453위(모집단 80726); Tanos교차: N1 분류(구시험 기준) — 선정축 판단을 우선해 N2 유지
jlpt.n2.vocab.0290,N2,劣る,おとる,{劣|おと}る,오토루,verb,g1,vi,뒤떨어지다,못하다,{値段|ね|だん}は{高|たか}いですが{品質|ひん|しつ}は{劣|おと}りません。,값은 비싸지만 품질은 뒤떨어지지 않아요.,jlpt.n2.vocab.0290.m4a,ref_only:jfs_cando_b2+corpus_freq,draft,선정축: ①B2 언어활동「比較する·程度と傾向を言う」 이전에 갖고 있던 것과 비교하며 상세히 말하기 / ②빈도 zipf 3.86 / 내용어 6194위(모집단 80726); Tanos교차: N3 분류 — 우리 N3 400 미수록 잔여분을 N2로 흡수
jlpt.n2.vocab.0291,N2,勝る,まさる,{勝|まさ}る,마사루,verb,g1,vi,낫다,뛰어나다,この{案|あん}のほうが{費用|ひ|よう}の{点|てん}で{勝|まさ}っています。,이 안 쪽이 비용 면에서 나아요.,jlpt.n2.vocab.0291.m4a,ref_only:jfs_cando_b2+corpus_freq,draft,선정축: ①B2 언어활동「比較する·程度と傾向を言う」 각각의 이해득실을 뚜렷하게 말하기 / ②빈도 zipf 3.52 / 내용어 10323위(모집단 80726); Tanos교차: N1 분류(구시험 기준) — 선정축 판단을 우선해 N2 유지
jlpt.n2.vocab.0292,N2,異なる,ことなる,{異|こと}なる,코토나루,verb,g1,vi,다르다,상이하다,{年齢|ねん|れい}によって{答|こた}えが{大|おお}きく{異|こと}なりました。,연령에 따라 답이 크게 달랐어요.,jlpt.n2.vocab.0292.m4a,ref_only:jfs_cando_b2+corpus_freq,draft,선정축: ①B2 언어활동「比較する·程度と傾向を言う」 다른 연령층에 인터뷰해 답을 이끌어 내기 / ②빈도 zipf 4.92 / 내용어 643위(모집단 80726); Tanos교차: N3 분류 — 우리 N3 400 미수록 잔여분을 N2로 흡수
jlpt.n2.vocab.0293,N2,急激,きゅうげき,{急激|きゅう|げき},큐우게키,na_adj,na_adj,-,급격하다,갑작스럽다,{数字|すう|じ}の{急激|きゅう|げき}な{変化|へん|か}に{驚|おどろ}きました。,수치의 급격한 변화에 놀랐어요.,jlpt.n2.vocab.0293.m4a,ref_only:jfs_cando_b2+corpus_freq,draft,선정축: ①B2 언어활동「比較する·程度と傾向を言う」 동향에 관한 코멘트를 듣고 이해하기 / ②빈도 zipf 3.93 / 내용어 5501위(모집단 80726); Tanos교차: N3 분류 — 우리 N3 400 미수록 잔여분을 N2로 흡수
jlpt.n2.vocab.0294,N2,微妙,びみょう,{微妙|び|みょう},비묘오,na_adj,na_adj,-,미묘하다,애매하다,{二|ふた}つの{案|あん}の{差|さ}は{微妙|び|みょう}なところです。,두 안의 차이는 미묘한 부분이에요.,jlpt.n2.vocab.0294.m4a,ref_only:jfs_cando_b2+corpus_freq,draft,선정축: ①B2 언어활동「比較する·程度と傾向を言う」 디자인을 비교해 각각의 인상을 뚜렷이 말하기 / ②빈도 zipf 4.40 / 내용어 2345위(모집단 80726); Tanos교차: N3 분류 — 우리 N3 400 미수록 잔여분을 N2로 흡수
jlpt.n2.vocab.0295,N2,同様,どうよう,{同様|どう|よう},도오요오,na_adj,na_adj,-,마찬가지다,같은 모양,{今年|こ|とし}も{去年|きょ|ねん}と{同様|どう|よう}の{結果|けっ|か}になりました。,올해도 작년과 마찬가지의 결과가 됐어요.,jlpt.n2.vocab.0295.m4a,ref_only:jfs_cando_b2+corpus_freq,draft,선정축: ①B2 언어활동「比較する·程度と傾向を言う」 이전 것과 비교하면서 상세히 말하기 / ②빈도 zipf 4.81 / 내용어 826위(모집단 80726); Tanos교차: N3 분류 — 우리 N3 400 미수록 잔여분을 N2로 흡수
jlpt.n2.vocab.0296,N2,著しい,いちじるしい,{著|いちじる}しい,이치지루시이,i_adj,i_adj,-,현저하다,두드러지다,この{分野|ぶん|や}の{技術|ぎ|じゅつ}の{進歩|しん|ぽ}は{著|いちじる}しいです。,이 분야의 기술 진보는 현저해요.,jlpt.n2.vocab.0296.m4a,ref_only:jfs_cando_b2+corpus_freq,draft,선정축: ①B2 언어활동「比較する·程度と傾向を言う」 변화의 정도를 비교해 설명하기 / ②빈도 zipf 3.92 / 내용어 5630위(모집단 80726); Tanos교차: N1 분류(구시험 기준) — 선정축 판단을 우선해 N2 유지
jlpt.n2.vocab.0297,N2,等しい,ひとしい,{等|ひと}しい,히토시이,i_adj,i_adj,-,같다,동등하다,{二|ふた}つの{案|あん}にかかる{費用|ひ|よう}はほぼ{等|ひと}しいです。,두 안에 드는 비용은 거의 같아요.,jlpt.n2.vocab.0297.m4a,ref_only:jfs_cando_b2+corpus_freq,draft,선정축: ①B2 언어활동「比較する·程度と傾向を言う」 각각의 이해득실을 비교해 말하기 / ②빈도 zipf 3.96 / 내용어 5273위(모집단 80726); Tanos교차: N3 분류 — 우리 N3 400 미수록 잔여분을 N2로 흡수
jlpt.n2.vocab.0298,N2,一気に,いっきに,{一気|いっ|き}に,익키니,adv,-,-,단숨에,한꺼번에,{値段|ね|だん}が{一気|いっ|き}に{上|あ}がって{驚|おどろ}きました。,값이 단숨에 올라서 놀랐어요.,jlpt.n2.vocab.0298.m4a,ref_only:jfs_cando_b2+corpus_freq,draft,선정축: ①B2 언어활동「比較する·程度と傾向を言う」 경기 동향에 관한 사람들의 느낌 차이를 이해하기 / ②빈도 zipf 4.48 / 순위표 밖; Tanos교차: 전급수 목록밖 — Tanos(구시험 어휘)에 없는 현대어로 판단
jlpt.n2.vocab.0299,N2,一層,いっそう,{一層|いっ|そう},잇소오,adv,-,-,한층,더욱,{来年|らい|ねん}は{一層|いっ|そう}{厳|きび}しくなるだろうと{言|い}われています。,내년은 한층 더 어려워질 거라고들 해요.,jlpt.n2.vocab.0299.m4a,ref_only:jfs_cando_b2+corpus_freq,draft,선정축: ①B2 언어활동「比較する·程度と傾向を言う」 앞으로의 전개를 예측하며 논의하기 / ②빈도 zipf 3.82 / 내용어 6595위(모집단 80726); Tanos교차: N3 분류 — 우리 N3 400 미수록 잔여분을 N2로 흡수
jlpt.n2.vocab.0300,N2,かえって,かえって,かえって,카엣테,adv,-,-,오히려,도리어,{説明|せつ|めい}を{増|ふ}やすとかえって{分|わ}かりにくくなります。,설명을 늘리면 오히려 이해하기 어려워져요.,jlpt.n2.vocab.0300.m4a,ref_only:jfs_cando_b2+corpus_freq,draft,선정축: ①B2 언어활동「比較する·程度と傾向を言う」 이해득실을 들며 자기 시점을 명확히 말하기 / ②빈도 zipf 3.94 / 내용어 5455위(모집단 80726); Tanos교차: N2 일치
jlpt.n2.vocab.0301,N2,極めて,きわめて,{極|きわ}めて,키와메테,adv,-,-,극히,매우,これは{極|きわ}めてまれな{事例|じ|れい}だと{言|い}えます。,이건 극히 드문 사례라고 할 수 있어요.,jlpt.n2.vocab.0301.m4a,ref_only:jfs_cando_b2+corpus_freq,draft,선정축: ①B2 언어활동「比較する·程度と傾向を言う」 정도를 비교해 자기 견해를 말하기 / ②빈도 zipf 4.43 / 내용어 2191위(모집단 80726); Tanos교차: N1 분류(구시험 기준) — 선정축 판단을 우선해 N2 유지
jlpt.n2.vocab.0302,N2,若干,じゃっかん,{若干|じゃっ|かん},작칸,adv,-,-,약간,얼마간,{去年|きょ|ねん}より{若干|じゃっ|かん}{増|ふ}えている{程度|てい|ど}です。,작년보다 약간 늘어난 정도예요.,jlpt.n2.vocab.0302.m4a,ref_only:jfs_cando_b2+corpus_freq,draft,선정축: ①B2 언어활동「比較する·程度と傾向を言う」 수치를 제시하며 변화의 정도를 설명하기 / ②빈도 zipf 4.38 / 내용어 2433위(모집단 80726); Tanos교차: N1 분류(구시험 기준) — 선정축 판단을 우선해 N2 유지
jlpt.n2.vocab.0303,N2,過程,かてい,{過程|か|てい},카테에,noun,-,-,과정,-,{完成|かん|せい}までの{過程|か|てい}をスライドで{説明|せつ|めい}しました。,완성까지의 과정을 슬라이드로 설명했어요.,jlpt.n2.vocab.0303.m4a,ref_only:jfs_cando_b2+corpus_freq,draft,선정축: ①B2 언어활동「経過·手順を順序だてて説明する」 완성에 이르기까지의 과정을 주체적으로 이야기하기 / ②빈도 zipf 4.34 / 내용어 2629위(모집단 80726); Tanos교차: N2 일치
jlpt.n2.vocab.0304,N2,段階,だんかい,{段階|だん|かい},당카이,noun,-,-,단계,-,この{企画|き|かく}はまだ{準備|じゅん|び}の{段階|だん|かい}です。,이 기획은 아직 준비 단계예요.,jlpt.n2.vocab.0304.m4a,ref_only:jfs_cando_b2+corpus_freq,draft,선정축: ①B2 언어활동「経過·手順を順序だてて説明する」 작업 절차를 단계별로 비교해 설명하기 / ②빈도 zipf 4.73 / 내용어 1033위(모집단 80726); Tanos교차: N2 일치
jlpt.n2.vocab.0305,N2,順序,じゅんじょ,{順序|じゅん|じょ},준조,noun,-,-,순서,차례,{説明|せつ|めい}の{順序|じゅん|じょ}を{変|か}えたら{分|わ}かりやすくなりました。,설명 순서를 바꿨더니 이해하기 쉬워졌어요.,jlpt.n2.vocab.0305.m4a,ref_only:jfs_cando_b2+corpus_freq,draft,선정축: ①B2 언어활동「経過·手順を順序だてて説明する」 전시품의 배치와 설명 순서에 대해 의견을 말하기 / ②빈도 zipf 3.62 / 내용어 8939위(모집단 80726); Tanos교차: N2 일치
jlpt.n2.vocab.0306,N2,流れ,ながれ,{流|なが}れ,나가레,noun,-,-,흐름,경위,{議論|ぎ|ろん}の{流|なが}れを{理解|り|かい}してから{発言|はつ|げん}しました。,논의의 흐름을 이해하고 나서 발언했어요.,jlpt.n2.vocab.0306.m4a,ref_only:jfs_cando_b2+corpus_freq,draft,선정축: ①B2 언어활동「経過·手順を順序だてて説明する」 논의의 흐름과 각자 의견의 요점을 이해하기 / ②빈도 zipf 5.03 / 내용어 449위(모집단 80726); Tanos교차: N3 분류 — 우리 N3 400 미수록 잔여분을 N2로 흡수
jlpt.n2.vocab.0307,N2,仕上げる,しあげる,{仕上|し|あ}げる,시아게루,verb,g2,vt,완성하다,마무리하다,{出張|しゅっ|ちょう}{報告書|ほう|こく|しょ}を{今日|きょう}{中|じゅう}に{仕上|し|あ}げます。,출장 보고서를 오늘 중에 완성할게요.,jlpt.n2.vocab.0307.m4a,ref_only:jfs_cando_b2+corpus_freq,draft,선정축: ①B2 언어활동「経過·手順を順序だてて説明する」 출장 업무 내용과 성과에 대해 상세한 보고서를 쓰기 / ②빈도 zipf 3.28 / 내용어 14363위(모집단 80726); Tanos교차: N1 분류(구시험 기준) — 선정축 판단을 우선해 N2 유지
jlpt.n2.vocab.0308,N2,経る,へる,{経|へ}る,헤루,verb,g2,vi,거치다,(시간이) 지나다,{長|なが}い{話|はな}し{合|あ}いを{経|へ}てやっと{結論|けつ|ろん}が{出|で}ました。,긴 논의를 거쳐 겨우 결론이 나왔어요.,jlpt.n2.vocab.0308.m4a,ref_only:jfs_cando_b2+corpus_freq,draft,선정축: ①B2 언어활동「経過·手順を順序だてて説明する」 어떤 결론에 이르렀는지 상세한 정보를 전달하기 / ②빈도 zipf 3.04 / 내용어 19089위(모집단 80726); Tanos교차: N1 분류(구시험 기준) — 선정축 판단을 우선해 N2 유지
jlpt.n2.vocab.0309,N2,至る,いたる,{至|いた}る,이타루,verb,g1,vi,이르다,다다르다,{完成|かん|せい}に{至|いた}るまでの{苦労|く|ろう}を{正直|しょう|じき}に{話|はな}しました。,완성에 이르기까지의 고생을 솔직하게 이야기했어요.,jlpt.n2.vocab.0309.m4a,ref_only:jfs_cando_b2+corpus_freq,draft,선정축: ①B2 언어활동「経過·手順を順序だてて説明する」 완성에 이르기까지의 고생에 대해 이야기하기 / ②빈도 zipf 4.68 / 내용어 1202위(모집단 80726); Tanos교차: N3 분류 — 우리 N3 400 미수록 잔여분을 N2로 흡수
jlpt.n2.vocab.0310,N2,生じる,しょうじる,{生|しょう}じる,쇼오지루,verb,g2,vi,생기다,발생하다,{騒音|そう|おん}の{問題|もん|だい}が{生|しょう}じたので{管理人|かん|り|にん}に{相談|そう|だん}しました。,소음 문제가 생겨서 관리인에게 상담했어요.,jlpt.n2.vocab.0310.m4a,ref_only:jfs_cando_b2+corpus_freq,draft,선정축: ①B2 언어활동「経過·手順を順序だてて説明する」 문제가 생겼을 때 상황을 상세히 설명하기 / ②빈도 zipf 4.54 / 내용어 1680위(모집단 80726); Tanos교차: N3 분류 — 우리 N3 400 미수록 잔여분을 N2로 흡수
jlpt.n2.vocab.0311,N2,及ぼす,およぼす,{及|およ}ぼす,오요보스,verb,g1,vt,미치게 하다,끼치다,この{制度|せい|ど}が{業界|ぎょう|かい}に{及|およ}ぼす{影響|えい|きょう}は{小|ちい}さくありません。,이 제도가 업계에 미치는 영향은 작지 않아요.,jlpt.n2.vocab.0311.m4a,ref_only:jfs_cando_b2+corpus_freq,draft,선정축: ①B2 언어활동「経過·手順を順序だてて説明する」 사회 문제가 업계에 주는 영향과 연결해 논하기 / ②빈도 zipf 3.95 / 내용어 5373위(모집단 80726); Tanos교차: N3 분류 — 우리 N3 400 미수록 잔여분을 N2로 흡수
jlpt.n2.vocab.0312,N2,終える,おえる,{終|お}える,오에루,verb,g2,vt,끝내다,마치다,{予定|よ|てい}どおり{作業|さ|ぎょう}を{終|お}えることができました。,예정대로 작업을 끝낼 수 있었어요.,jlpt.n2.vocab.0312.m4a,ref_only:jfs_cando_b2+corpus_freq,draft,선정축: ①B2 언어활동「経過·手順を順序だてて説明する」 작업 절차와 분담에 대해 정보를 주고받기 / ②빈도 zipf 4.51 / 내용어 1830위(모집단 80726); Tanos교차: N3 분류 — 우리 N3 400 미수록 잔여분을 N2로 흡수
jlpt.n2.vocab.0313,N2,取り掛かる,とりかかる,{取|と}り{掛|か}かる,토리카카루,verb,g1,vi,착수하다,시작하다,{資料|し|りょう}が{届|とど}き{次第|し|だい}{分析|ぶん|せき}に{取|と}り{掛|か}かります。,자료가 도착하는 대로 분석에 착수하겠습니다.,jlpt.n2.vocab.0313.m4a,ref_only:jfs_cando_b2+corpus_freq,draft,선정축: ①B2 언어활동「経過·手順を順序だてて説明する」 업무 절차를 순서대로 명확히 설명하기 / ②빈도 zipf 3.40 / 내용어 12254위(모집단 80726); Tanos교차: 전급수 목록밖 — Tanos(구시험 어휘)에 없는 현대어로 판단
jlpt.n2.vocab.0314,N2,遂げる,とげる,{遂|と}げる,토게루,verb,g2,vt,이루다,완수하다,この{地域|ち|いき}は{十年|じゅう|ねん}で{大|おお}きな{発展|はっ|てん}を{遂|と}げました。,이 지역은 십 년 만에 큰 발전을 이뤘어요.,jlpt.n2.vocab.0314.m4a,ref_only:jfs_cando_b2+corpus_freq,draft,선정축: ①B2 언어활동「経過·手順を順序だてて説明する」 경과를 순서대로 설명하고 성과를 보고하기 / ②빈도 zipf 3.85 / 내용어 6285위(모집단 80726); Tanos교차: N1 분류(구시험 기준) — 선정축 판단을 우선해 N2 유지
jlpt.n2.vocab.0315,N2,先立つ,さきだつ,{先立|さき|だ}つ,사키다츠,verb,g1,vi,앞서다,선행하다,{発表|はっ|ぴょう}に{先立|さき|だ}って{資料|し|りょう}をお{配|くば}りします。,발표에 앞서 자료를 나눠 드리겠습니다.,jlpt.n2.vocab.0315.m4a,ref_only:jfs_cando_b2+corpus_freq,draft,선정축: ①B2 언어활동「経過·手順を順序だてて説明する」 순서를 세워 연구 목적과 방법을 설명하기 / ②빈도 zipf 3.48 / 내용어 10946위(모집단 80726); Tanos교차: 전급수 목록밖 — Tanos(구시험 어휘)에 없는 현대어로 판단
jlpt.n2.vocab.0316,N2,相次ぐ,あいつぐ,{相次|あい|つ}ぐ,아이츠구,verb,g1,vi,잇따르다,연달아 일어나다,{今年|こ|とし}は{災害|さい|がい}が{相次|あい|つ}ぎました。,올해는 재해가 잇따랐어요.,jlpt.n2.vocab.0316.m4a,ref_only:jfs_cando_b2+corpus_freq,draft,선정축: ①B2 언어활동「経過·手順を順序だてて説明する」 사건의 경과를 사실과 추측을 구별해 전달하기 / ②빈도 zipf 3.46 / 순위표 밖; Tanos교차: 전급수 목록밖 — Tanos(구시험 어휘)에 없는 현대어로 판단
jlpt.n2.vocab.0317,N2,引き起こす,ひきおこす,{引|ひ}き{起|お}こす,히키오코스,verb,g1,vt,일으키다,야기하다,{小|ちい}さな{誤解|ご|かい}が{大|おお}きな{問題|もん|だい}を{引|ひ}き{起|お}こしました。,작은 오해가 큰 문제를 일으켰어요.,jlpt.n2.vocab.0317.m4a,ref_only:jfs_cando_b2+corpus_freq,draft,선정축: ①B2 언어활동「経過·手順を順序だてて説明する」 어떤 내용의 문제인지 상사에게 정확히 보고하기 / ②빈도 zipf 4.01 / 내용어 4832위(모집단 80726); Tanos교차: N1 분류(구시험 기준) — 선정축 판단을 우선해 N2 유지
jlpt.n2.vocab.0318,N2,順調,じゅんちょう,{順調|じゅん|ちょう},준초오,na_adj,na_adj,-,순조롭다,-,{準備|じゅん|び}は{今|いま}のところ{順調|じゅん|ちょう}に{進|すす}んでいます。,준비는 지금으로서는 순조롭게 진행되고 있어요.,jlpt.n2.vocab.0318.m4a,ref_only:jfs_cando_b2+corpus_freq,draft,선정축: ①B2 언어활동「経過·手順を順序だてて説明する」 진행 상황에 대해 상세한 정보를 주고받기 / ②빈도 zipf 4.08 / 내용어 4254위(모집단 80726); Tanos교차: N3 분류 — 우리 N3 400 미수록 잔여분을 N2로 흡수
jlpt.n2.vocab.0319,N2,慎重,しんちょう,{慎重|しん|ちょう},신초오,na_adj,na_adj,-,신중하다,-,{数字|すう|じ}の{扱|あつか}いには{慎重|しん|ちょう}になるべきです。,수치를 다룰 때는 신중해야 해요.,jlpt.n2.vocab.0319.m4a,ref_only:jfs_cando_b2+corpus_freq,draft,선정축: ①B2 언어활동「経過·手順を順序だてて説明する」 주의해야 할 점에 대해 상세히 설명하기 / ②빈도 zipf 4.20 / 내용어 3426위(모집단 80726); Tanos교차: N3 분류 — 우리 N3 400 미수록 잔여분을 N2로 흡수
jlpt.n2.vocab.0320,N2,次々に,つぎつぎに,{次々|つぎ|つぎ}に,츠기츠기니,adv,-,-,잇따라,차례차례,{会場|かい|じょう}から{質問|しつ|もん}が{次々|つぎ|つぎ}に{出|で}ました。,회장에서 질문이 잇따라 나왔어요.,jlpt.n2.vocab.0320.m4a,ref_only:jfs_cando_b2+corpus_freq,draft,선정축: ①B2 언어활동「経過·手順を順序だてて説明する」 참가자의 질문에 적확히 대응하기 / ②빈도 zipf 4.25 / 순위표 밖; Tanos교차: 전급수 목록밖 — Tanos(구시험 어휘)에 없는 현대어로 판단
jlpt.n2.vocab.0321,N2,まもなく,まもなく,まもなく,마모나쿠,adv,-,-,곧,머지않아,まもなく{開場|かい|じょう}いたしますのでお{待|ま}ちください。,곧 개장하오니 기다려 주십시오.,jlpt.n2.vocab.0321.m4a,ref_only:jfs_cando_b2+corpus_freq,draft,선정축: ①B2 언어활동「経過·手順を順序だてて説明する」 주의 사항과 안내를 자연스럽게 방송하기 / ②빈도 zipf 4.09 / 순위표 밖; Tanos교차: N2 일치
jlpt.n2.vocab.0322,N2,引き続き,ひきつづき,{引|ひ}き{続|つづ}き,히키츠즈키,adv,-,-,계속해서,이어서,{引|ひ}き{続|つづ}き{来年|らい|ねん}も{同|おな}じ{担当|たん|とう}をすることになりました。,계속해서 내년에도 같은 담당을 하게 됐어요.,jlpt.n2.vocab.0322.m4a,ref_only:jfs_cando_b2+corpus_freq,draft,선정축: ①B2 언어활동「経過·手順を順序だてて説明する」 업무 인계에 대해 상세한 정보를 설명하기 / ②빈도 zipf 4.31 / 내용어 2806위(모집단 80726); Tanos교차: 전급수 목록밖 — Tanos(구시험 어휘)에 없는 현대어로 판단
jlpt.n2.vocab.0323,N2,次いで,ついで,{次|つ}いで,츠이데,conj,-,-,이어서,다음으로,まず{目的|もく|てき}を{述|の}べ、{次|つ}いで{方法|ほう|ほう}を{説明|せつ|めい}します。,먼저 목적을 말하고 이어서 방법을 설명하겠습니다.,jlpt.n2.vocab.0323.m4a,ref_only:jfs_cando_b2+corpus_freq,draft,선정축: ①B2 언어활동「経過·手順を順序だてて説明する」 연구 목적과 방법을 순서대로 설명하기 / ②빈도 zipf 3.72 / 내용어 7658위(모집단 80726); Tanos교차: N1 분류(구시험 기준) — 선정축 판단을 우선해 N2 유지
jlpt.n2.vocab.0324,N2,そこで,そこで,そこで,소코데,conj,-,-,그래서,그리하여,{予算|よ|さん}が{足|た}りませんでした。そこで{別|べつ}の{案|あん}を{考|かんが}えました。,예산이 부족했어요. 그래서 다른 안을 생각했어요.,jlpt.n2.vocab.0324.m4a,ref_only:jfs_cando_b2+corpus_freq,draft,선정축: ①B2 언어활동「経過·手順を順序だてて説明する」 경과를 순서대로 설명하고 대안을 제시하기 / ②빈도 zipf 4.78 / 순위표 밖; Tanos교차: N3 분류 — 우리 N3 400 미수록 잔여분을 N2로 흡수
jlpt.n2.vocab.0325,N2,報道,ほうどう,{報道|ほう|どう},호오도오,noun,suru_noun,vt,보도,-,{事件|じ|けん}についての{報道|ほう|どう}を{何|なん}{度|ど}も{確|たし}かめました。,사건에 대한 보도를 몇 번이나 확인했어요.,jlpt.n2.vocab.0325.m4a,ref_only:jfs_cando_b2+corpus_freq,draft,선정축: ①B2 언어활동「情報交換·報告·必要な情報を探し出す」 뉴스를 보고 정보와 논거를 이해하기 / ②빈도 zipf 4.80 / 내용어 848위(모집단 80726); Tanos교차: N1 분류(구시험 기준) — 선정축 판단을 우선해 N2 유지
jlpt.n2.vocab.0326,N2,用紙,ようし,{用紙|よう|し},요오시,noun,-,-,용지,서식,{申|もう}し{込|こ}み{用紙|よう|し}に{必要|ひつ|よう}な{事項|じ|こう}を{書|か}きました。,신청 용지에 필요한 사항을 적었어요.,jlpt.n2.vocab.0326.m4a,ref_only:jfs_cando_b2+corpus_freq,draft,선정축: ①B2 언어활동「情報交換·報告·必要な情報を探し出す」 필요한 정보를 정확히 전하며 신청하기 / ②빈도 zipf 3.79 / 내용어 6886위(모집단 80726); Tanos교차: N1 분류(구시험 기준) — 선정축 판단을 우선해 N2 유지
jlpt.n2.vocab.0327,N2,誤り,あやまり,{誤|あやま}り,아야마리,noun,-,-,오류,잘못,{資料|し|りょう}の{数字|すう|じ}に{誤|あやま}りが{見|み}つかりました。,자료의 수치에서 오류가 발견됐어요.,jlpt.n2.vocab.0327.m4a,ref_only:jfs_cando_b2+corpus_freq,draft,선정축: ①B2 언어활동「情報交換·報告·必要な情報を探し出す」 과거 보고서를 훑어보고 관련된 사항을 찾아내기 / ②빈도 zipf 4.00 / 내용어 4891위(모집단 80726); Tanos교차: N3 분류 — 우리 N3 400 미수록 잔여분을 N2로 흡수
jlpt.n2.vocab.0328,N2,連絡先,れんらくさき,{連絡|れん|らく}{先|さき},렌라쿠사키,noun,-,-,연락처,-,{担当者|たん|とう|しゃ}の{連絡|れん|らく}{先|さき}を{教|おし}えてもらいました。,담당자의 연락처를 알려 받았어요.,jlpt.n2.vocab.0328.m4a,ref_only:jfs_cando_b2+corpus_freq,draft,선정축: ①B2 언어활동「情報交換·報告·必要な情報を探し出す」 필요한 정보를 질문하고 답을 받아 확인하기 / ②빈도 zipf 4.97 / 순위표 밖; Tanos교차: 전급수 목록밖 — Tanos(구시험 어휘)에 없는 현대어로 판단
jlpt.n2.vocab.0329,N2,概要,がいよう,{概要|がい|よう},가이요오,noun,-,-,개요,대강,{議題|ぎ|だい}の{概要|がい|よう}を{理解|り|かい}してから{議論|ぎ|ろん}に{加|くわ}わりました。,의제의 개요를 이해하고 나서 논의에 참여했어요.,jlpt.n2.vocab.0329.m4a,ref_only:jfs_cando_b2+corpus_freq,draft,선정축: ①B2 언어활동「情報交換·報告·必要な情報を探し出す」 의제의 개요를 이해하고 사실 확인을 하기 / ②빈도 zipf 4.14 / 내용어 3849위(모집단 80726); Tanos교차: 전급수 목록밖 — Tanos(구시험 어휘)에 없는 현대어로 판단
jlpt.n2.vocab.0330,N2,要点,ようてん,{要点|よう|てん},요오텐,noun,-,-,요점,핵심,{長|なが}い{説明|せつ|めい}の{要点|よう|てん}を{短|みじか}くまとめました。,긴 설명의 요점을 짧게 정리했어요.,jlpt.n2.vocab.0330.m4a,ref_only:jfs_cando_b2+corpus_freq,draft,선정축: ①B2 언어활동「情報交換·報告·必要な情報を探し出す」 상세한 설명을 듣고 요점을 정확히 이해하기 / ②빈도 zipf 3.32 / 내용어 13554위(모집단 80726); Tanos교차: N3 분류 — 우리 N3 400 미수록 잔여분을 N2로 흡수
jlpt.n2.vocab.0331,N2,問う,とう,{問|と}う,토우,verb,g1,vt,묻다,(책임을) 따지다,{責任|せき|にん}の{所在|しょ|ざい}を{問|と}う{声|こえ}が{上|あ}がりました。,책임 소재를 따지는 목소리가 나왔어요.,jlpt.n2.vocab.0331.m4a,ref_only:jfs_cando_b2+corpus_freq,draft,선정축: ①B2 언어활동「情報交換·報告·必要な情報を探し出す」 책임 소재를 명확히 하며 이야기하기 / ②빈도 zipf 4.56 / 내용어 1598위(모집단 80726); Tanos교차: N1 분류(구시험 기준) — 선정축 판단을 우선해 N2 유지
jlpt.n2.vocab.0332,N2,呼びかける,よびかける,{呼|よ}びかける,요비카케루,verb,g2,vi_vt,호소하다,불러 세우다,{協力|きょう|りょく}してほしいと{住民|じゅう|みん}に{呼|よ}びかけました。,협력해 달라고 주민에게 호소했어요.,jlpt.n2.vocab.0332.m4a,ref_only:jfs_cando_b2+corpus_freq,draft,선정축: ①B2 언어활동「情報交換·報告·必要な情報を探し出す」 협력을 구하는 안내 방송을 듣고 이해하기 / ②빈도 zipf 3.36 / 내용어 12891위(모집단 80726); Tanos교차: 전급수 목록밖 — Tanos(구시험 어휘)에 없는 현대어로 판단
jlpt.n2.vocab.0333,N2,差し出す,さしだす,{差|さ}し{出|だ}す,사시다스,verb,g1,vt,내밀다,제출하다,{名刺|めい|し}を{差|さ}し{出|だ}しながら{自己|じ|こ}{紹介|しょう|かい}しました。,명함을 내밀면서 자기소개를 했어요.,jlpt.n2.vocab.0333.m4a,ref_only:jfs_cando_b2+corpus_freq,draft,선정축: ①B2 언어활동「情報交換·報告·必要な情報を探し出す」 명함을 교환하며 필요한 정보를 상세히 소개하기 / ②빈도 zipf 3.39 / 내용어 12386위(모집단 80726); Tanos교차: N1 분류(구시험 기준) — 선정축 판단을 우선해 N2 유지
jlpt.n2.vocab.0334,N2,受け付ける,うけつける,{受|う}け{付|つ}ける,우케츠케루,verb,g2,vt,접수하다,받아들이다,{申|もう}し{込|こ}みは{来週|らい|しゅう}まで{受|う}け{付|つ}けています。,신청은 다음 주까지 접수하고 있어요.,jlpt.n2.vocab.0334.m4a,ref_only:jfs_cando_b2+corpus_freq,draft,선정축: ①B2 언어활동「情報交換·報告·必要な情報を探し出す」 창구에서 신청 절차에 대한 설명을 이해하기 / ②빈도 zipf 3.13 / 내용어 17228위(모집단 80726); Tanos교차: N1 분류(구시험 기준) — 선정축 판단을 우선해 N2 유지
jlpt.n2.vocab.0335,N2,申し出る,もうしでる,{申|もう}し{出|で}る,모오시데루,verb,g2,vt,자청하다,신청하다;청하다,{自分|じ|ぶん}から{手伝|て|つだ}いたいと{申|もう}し{出|で}ました。,스스로 돕고 싶다고 자청했어요.,jlpt.n2.vocab.0335.m4a,ref_only:jfs_cando_b2+corpus_freq,draft,선정축: ①B2 언어활동「情報交換·報告·必要な情報を探し出す」 협력하도록 주위 사람에게 이야기하기 / ②빈도 zipf 2.91 / 내용어 21890위(모집단 80726); Tanos교차: 전급수 목록밖 — Tanos(구시험 어휘)에 없는 현대어로 판단
jlpt.n2.vocab.0336,N2,取り消す,とりけす,{取|と}り{消|け}す,토리케스,verb,g1,vt,취소하다,철회하다,{予約|よ|やく}を{取|と}り{消|け}したいと{電話|でん|わ}で{伝|つた}えました。,예약을 취소하고 싶다고 전화로 전했어요.,jlpt.n2.vocab.0336.m4a,ref_only:jfs_cando_b2+corpus_freq,draft,선정축: ①B2 언어활동「情報交換·報告·必要な情報を探し出す」 희망과 조건을 명확히 전하며 이야기하기 / ②빈도 zipf 3.51 / 내용어 10503위(모집단 80726); Tanos교차: N2 일치
jlpt.n2.vocab.0337,N2,見落とす,みおとす,{見|み}{落|お}とす,미오토스,verb,g1,vt,못 보고 넘기다,빠뜨리다,{大切|たい|せつ}な{条件|じょう|けん}を{見|み}{落|お}とすところでした。,중요한 조건을 못 보고 넘길 뻔했어요.,jlpt.n2.vocab.0337.m4a,ref_only:jfs_cando_b2+corpus_freq,draft,선정축: ①B2 언어활동「情報交換·報告·必要な情報を探し出す」 계약서를 읽고 특기 사항을 빠짐없이 이해하기 / ②빈도 zipf 2.70 / 내용어 27060위(모집단 80726); Tanos교차: N1 분류(구시험 기준) — 선정축 판단을 우선해 N2 유지
jlpt.n2.vocab.0338,N2,届け出る,とどけでる,{届|とど}け{出|で}る,토도케데루,verb,g2,vt,신고하다,제출하다,{紛失|ふん|しつ}に{気|き}づいてすぐ{窓口|まど|ぐち}に{届|とど}け{出|で}ました。,분실을 알아차리고 바로 창구에 신고했어요.,jlpt.n2.vocab.0338.m4a,ref_only:jfs_cando_b2+corpus_freq,draft,선정축: ①B2 언어활동「情報交換·報告·必要な情報を探し出す」 문제가 생겼을 때 경과를 정확히 설명하고 의뢰하기 / ②빈도 zipf 2.40 / 내용어 34722위(모집단 80726); Tanos교차: 전급수 목록밖 — Tanos(구시험 어휘)에 없는 현대어로 판단
jlpt.n2.vocab.0339,N2,告げる,つげる,{告|つ}げる,츠게루,verb,g2,vt,알리다,고하다,{結果|けっ|か}を{電話|でん|わ}で{告|つ}げられました。,결과를 전화로 통보받았어요.,jlpt.n2.vocab.0339.m4a,ref_only:jfs_cando_b2+corpus_freq,draft,선정축: ①B2 언어활동「情報交換·報告·必要な情報を探し出す」 정보를 정확히 전달하고 질문에 답하기 / ②빈도 zipf 3.77 / 내용어 7125위(모집단 80726); Tanos교차: N1 분류(구시험 기준) — 선정축 판단을 우선해 N2 유지
jlpt.n2.vocab.0340,N2,正式,せいしき,{正式|せい|しき},세에시키,na_adj,na_adj,-,정식이다,공식적이다,{正式|せい|しき}な{返事|へん|じ}は{来週|らい|しゅう}に{届|とど}く{予定|よ|てい}です。,정식 답변은 다음 주에 올 예정이에요.,jlpt.n2.vocab.0340.m4a,ref_only:jfs_cando_b2+corpus_freq,draft,선정축: ①B2 언어활동「情報交換·報告·必要な情報を探し出す」 거래처의 의뢰 메일에 대해 답신을 쓰기 / ②빈도 zipf 4.36 / 내용어 2524위(모집단 80726); Tanos교차: N3 분류 — 우리 N3 400 미수록 잔여분을 N2로 흡수
jlpt.n2.vocab.0341,N2,速やか,すみやか,{速|すみ}やか,스미야카,na_adj,na_adj,-,신속하다,재빠르다,{問題|もん|だい}が{起|お}きたら{速|すみ}やかに{報告|ほう|こく}してください。,문제가 생기면 신속하게 보고해 주세요.,jlpt.n2.vocab.0341.m4a,ref_only:jfs_cando_b2+corpus_freq,draft,선정축: ①B2 언어활동「情報交換·報告·必要な情報を探し出す」 문제가 생겼을 때 상사에게 정확히 보고하기 / ②빈도 zipf 3.75 / 내용어 7360위(모집단 80726); Tanos교차: 전급수 목록밖 — Tanos(구시험 어휘)에 없는 현대어로 판단
jlpt.n2.vocab.0342,N2,直ちに,ただちに,{直|ただ}ちに,타다치니,adv,-,-,즉시,곧바로,{事故|じ|こ}のあと{直|ただ}ちに{必要|ひつ|よう}な{措置|そ|ち}をとりました。,사고 후 즉시 필요한 조치를 취했어요.,jlpt.n2.vocab.0342.m4a,ref_only:jfs_cando_b2+corpus_freq,draft,선정축: ①B2 언어활동「情報交換·報告·必要な情報を探し出す」 사고가 났을 때 당장의 대처에 대해 설명하기 / ②빈도 zipf 4.09 / 내용어 4208위(모집단 80726); Tanos교차: N3 분류 — 우리 N3 400 미수록 잔여분을 N2로 흡수
jlpt.n2.vocab.0343,N2,早速,さっそく,{早速|さっ|そく},삿소쿠,adv,-,-,즉시,당장;바로,メールを{受|う}け{取|と}って{早速|さっ|そく}{返事|へん|じ}を{書|か}きました。,메일을 받고 바로 답장을 썼어요.,jlpt.n2.vocab.0343.m4a,ref_only:jfs_cando_b2+corpus_freq,draft,선정축: ①B2 언어활동「情報交換·報告·必要な情報を探し出す」 의뢰 메일에 대해 대처가 가능한지 설명한 답신을 쓰기 / ②빈도 zipf 4.42 / 내용어 2238위(모집단 80726); Tanos교차: N2 일치
jlpt.n2.vocab.0344,N2,いちいち,いちいち,いちいち,이치이치,adv,-,-,일일이,하나하나,{細|こま}かい{点|てん}までいちいち{確|たし}かめました。,세세한 점까지 일일이 확인했어요.,jlpt.n2.vocab.0344.m4a,ref_only:jfs_cando_b2+corpus_freq,draft,선정축: ①B2 언어활동「情報交換·報告·必要な情報を探し出す」 세세한 절차와 주의할 점을 설명하고 질문에 답하기 / ②빈도 zipf 4.07 / 내용어 4327위(모집단 80726); Tanos교차: N2 일치
jlpt.n2.vocab.0345,N2,一斉に,いっせいに,{一斉|いっ|せい}に,잇세에니,adv,-,-,일제히,한꺼번에,{館内|かん|ない}の{放送|ほう|そう}が{一斉|いっ|せい}に{流|なが}れました。,관내 방송이 일제히 흘러나왔어요.,jlpt.n2.vocab.0345.m4a,ref_only:jfs_cando_b2+corpus_freq,draft,선정축: ①B2 언어활동「情報交換·報告·必要な情報を探し出す」 전시 내용과 주의 사항을 관내에 방송하기 / ②빈도 zipf 3.98 / 순위표 밖; Tanos교차: 전급수 목록밖 — Tanos(구시험 어휘)에 없는 현대어로 판단
jlpt.n2.vocab.0346,N2,じかに,じかに,じかに,지카니,adv,-,-,직접,바로,メールではなくじかに{会|あ}って{話|はな}すことにしました。,메일이 아니라 직접 만나서 이야기하기로 했어요.,jlpt.n2.vocab.0346.m4a,ref_only:jfs_cando_b2+corpus_freq,draft,선정축: ①B2 언어활동「情報交換·報告·必要な情報を探し出す」 정보를 정확히 전달하고 질문에 답하기 / ②빈도 zipf 2.41 / 순위표 밖; Tanos교차: N3 분류 — 우리 N3 400 미수록 잔여분을 N2로 흡수
jlpt.n2.vocab.0347,N2,紛らわしい,まぎらわしい,{紛|まぎ}らわしい,마기라와시이,i_adj,i_adj,-,헷갈리기 쉽다,혼동하기 쉽다,{名前|な|まえ}が{紛|まぎ}らわしいので{番号|ばん|ごう}で{管理|かん|り}しています。,이름이 헷갈리기 쉬워서 번호로 관리하고 있어요.,jlpt.n2.vocab.0347.m4a,ref_only:jfs_cando_b2+corpus_freq,draft,선정축: ①B2 언어활동「情報交換·報告·必要な情報を探し出す」 세세한 절차와 주의할 점을 명확히 설명하기 / ②빈도 zipf 3.25 / 내용어 14892위(모집단 80726); Tanos교차: N1 분류(구시험 기준) — 선정축 판단을 우선해 N2 유지
jlpt.n2.vocab.0348,N2,くどい,くどい,くどい,쿠도이,i_adj,i_adj,-,장황하다,끈덕지다,{説明|せつ|めい}がくどくならないように{気|き}をつけました。,설명이 장황해지지 않도록 신경 썼어요.,jlpt.n2.vocab.0348.m4a,ref_only:jfs_cando_b2+corpus_freq,draft,선정축: ①B2 언어활동「情報交換·報告·必要な情報を探し出す」 명확하고 상세하게 설명하고 질문에 답하기 / ②빈도 zipf 3.17 / 내용어 16416위(모집단 80726); Tanos교차: N2 일치
jlpt.n2.vocab.0349,N2,反論,はんろん,{反論|はん|ろん},한론,noun,suru_noun,vi,반론,-,{相手|あい|て}の{意見|い|けん}に{根拠|こん|きょ}を{示|しめ}して{反論|はん|ろん}しました。,상대의 의견에 근거를 제시하며 반론했어요.,jlpt.n2.vocab.0349.m4a,ref_only:jfs_cando_b2+corpus_freq,draft,선정축: ①B2 언어활동「フォーマルな場面で議論する·交渉する」🆕 근거를 제시하며 상대의 의견에 반론하고 활발히 논의하기 / ②빈도 zipf 3.94 / 내용어 5413위(모집단 80726); Tanos교차: 전급수 목록밖 — Tanos(구시험 어휘)에 없는 현대어로 판단
jlpt.n2.vocab.0350,N2,交渉,こうしょう,{交渉|こう|しょう},코오쇼오,noun,suru_noun,vi,교섭,협상,{代案|だい|あん}を{出|だ}しながら{粘|ねば}り{強|づよ}く{交渉|こう|しょう}しました。,대안을 내면서 끈질기게 교섭했어요.,jlpt.n2.vocab.0350.m4a,ref_only:jfs_cando_b2+corpus_freq,draft,선정축: ①B2 언어활동「フォーマルな場面で議論する·交渉する」🆕 대안이나 양보안을 말하면서 교섭하기 / ②빈도 zipf 4.65 / 내용어 1282위(모집단 80726); Tanos교차: N1 분류(구시험 기준) — 선정축 판단을 우선해 N2 유지
jlpt.n2.vocab.0351,N2,抗議,こうぎ,{抗議|こう|ぎ},코오기,noun,suru_noun,vi,항의,-,{一方的|いっ|ぽう|てき}な{変更|へん|こう}について{抗議|こう|ぎ}しました。,일방적인 변경에 대해 항의했어요.,jlpt.n2.vocab.0351.m4a,ref_only:jfs_cando_b2+corpus_freq,draft,선정축: ①B2 언어활동「フォーマルな場面で議論する·交渉する」🆕 납득이 가지 않는 점에 대해 교섭하기 / ②빈도 zipf 4.26 / 내용어 3044위(모집단 80726); Tanos교차: N1 분류(구시험 기준) — 선정축 판단을 우선해 N2 유지
jlpt.n2.vocab.0352,N2,妥協,だきょう,{妥協|だ|きょう},다쿄오,noun,suru_noun,vi,타협,-,これ{以上|い|じょう}の{妥協|だ|きょう}はできないと{伝|つた}えました。,이 이상의 타협은 할 수 없다고 전했어요.,jlpt.n2.vocab.0352.m4a,ref_only:jfs_cando_b2+corpus_freq,draft,선정축: ①B2 언어활동「フォーマルな場面で議論する·交渉する」🆕 양보안을 제시하며 문제 해결을 위해 이야기하기 / ②빈도 zipf 3.90 / 내용어 5774위(모집단 80726); Tanos교차: N1 분류(구시험 기준) — 선정축 판단을 우선해 N2 유지
jlpt.n2.vocab.0353,N2,譲る,ゆずる,{譲|ゆず}る,유즈루,verb,g1,vt,양보하다,넘겨주다,{値段|ね|だん}については{少|すこ}し{譲|ゆず}ってもらえました。,가격에 대해서는 조금 양보를 받아 냈어요.,jlpt.n2.vocab.0353.m4a,ref_only:jfs_cando_b2+corpus_freq,draft,선정축: ①B2 언어활동「フォーマルな場面で議論する·交渉する」🆕 대안이나 양보안을 말하면서 교섭하기 / ②빈도 zipf 4.19 / 내용어 3528위(모집단 80726); Tanos교차: N3 분류 — 우리 N3 400 미수록 잔여분을 N2로 흡수
jlpt.n2.vocab.0354,N2,責める,せめる,{責|せ}める,세메루,verb,g2,vt,책망하다,나무라다,{誰|だれ}かを{責|せ}めても{問題|もん|だい}は{解決|かい|けつ}しません。,누군가를 책망해도 문제는 해결되지 않아요.,jlpt.n2.vocab.0354.m4a,ref_only:jfs_cando_b2+corpus_freq,draft,선정축: ①B2 언어활동「フォーマルな場面で議論する·交渉する」🆕 불만을 말하면서도 문제 해결을 위해 이야기하기 / ②빈도 zipf 3.63 / 내용어 8819위(모집단 80726); Tanos교차: N3 분류 — 우리 N3 400 미수록 잔여분을 N2로 흡수
jlpt.n2.vocab.0355,N2,争う,あらそう,{争|あらそ}う,아라소우,verb,g1,vi_vt,다투다,겨루다,{細|こま}かい{点|てん}で{争|あらそ}っても{仕方|し|かた}がありません。,세세한 점으로 다퉈도 어쩔 수 없어요.,jlpt.n2.vocab.0355.m4a,ref_only:jfs_cando_b2+corpus_freq,draft,선정축: ①B2 언어활동「フォーマルな場面で議論する·交渉する」🆕 의견이 대립했을 때 근거를 들어 자기 의견을 말하기 / ②빈도 zipf 4.12 / 내용어 4016위(모집단 80726); Tanos교차: N2 일치
jlpt.n2.vocab.0356,N2,逆らう,さからう,{逆|さか}らう,사카라우,verb,g1,vi,거스르다,거역하다,{流|なが}れに{逆|さか}らってでも{言|い}うべきことは{言|い}います。,흐름을 거슬러서라도 할 말은 하겠어요.,jlpt.n2.vocab.0356.m4a,ref_only:jfs_cando_b2+corpus_freq,draft,선정축: ①B2 언어활동「フォーマルな場面で議論する·交渉する」🆕 논의의 흐름을 이해하고 자기 입장을 정확히 말하기 / ②빈도 zipf 3.90 / 내용어 5840위(모집단 80726); Tanos교차: N3 분류 — 우리 N3 400 미수록 잔여분을 N2로 흡수
jlpt.n2.vocab.0357,N2,交わす,かわす,{交|か}わす,카와스,verb,g1,vt,주고받다,나누다,{条件|じょう|けん}について{何度|なん|ど}も{意見|い|けん}を{交|か}わしました。,조건에 대해 몇 번이나 의견을 주고받았어요.,jlpt.n2.vocab.0357.m4a,ref_only:jfs_cando_b2+corpus_freq,draft,선정축: ①B2 언어활동「フォーマルな場面で議論する·交渉する」🆕 자기 희망과 조건을 명확히 전하며 이야기하기 / ②빈도 zipf 4.06 / 내용어 4405위(모집단 80726); Tanos교차: N1 분류(구시험 기준) — 선정축 판단을 우선해 N2 유지
jlpt.n2.vocab.0358,N2,拒む,こばむ,{拒|こば}む,코바무,verb,g1,vt,거부하다,거절하다,{相手|あい|て}は{最後|さい|ご}まで{代案|だい|あん}を{拒|こば}みました。,상대는 끝까지 대안을 거부했어요.,jlpt.n2.vocab.0358.m4a,ref_only:jfs_cando_b2+corpus_freq,draft,선정축: ①B2 언어활동「フォーマルな場面で議論する·交渉する」🆕 납득이 가지 않는 조건에 대해 교섭하기 / ②빈도 zipf 3.82 / 내용어 6610위(모집단 80726); Tanos교차: 전급수 목록밖 — Tanos(구시험 어휘)에 없는 현대어로 판단
jlpt.n2.vocab.0359,N2,言い返す,いいかえす,{言|い}い{返|かえ}す,이이카에스,verb,g1,vt,말대꾸하다,되받아치다,その{場|ば}では{言|い}い{返|かえ}さずに{後|あと}で{話|はな}し{合|あ}いました。,그 자리에서는 말대꾸하지 않고 나중에 이야기를 나눴어요.,jlpt.n2.vocab.0359.m4a,ref_only:jfs_cando_b2+corpus_freq,draft,선정축: ①B2 언어활동「フォーマルな場面で議論する·交渉する」🆕 반론에 대응하면서 활발히 논의하기 / ②빈도 zipf 2.99 / 내용어 20200위(모집단 80726); Tanos교차: 전급수 목록밖 — Tanos(구시험 어휘)에 없는 현대어로 판단
jlpt.n2.vocab.0360,N2,押し切る,おしきる,{押|お}し{切|き}る,오시키루,verb,g1,vt,밀어붙이다,억지로 관철하다,{反対|はん|たい}を{押|お}し{切|き}って{計画|けい|かく}を{進|すす}めました。,반대를 밀어붙이고 계획을 진행했어요.,jlpt.n2.vocab.0360.m4a,ref_only:jfs_cando_b2+corpus_freq,draft,선정축: ①B2 언어활동「フォーマルな場面で議論する·交渉する」🆕 자기 입장을 근거와 함께 정확히 말하기 / ②빈도 zipf 3.27 / 내용어 14581위(모집단 80726); Tanos교차: 전급수 목록밖 — Tanos(구시험 어휘)에 없는 현대어로 판단
jlpt.n2.vocab.0361,N2,食い違う,くいちがう,{食|く}い{違|ちが}う,쿠이치가우,verb,g1,vi,어긋나다,엇갈리다,{両者|りょう|しゃ}の{説明|せつ|めい}が{食|く}い{違|ちが}っていました。,양쪽의 설명이 어긋나 있었어요.,jlpt.n2.vocab.0361.m4a,ref_only:jfs_cando_b2+corpus_freq,draft,선정축: ①B2 언어활동「フォーマルな場面で議論する·交渉する」🆕 사실 확인을 하며 논의에 참여하기 / ②빈도 zipf 2.86 / 내용어 23143위(모집단 80726); Tanos교차: N1 분류(구시험 기준) — 선정축 판단을 우선해 N2 유지
jlpt.n2.vocab.0362,N2,詫びる,わびる,{詫|わ}びる,와비루,verb,g2,vi_vt,사과하다,용서를 빌다,まず{丁寧|てい|ねい}に{詫|わ}びてから{事情|じ|じょう}を{説明|せつ|めい}しました。,먼저 정중히 사과하고 나서 사정을 설명했어요.,jlpt.n2.vocab.0362.m4a,ref_only:jfs_cando_b2+corpus_freq,draft,선정축: ①B2 언어활동「フォーマルな場面で議論する·交渉する」🆕 손님의 불만을 이해하고 사과하는 등 당장의 대처를 하기 / ②빈도 zipf 2.62 / 내용어 29058위(모집단 80726); Tanos교차: N2 일치
jlpt.n2.vocab.0363,N2,割り込む,わりこむ,{割|わ}り{込|こ}む,와리코무,verb,g1,vi,끼어들다,새치기하다,{人|ひと}の{話|はなし}に{割|わ}り{込|こ}まないようにしています。,남의 이야기에 끼어들지 않으려고 해요.,jlpt.n2.vocab.0363.m4a,ref_only:jfs_cando_b2+corpus_freq,draft,선정축: ①B2 언어활동「フォーマルな場面で議論する·交渉する」🆕 논의의 흐름을 이해하고 적확한 때에 발언하기 / ②빈도 zipf 3.51 / 내용어 10512위(모집단 80726); Tanos교차: 전급수 목록밖 — Tanos(구시험 어휘)에 없는 현대어로 판단
jlpt.n2.vocab.0364,N2,強引,ごういん,{強引|ごう|いん},고오인,na_adj,na_adj,-,억지스럽다,무리하다,{強引|ごう|いん}なやり{方|かた}では{相手|あい|て}が{納得|なっ|とく}しません。,억지스러운 방식으로는 상대가 납득하지 않아요.,jlpt.n2.vocab.0364.m4a,ref_only:jfs_cando_b2+corpus_freq,draft,선정축: ①B2 언어활동「フォーマルな場面で議論する·交渉する」🆕 양보안을 제시하며 교섭하기 / ②빈도 zipf 3.99 / 내용어 4955위(모집단 80726); Tanos교차: N2 일치
jlpt.n2.vocab.0365,N2,不当,ふとう,{不当|ふ|とう},후토오,na_adj,na_adj,-,부당하다,-,この{条件|じょう|けん}は{不当|ふ|とう}だと{感|かん}じました。,이 조건은 부당하다고 느꼈어요.,jlpt.n2.vocab.0365.m4a,ref_only:jfs_cando_b2+corpus_freq,draft,선정축: ①B2 언어활동「フォーマルな場面で議論する·交渉する」🆕 차별적인 자격 등 납득이 가지 않는 점에 대해 교섭하기 / ②빈도 zipf 3.84 / 내용어 6319위(모집단 80726); Tanos교차: N1 분류(구시험 기준) — 선정축 판단을 우선해 N2 유지
jlpt.n2.vocab.0366,N2,正当,せいとう,{正当|せい|とう},세에토오,na_adj,na_adj,-,정당하다,-,{正当|せい|とう}な{理由|り|ゆう}があれば{認|みと}めてもらえます。,정당한 이유가 있으면 인정받을 수 있어요.,jlpt.n2.vocab.0366.m4a,ref_only:jfs_cando_b2+corpus_freq,draft,선정축: ①B2 언어활동「フォーマルな場面で議論する·交渉する」🆕 사정을 정확히 설명하고 인정해 주도록 교섭하기 / ②빈도 zipf 4.29 / 내용어 2883위(모집단 80726); Tanos교차: N1 분류(구시험 기준) — 선정축 판단을 우선해 N2 유지
jlpt.n2.vocab.0367,N2,対等,たいとう,{対等|たい|とう},타이토오,na_adj,na_adj,-,대등하다,동등하다,{対等|たい|とう}な{立場|たち|ば}で{話|はな}し{合|あ}いたいと{思|おも}います。,대등한 입장에서 이야기하고 싶어요.,jlpt.n2.vocab.0367.m4a,ref_only:jfs_cando_b2+corpus_freq,draft,선정축: ①B2 언어활동「フォーマルな場面で議論する·交渉する」🆕 자기 입장을 정확히 말하며 교섭하기 / ②빈도 zipf 3.61 / 순위표 밖; Tanos교차: N1 분류(구시험 기준) — 선정축 판단을 우선해 N2 유지
jlpt.n2.vocab.0368,N2,あえて,あえて,あえて,아에테,adv,-,-,굳이,구태여,あえて{反対|はん|たい}の{立場|たち|ば}から{意見|い|けん}を{言|い}ってみます。,굳이 반대 입장에서 의견을 말해 볼게요.,jlpt.n2.vocab.0368.m4a,ref_only:jfs_cando_b2+corpus_freq,draft,선정축: ①B2 언어활동「フォーマルな場面で議論する·交渉する」🆕 근거를 제시하며 상대의 의견에 반론하기 / ②빈도 zipf 4.33 / 내용어 2707위(모집단 80726); Tanos교차: N1 분류(구시험 기준) — 선정축 판단을 우선해 N2 유지
jlpt.n2.vocab.0369,N2,到底,とうてい,{到底|とう|てい},토오테에,adv,-,-,도저히,아무리 해도,この{条件|じょう|けん}では{到底|とう|てい}{受|う}け{入|い}れられません。,이 조건으로는 도저히 받아들일 수 없어요.,jlpt.n2.vocab.0369.m4a,ref_only:jfs_cando_b2+corpus_freq,draft,선정축: ①B2 언어활동「フォーマルな場面で議論する·交渉する」🆕 납득이 가지 않는 점에 대해 대안을 말하며 교섭하기 / ②빈도 zipf 3.65 / 내용어 8565위(모집단 80726); Tanos교차: N1 분류(구시험 기준) — 선정축 판단을 우선해 N2 유지
jlpt.n2.vocab.0370,N2,いっそ,いっそ,いっそ,잇소,adv,-,-,차라리,아예,いっそ{最初|さい|しょ}から{作|つく}り{直|なお}したほうが{早|はや}いです。,차라리 처음부터 다시 만드는 편이 빨라요.,jlpt.n2.vocab.0370.m4a,ref_only:jfs_cando_b2+corpus_freq,draft,선정축: ①B2 언어활동「フォーマルな場面で議論する·交渉する」🆕 이해득실을 들며 자기 시점을 명확히 말하기 / ②빈도 zipf 3.86 / 내용어 6109위(모집단 80726); Tanos교차: N1 분류(구시험 기준) — 선정축 판단을 우선해 N2 유지
jlpt.n2.vocab.0371,N2,しつこい,しつこい,しつこい,시츠코이,i_adj,i_adj,-,집요하다,끈질기다;느끼하다,しつこく{頼|たの}まれて{断|ことわ}りきれませんでした。,집요하게 부탁받아서 끝까지 거절하지 못했어요.,jlpt.n2.vocab.0371.m4a,ref_only:jfs_cando_b2+corpus_freq,draft,선정축: ①B2 언어활동「フォーマルな場面で議論する·交渉する」🆕 협력하도록 상대를 설득하기 / ②빈도 zipf 4.03 / 내용어 4657위(모집단 80726); Tanos교차: N2 일치
jlpt.n2.vocab.0372,N2,疑わしい,うたがわしい,{疑|うたが}わしい,우타가와시이,i_adj,i_adj,-,의심스럽다,수상하다,その{説明|せつ|めい}は{少|すこ}し{疑|うたが}わしいと{思|おも}いました。,그 설명은 조금 의심스럽다고 생각했어요.,jlpt.n2.vocab.0372.m4a,ref_only:jfs_cando_b2+corpus_freq,draft,선정축: ①B2 언어활동「フォーマルな場面で議論する·交渉する」🆕 근거를 제시하며 상대의 의견에 반론하기 / ②빈도 zipf 3.47 / 내용어 11085위(모집단 80726); Tanos교차: 전급수 목록밖 — Tanos(구시험 어휘)에 없는 현대어로 판단
jlpt.n2.vocab.0373,N2,図々しい,ずうずうしい,{図々|ずうずう}しい,즈우즈우시이,i_adj,i_adj,-,뻔뻔하다,넉살 좋다,{図々|ずうずう}しいお{願|ねが}いですがもう{一度|いち|ど}{考|かんが}えてください。,뻔뻔한 부탁이지만 한 번 더 생각해 주세요.,jlpt.n2.vocab.0373.m4a,ref_only:jfs_cando_b2+corpus_freq,draft,선정축: ①B2 언어활동「フォーマルな場面で議論する·交渉する」🆕 대안을 말하면서 끈질기게 교섭하기 / ②빈도 zipf 3.07 / 내용어 18496위(모집단 80726); Tanos교차: N1 분류(구시험 기준) — 선정축 판단을 우선해 N2 유지
jlpt.n2.vocab.0374,N2,潔い,いさぎよい,{潔|いさぎよ}い,이사기요이,i_adj,i_adj,-,깨끗하다,미련이 없다,{負|ま}けを{認|みと}めて{潔|いさぎよ}く{引|ひ}き{下|さ}がりました。,패배를 인정하고 깨끗하게 물러났어요.,jlpt.n2.vocab.0374.m4a,ref_only:jfs_cando_b2+corpus_freq,draft,선정축: ①B2 언어활동「フォーマルな場面で議論する·交渉する」🆕 자기 입장을 명확히 하며 논의를 마무리하기 / ②빈도 zipf 3.31 / 내용어 13791위(모집단 80726); Tanos교차: 전급수 목록밖 — Tanos(구시험 어휘)에 없는 현대어로 판단
jlpt.n2.vocab.0375,N2,社説,しゃせつ,{社説|しゃ|せつ},샤세츠,noun,-,-,사설,-,{環境|かん|きょう}{問題|もん|だい}についての{社説|しゃ|せつ}を{読|よ}みました。,환경 문제에 관한 사설을 읽었어요.,jlpt.n2.vocab.0375.m4a,ref_only:jfs_cando_b2+corpus_freq,draft,선정축: ①B2 언어활동「レポートや記事を書く·専門テクストを読む」🆕 신문 사설을 읽고 필자의 입장과 논거를 이해하기 / ②빈도 zipf 3.29 / 내용어 14118위(모집단 80726); Tanos교차: N2 일치
jlpt.n2.vocab.0376,N2,筆者,ひっしゃ,{筆者|ひっ|しゃ},힛샤,noun,-,-,필자,글쓴이,{筆者|ひっ|しゃ}の{主張|しゅ|ちょう}がどこにあるかを{探|さが}しながら{読|よ}みます。,필자의 주장이 어디에 있는지 찾으면서 읽어요.,jlpt.n2.vocab.0376.m4a,ref_only:jfs_cando_b2+corpus_freq,draft,선정축: ①B2 언어활동「レポートや記事を書く·専門テクストを読む」🆕 필자의 입장·주장과 그 논거를 이해하기 / ②빈도 zipf 3.60 / 내용어 9194위(모집단 80726); Tanos교차: N2 일치
jlpt.n2.vocab.0377,N2,段落,だんらく,{段落|だん|らく},단라쿠,noun,-,-,단락,문단,{最初|さい|しょ}の{段落|だん|らく}に{結論|けつ|ろん}が{書|か}いてありました。,첫 단락에 결론이 적혀 있었어요.,jlpt.n2.vocab.0377.m4a,ref_only:jfs_cando_b2+corpus_freq,draft,선정축: ①B2 언어활동「レポートや記事を書く·専門テクストを読む」🆕 긴 복잡한 글을 훑어보고 필요한 정보를 찾아내기 / ②빈도 zipf 3.23 / 내용어 15207위(모집단 80726); Tanos교차: 전급수 목록밖 — Tanos(구시험 어휘)에 없는 현대어로 판단
jlpt.n2.vocab.0378,N2,目次,もくじ,{目次|もく|じ},모쿠지,noun,-,-,목차,-,{目次|もく|じ}を{見|み}て{読|よ}む{価値|か|ち}があるか{判断|はん|だん}しました。,목차를 보고 읽을 가치가 있는지 판단했어요.,jlpt.n2.vocab.0378.m4a,ref_only:jfs_cando_b2+corpus_freq,draft,선정축: ①B2 언어활동「レポートや記事を書く·専門テクストを読む」🆕 참고 자료로 읽을 가치가 있는지 판단하기 / ②빈도 zipf 3.42 / 내용어 11840위(모집단 80726); Tanos교차: N2 일치
jlpt.n2.vocab.0379,N2,要約,ようやく,{要約|よう|やく},요오야쿠,noun,suru_noun,vt,요약,-,{長|なが}い{論文|ろん|ぶん}を{一枚|いち|まい}に{要約|よう|やく}しました。,긴 논문을 한 장으로 요약했어요.,jlpt.n2.vocab.0379.m4a,ref_only:jfs_cando_b2+corpus_freq,draft,선정축: ①B2 언어활동「レポートや記事を書く·専門テクストを読む」🆕 논문을 읽고 연구 목적·방법·결과를 이해하기 / ②빈도 zipf 3.60 / 내용어 9200위(모집단 80726); Tanos교차: 전급수 목록밖 — Tanos(구시험 어휘)에 없는 현대어로 판단
jlpt.n2.vocab.0380,N2,略す,りゃくす,{略|りゃく}す,랴쿠스,verb,g1,vt,줄이다,생략하다,{長|なが}い{名前|な|まえ}なのでふだんは{略|りゃく}して{呼|よ}んでいます。,긴 이름이라서 평소에는 줄여서 불러요.,jlpt.n2.vocab.0380.m4a,ref_only:jfs_cando_b2+corpus_freq,draft,선정축: ①B2 언어활동「レポートや記事を書く·専門テクストを読む」🆕 전문 용어의 뜻을 확인하며 설명을 읽기 / ②빈도 zipf 3.81 / 내용어 6708위(모집단 80726); Tanos교차: N2 일치
jlpt.n2.vocab.0381,N2,記す,しるす,{記|しる}す,시루스,verb,g1,vt,적다,기술하다,{注意|ちゅう|い}{事項|じ|こう}は{別|べつ}の{紙|かみ}に{記|しる}してあります。,주의 사항은 별도의 종이에 적혀 있어요.,jlpt.n2.vocab.0381.m4a,ref_only:jfs_cando_b2+corpus_freq,draft,선정축: ①B2 언어활동「レポートや記事を書く·専門テクストを読む」🆕 입주 조건과 특기 사항이 적힌 계약서를 읽고 이해하기 / ②빈도 zipf 4.06 / 내용어 4403위(모집단 80726); Tanos교차: N1 분류(구시험 기준) — 선정축 판단을 우선해 N2 유지
jlpt.n2.vocab.0382,N2,読み取る,よみとる,{読|よ}み{取|と}る,요미토루,verb,g1,vt,읽어 내다,간파하다,{数字|すう|じ}から{何|なに}が{読|よ}み{取|と}れるかを{話|はな}し{合|あ}いました。,수치에서 무엇을 읽어 낼 수 있는지 논의했어요.,jlpt.n2.vocab.0382.m4a,ref_only:jfs_cando_b2+corpus_freq,draft,선정축: ①B2 언어활동「レポートや記事を書く·専門テクストを読む」🆕 기사를 읽고 정보와 요점을 읽어 내기 / ②빈도 zipf 3.86 / 내용어 6198위(모집단 80726); Tanos교차: 전급수 목록밖 — Tanos(구시험 어휘)에 없는 현대어로 판단
jlpt.n2.vocab.0383,N2,補う,おぎなう,{補|おぎな}う,오기나우,verb,g1,vt,보충하다,메우다,{足|た}りない{説明|せつ|めい}を{図表|ず|ひょう}で{補|おぎな}いました。,부족한 설명을 도표로 보충했어요.,jlpt.n2.vocab.0383.m4a,ref_only:jfs_cando_b2+corpus_freq,draft,선정축: ①B2 언어활동「レポートや記事を書く·専門テクストを読む」🆕 못다 한 점에 대해 보충해 설명하기 / ②빈도 zipf 3.75 / 내용어 7373위(모집단 80726); Tanos교차: N2 일치
jlpt.n2.vocab.0384,N2,添える,そえる,{添|そ}える,소에루,verb,g2,vt,곁들이다,덧붙이다,{報告書|ほう|こく|しょ}に{簡単|かん|たん}なグラフを{添|そ}えました。,보고서에 간단한 그래프를 곁들였어요.,jlpt.n2.vocab.0384.m4a,ref_only:jfs_cando_b2+corpus_freq,draft,선정축: ①B2 언어활동「レポートや記事を書く·専門テクストを読む」🆕 분석과 고찰을 포함한 명쾌한 보고서를 쓰기 / ②빈도 zipf 3.98 / 내용어 5098위(모집단 80726); Tanos교차: N1 분류(구시험 기준) — 선정축 판단을 우선해 N2 유지
jlpt.n2.vocab.0385,N2,抜き出す,ぬきだす,{抜|ぬ}き{出|だ}す,누키다스,verb,g1,vt,뽑아내다,골라내다,{必要|ひつ|よう}な{部分|ぶ|ぶん}だけを{抜|ぬ}き{出|だ}してまとめました。,필요한 부분만 뽑아내서 정리했어요.,jlpt.n2.vocab.0385.m4a,ref_only:jfs_cando_b2+corpus_freq,draft,선정축: ①B2 언어활동「レポートや記事を書く·専門テクストを読む」🆕 문헌을 훑어보고 필요한 정보를 찾아내기 / ②빈도 zipf 2.56 / 내용어 30562위(모집단 80726); Tanos교차: 전급수 목록밖 — Tanos(구시험 어휘)에 없는 현대어로 판단
jlpt.n2.vocab.0386,N2,書き換える,かきかえる,{書|か}き{換|か}える,카키카에루,verb,g2,vt,고쳐 쓰다,바꿔 쓰다,{分|わ}かりにくい{部分|ぶ|ぶん}を{何度|なん|ど}も{書|か}き{換|か}えました。,이해하기 어려운 부분을 몇 번이나 고쳐 썼어요.,jlpt.n2.vocab.0386.m4a,ref_only:jfs_cando_b2+corpus_freq,draft,선정축: ①B2 언어활동「レポートや記事を書く·専門テクストを読む」🆕 자기 시점으로 명료하고 상세하게 기사를 쓰기 / ②빈도 zipf 3.00 / 내용어 19846위(모집단 80726); Tanos교차: 전급수 목록밖 — Tanos(구시험 어휘)에 없는 현대어로 판단
jlpt.n2.vocab.0387,N2,及び,および,{及|およ}び,오요비,conj,-,-,및,-,{氏名|し|めい}{及|およ}び{連絡|れん|らく}{先|さき}をご{記入|き|にゅう}ください。,성명 및 연락처를 기입해 주세요.,jlpt.n2.vocab.0387.m4a,ref_only:jfs_cando_b2+corpus_freq,draft,선정축: ①B2 언어활동「レポートや記事を書く·専門テクストを読む」🆕 계약서나 서식의 문어체 표현을 읽고 이해하기 / ②빈도 zipf 5.10 / 내용어 361위(모집단 80726); Tanos교차: N1 분류(구시험 기준) — 선정축 판단을 우선해 N2 유지
jlpt.n2.vocab.0388,N2,なお,なお,なお,나오,conj,-,-,덧붙여,또한;여전히,{会場|かい|じょう}は{変|か}わりません。なお{開始|かい|し}{時間|じ|かん}が{三十分|さん|じゅっ|ぷん}{遅|おそ}くなります。,회장은 바뀌지 않습니다. 덧붙여 시작 시간이 30분 늦어집니다.,jlpt.n2.vocab.0388.m4a,ref_only:jfs_cando_b2+corpus_freq,draft,선정축: ①B2 언어활동「レポートや記事を書く·専門テクストを読む」🆕 행사 안내를 읽고 어렵지 않게 내용을 이해하기 / ②빈도 zipf 5.02 / 순위표 밖; Tanos교차: N3 분류 — 우리 N3 400 미수록 잔여분을 N2로 흡수
jlpt.n2.vocab.0389,N2,すなわち,すなわち,すなわち,스나와치,conj,-,-,즉,다시 말해,{回答|かい|とう}が{半分|はん|ぶん}すなわち{五十人|ご|じゅう|にん}{以上|い|じょう}に{達|たっ}しました。,응답이 절반 즉 오십 명 이상에 달했어요.,jlpt.n2.vocab.0389.m4a,ref_only:jfs_cando_b2+corpus_freq,draft,선정축: ①B2 언어활동「レポートや記事を書く·専門テクストを読む」🆕 집계 결과를 분석해 보고서를 쓰기 / ②빈도 zipf 4.26 / 내용어 3072위(모집단 80726); Tanos교차: N3 분류 — 우리 N3 400 미수록 잔여분을 N2로 흡수
jlpt.n2.vocab.0390,N2,もっとも,もっとも,もっとも,못토모,conj,-,-,하기야,다만;그렇다고는 해도,この{方法|ほう|ほう}は{有効|ゆう|こう}です。もっとも{費用|ひ|よう}はかかります。,이 방법은 유효해요. 다만 비용은 듭니다.,jlpt.n2.vocab.0390.m4a,ref_only:jfs_cando_b2+corpus_freq,draft,선정축: ①B2 언어활동「レポートや記事を書く·専門テクストを読む」🆕 이해득실을 들며 자기 시점을 명확히 쓰기 / ②빈도 zipf 4.41 / 내용어 2292위(모집단 80726); Tanos교차: N4 분류 — 우리 N4 400 미수록 잔여분을 N2로 흡수
jlpt.n2.vocab.0391,N2,かつ,かつ,かつ,카츠,conj,-,-,또한,동시에,{正確|せい|かく}にかつ{手短|て|みじか}に{説明|せつ|めい}することが{求|もと}められます。,정확하고 또한 간략하게 설명하는 것이 요구돼요.,jlpt.n2.vocab.0391.m4a,ref_only:jfs_cando_b2+corpus_freq,draft,선정축: ①B2 언어활동「レポートや記事を書く·専門テクストを読む」🆕 보고서를 명쾌하게 쓰기 / ②빈도 zipf 4.80 / 내용어 857위(모집단 80726); Tanos교차: N4 분류 — 우리 N4 400 미수록 잔여분을 N2로 흡수
jlpt.n2.vocab.0392,N2,あるいは,あるいは,あるいは,아루이하,conj,-,-,혹은,또는;어쩌면,メールあるいは{電話|でん|わ}でご{連絡|れん|らく}ください。,메일 혹은 전화로 연락 주세요.,jlpt.n2.vocab.0392.m4a,ref_only:jfs_cando_b2+corpus_freq,draft,선정축: ①B2 언어활동「レポートや記事を書く·専門テクストを読む」🆕 문서의 문어체 표현을 읽고 이해하기 / ②빈도 zipf 4.83 / 내용어 792위(모집단 80726); Tanos교차: N3 분류 — 우리 N3 400 미수록 잔여분을 N2로 흡수
jlpt.n2.vocab.0393,N2,ゆえに,ゆえに,ゆえに,유에니,conj,-,-,그러므로,따라서,{根拠|こん|きょ}が{弱|よわ}い。ゆえにこの{結論|けつ|ろん}は{認|みと}められません。,근거가 약하다. 그러므로 이 결론은 인정할 수 없어요.,jlpt.n2.vocab.0393.m4a,ref_only:jfs_cando_b2+corpus_freq,draft,선정축: ①B2 언어활동「レポートや記事を書く·専門テクストを読む」🆕 논문을 읽고 논리 전개를 이해하기 / ②빈도 zipf 3.52 / 순위표 밖; Tanos교차: 전급수 목록밖 — Tanos(구시험 어휘)에 없는 현대어로 판단
jlpt.n2.vocab.0394,N2,よって,よって,よって,욧테,conj,-,-,따라서,그러므로,{条件|じょう|けん}を{満|み}たしていません。よって{今回|こん|かい}は{見送|み|おく}ります。,조건을 충족하지 않습니다. 따라서 이번에는 보류하겠습니다.,jlpt.n2.vocab.0394.m4a,ref_only:jfs_cando_b2+corpus_freq,draft,선정축: ①B2 언어활동「レポートや記事を書く·専門テクストを読む」🆕 기안서에 필요성을 명확히 하여 쓰기 / ②빈도 zipf 4.07 / 순위표 밖; Tanos교차: N1 분류(구시험 기준) — 선정축 판단을 우선해 N2 유지
jlpt.n2.vocab.0395,N2,とはいえ,とはいえ,とはいえ,토하이에,conj,-,-,그렇다고는 해도,그렇지만,{結果|けっ|か}は{出|で}ました。とはいえ{課題|か|だい}はまだ{残|のこ}っています。,결과는 나왔어요. 그렇다고는 해도 과제는 아직 남아 있어요.,jlpt.n2.vocab.0395.m4a,ref_only:jfs_cando_b2+corpus_freq,draft,선정축: ①B2 언어활동「レポートや記事を書く·専門テクストを読む」🆕 성과와 과제를 함께 담은 보고서를 쓰기 / ②빈도 zipf 5.26 / 순위표 밖; Tanos교차: 전급수 목록밖 — Tanos(구시험 어휘)에 없는 현대어로 판단
jlpt.n2.vocab.0396,N2,もしくは,もしくは,もしくは,모시쿠하,conj,-,-,또는,혹은,{本人|ほん|にん}もしくは{代理|だい|り}の{方|かた}がお{越|こ}しください。,본인 또는 대리인이 와 주세요.,jlpt.n2.vocab.0396.m4a,ref_only:jfs_cando_b2+corpus_freq,draft,선정축: ①B2 언어활동「レポートや記事を書く·専門テクストを読む」🆕 규정이나 안내문의 문어체 표현을 이해하기 / ②빈도 zipf 4.72 / 내용어 1073위(모집단 80726); Tanos교차: N1 분류(구시험 기준) — 선정축 판단을 우선해 N2 유지
jlpt.n2.vocab.0397,N2,主に,おもに,{主|おも}に,오모니,adv,-,-,주로,대개,この{調査|ちょう|さ}は{主|おも}に{若|わか}い{世代|せ|だい}を{対象|たい|しょう}にしました。,이 조사는 주로 젊은 세대를 대상으로 했어요.,jlpt.n2.vocab.0397.m4a,ref_only:jfs_cando_b2+corpus_freq,draft,선정축: ①B2 언어활동「レポートや記事を書く·専門テクストを読む」🆕 조사 결과를 분석해 보고서를 쓰기 / ②빈도 zipf 3.16 / 내용어 16425위(모집단 80726); Tanos교차: N3 분류 — 우리 N3 400 미수록 잔여분을 N2로 흡수
jlpt.n2.vocab.0398,N2,逆に,ぎゃくに,{逆|ぎゃく}に,갸쿠니,adv,-,-,반대로,거꾸로,{説明|せつ|めい}を{短|みじか}くしたら{逆|ぎゃく}に{分|わ}かりやすくなりました。,설명을 짧게 했더니 반대로 이해하기 쉬워졌어요.,jlpt.n2.vocab.0398.m4a,ref_only:jfs_cando_b2+corpus_freq,draft,선정축: ①B2 언어활동「レポートや記事を書く·専門テクストを読む」🆕 자기 나름의 시점으로 명료하게 쓰기 / ②빈도 zipf 5.06 / 순위표 밖; Tanos교차: 전급수 목록밖 — Tanos(구시험 어휘)에 없는 현대어로 판단
jlpt.n2.vocab.0399,N2,化,か,{化|か},카,suffix,-,-,화,~로 됨,{仕事|し|ごと}の{機械|き|かい}{化|か}が{急速|きゅう|そく}に{進|すす}んでいます。,일의 기계화가 급속히 진행되고 있어요.,jlpt.n2.vocab.0399.m4a,ref_only:jfs_cando_b2+corpus_freq,draft,선정축: ①B2 언어활동「レポートや記事を書く·専門テクストを読む」🆕 사회 변화에 관한 기사를 읽고 요점을 이해하기 / ②빈도 zipf 5.69 / 내용어 50위(모집단 80726); Tanos교차: 대조제외(조수사·접사는 목록 대상 아님)
jlpt.n2.vocab.0400,N2,性,せい,{性|せい},세에,suffix,-,-,성,~한 성질,この{方法|ほう|ほう}には{危険|き|けん}{性|せい}があると{指摘|し|てき}されました。,이 방법에는 위험성이 있다고 지적받았어요.,jlpt.n2.vocab.0400.m4a,ref_only:jfs_cando_b2+corpus_freq,draft,선정축: ①B2 언어활동「レポートや記事を書く·専門テクストを読む」🆕 전문적인 글을 읽고 중요한 정보를 이해하기 / ②빈도 zipf 5.76 / 순위표 밖; Tanos교차: 대조제외(조수사·접사는 목록 대상 아님)
