content_key,level_code,headword,reading,ruby,romaji_ko,pos,conj_type,transitivity,meaning_ko,meaning_ko_alt,example_ja,example_ko,audio_file,source,verify,note
jlpt.n3.vocab.0001,N3,性格,せいかく,{性格|せい|かく},세에카쿠,noun,-,-,성격,기질,{兄|あに}とわたしは{性格|せいかく}が{全|まった}く{違|ちが}います。,형과 저는 성격이 완전히 달라요.,jlpt.n3.vocab.0001.m4a,ref_only:jfs_cando_b1+corpus_freq,draft,선정축: ①B1「自分と家族」 자기소개에서 경험·성격을 곁들여 말하기 / ②빈도 zipf 4.77 / 내용어 919위(모집단 80726); Tanos교차: N3 일치
jlpt.n3.vocab.0002,N3,親戚,しんせき,{親戚|しん|せき},신세키,noun,-,-,친척,일가,{正月|しょうがつ}には{親戚|しんせき}が{集|あつ}まります。,설에는 친척이 모여요.,jlpt.n3.vocab.0002.m4a,ref_only:jfs_cando_b1+corpus_freq,draft,선정축: ①B1「自分と家族」 가족·친족 관계를 설명하기 / ②빈도 zipf 4.10 / 내용어 4117위(모집단 80726); Tanos교차: N3 일치
jlpt.n3.vocab.0003,N3,双子,ふたご,{双子|ふた|ご},후타고,noun,-,-,쌍둥이,-,あの{二人|ふたり}は{双子|ふたご}だそうです。,저 두 사람은 쌍둥이래요.,jlpt.n3.vocab.0003.m4a,ref_only:jfs_cando_b1+corpus_freq,draft,선정축: ①B1「自分と家族」 가족 구성을 자세히 소개하기 / ②빈도 zipf 4.22 / 내용어 3276위(모집단 80726); Tanos교차: N3 일치
jlpt.n3.vocab.0004,N3,育つ,そだつ,{育|そだ}つ,소다츠,verb,g1,vi,자라다,성장하다,わたしは{海|うみ}の{近|ちか}くで{育|そだ}ちました。,저는 바다 근처에서 자랐어요.,jlpt.n3.vocab.0004.m4a,ref_only:jfs_cando_b1+corpus_freq,draft,선정축: ①B1「自分と家族」 자기소개에서 성장 배경을 말하기 / ②빈도 zipf 4.44 / 내용어 2140위(모집단 80726); Tanos교차: N3 일치
jlpt.n3.vocab.0005,N3,育児,いくじ,{育児|いく|じ},이쿠지,noun,suru_noun,vi,육아,-,{育児|いくじ}に{協力|きょうりょく}してくれる{人|ひと}がいます。,육아를 도와주는 사람이 있어요.,jlpt.n3.vocab.0005.m4a,ref_only:jfs_cando_b1+corpus_freq,draft,선정축: ①B1「自分と家族」 가정 안의 문제·역할을 상담하기 / ②빈도 zipf 3.89 / 내용어 5890위(모집단 80726); Tanos교차: N2 분류(구시험 기준) — 선정축 판단을 우선해 N3 유지
jlpt.n3.vocab.0006,N3,家事,かじ,{家事|か|じ},카지,noun,suru_noun,vi,집안일,가사,{家事|かじ}は{家族|かぞく}で{分|わ}けています。,집안일은 가족끼리 나누고 있어요.,jlpt.n3.vocab.0006.m4a,ref_only:jfs_cando_b1+corpus_freq,draft,선정축: ①B1「自分と家族」 가정 생활의 상황을 자세히 설명하기 / ②빈도 zipf 4.02 / 내용어 4682위(모집단 80726); Tanos교차: N3 일치
jlpt.n3.vocab.0007,N3,作品,さくひん,{作品|さく|ひん},사쿠힌,noun,-,-,작품,-,この{作品|さくひん}は{世界|せかい}で{高|たか}く{評価|ひょうか}されています。,이 작품은 세계에서 높이 평가받고 있어요.,jlpt.n3.vocab.0007.m4a,ref_only:jfs_cando_b1+corpus_freq,draft,선정축: ①B1「自由時間と娯楽」 좋아하는 영화·만화의 매력을 자세히 말하기 / ②빈도 zipf 5.35 / 내용어 152위(모집단 80726); Tanos교차: N3 일치
jlpt.n3.vocab.0008,N3,物語,ものがたり,{物語|もの|がたり},모노가타리,noun,-,-,이야기,스토리,{国|くに}の{昔話|むかしばなし}の{物語|ものがたり}を{友|とも}だちに{話|はな}しました。,고향의 옛날이야기를 친구에게 들려줬어요.,jlpt.n3.vocab.0008.m4a,ref_only:jfs_cando_b1+corpus_freq,draft,선정축: ①B1「自由時間と娯楽」 자기 나라 옛날이야기를 순서대로 설명하기 / ②빈도 zipf 4.82 / 내용어 807위(모집단 80726); Tanos교차: N3 일치
jlpt.n3.vocab.0009,N3,主人公,しゅじんこう,{主人公|しゅ|じん|こう},슈징코오,noun,-,-,주인공,-,この{小説|しょうせつ}の{主人公|しゅじんこう}は{高校生|こうこうせい}です。,이 소설의 주인공은 고등학생이에요.,jlpt.n3.vocab.0009.m4a,ref_only:jfs_cando_b1+corpus_freq,draft,선정축: ①B1「自由時間と娯楽」 소설·드라마의 전개를 설명하기 / ②빈도 zipf 4.75 / 순위표 밖; Tanos교차: N1 분류(구시험 기준) — 선정축 판단을 우선해 N3 유지
jlpt.n3.vocab.0010,N3,登場,とうじょう,{登場|とう|じょう},토오조오,noun,suru_noun,vi,등장,-,{新|あたら}しい{人物|じんぶつ}が{登場|とうじょう}してから{面白|おもしろ}くなりました。,새 인물이 등장하고 나서 재미있어졌어요.,jlpt.n3.vocab.0010.m4a,ref_only:jfs_cando_b1+corpus_freq,draft,선정축: ①B1「自由時間と娯楽」 드라마의 새로운 전개를 요약해 말하기 / ②빈도 zipf 5.24 / 내용어 226위(모집단 80726); Tanos교차: N2 분류(구시험 기준) — 선정축 판단을 우선해 N3 유지
jlpt.n3.vocab.0011,N3,内容,ないよう,{内容|ない|よう},나이요오,noun,-,-,내용,-,{映画|えいが}の{内容|ないよう}について{意見|いけん}を{交換|こうかん}しました。,영화 내용에 대해 의견을 주고받았어요.,jlpt.n3.vocab.0011.m4a,ref_only:jfs_cando_b1+corpus_freq,draft,선정축: ①B1「自由時間と娯楽」 영화·드라마 내용에 코멘트나 의견 교환하기 / ②빈도 zipf 5.24 / 내용어 220위(모집단 80726); Tanos교차: N3 일치
jlpt.n3.vocab.0012,N3,感想,かんそう,{感想|かん|そう},칸소오,noun,-,-,감상,느낀 점,{見|み}た{映画|えいが}の{感想|かんそう}をサイトに{書|か}きこみました。,본 영화의 감상을 사이트에 올렸어요.,jlpt.n3.vocab.0012.m4a,ref_only:jfs_cando_b1+corpus_freq,draft,선정축: ①B1「自由時間と娯楽」 본 영화의 보고·감상을 리뷰 사이트에 쓰기 / ②빈도 zipf 4.68 / 내용어 1177위(모집단 80726); Tanos교차: N2 분류(구시험 기준) — 선정축 판단을 우선해 N3 유지
jlpt.n3.vocab.0013,N3,魅力,みりょく,{魅力|み|りょく},미료쿠,noun,-,-,매력,-,このバンドの{魅力|みりょく}は{声|こえ}だと{思|おも}います。,이 밴드의 매력은 목소리라고 생각해요.,jlpt.n3.vocab.0013.m4a,ref_only:jfs_cando_b1+corpus_freq,draft,선정축: ①B1「自由時間と娯楽」 좋아하는 음악의 매력과 이유를 자세히 말하기 / ②빈도 zipf 4.72 / 내용어 1071위(모집단 80726); Tanos교차: N3 일치
jlpt.n3.vocab.0014,N3,印象,いんしょう,{印象|いん|しょう},인쇼오,noun,-,-,인상,느낌,{祭|まつ}りで{印象|いんしょう}に{残|のこ}った ところを{話|はな}し{合|あ}いました。,축제에서 인상에 남은 부분을 서로 이야기했어요.,jlpt.n3.vocab.0014.m4a,ref_only:jfs_cando_b1+corpus_freq,draft,선정축: ①B1「自由時間と娯楽」 축제 뒤 인상에 남은 것을 서로 말하기 / ②빈도 zipf 4.95 / 내용어 580위(모집단 80726); Tanos교차: N3 일치
jlpt.n3.vocab.0015,N3,表現,ひょうげん,{表現|ひょう|げん},효오겐,noun,suru_noun,vt,표현,-,{気持|きも}ちを{言葉|ことば}で{表現|ひょうげん}するのは{難|むずか}しいです。,마음을 말로 표현하기는 어려워요.,jlpt.n3.vocab.0015.m4a,ref_only:jfs_cando_b1+corpus_freq,draft,선정축: ①B1「自由時間と娯楽」 감상·의견을 어느 정도 자세히 말하기 / ②빈도 zipf 4.99 / 내용어 515위(모집단 80726); Tanos교차: N3 일치
jlpt.n3.vocab.0016,N3,感動,かんどう,{感動|かん|どう},칸도오,noun,suru_noun,vi,감동,-,あのシーンには{本当|ほんとう}に{感動|かんどう}しました。,그 장면에는 정말 감동했어요.,jlpt.n3.vocab.0016.m4a,ref_only:jfs_cando_b1+corpus_freq,draft,선정축: ①B1「自由時間と娯楽」 인상에 남은 장면을 이유와 함께 말하기 / ②빈도 zipf 4.58 / 내용어 1509위(모집단 80726); Tanos교차: N3 일치
jlpt.n3.vocab.0017,N3,人気,にんき,{人気|にん|き},닝키,noun,-,-,인기,-,この{漫画|まんが}は{若|わか}い{人|ひと}に{人気|にんき}があります。,이 만화는 젊은 사람에게 인기가 있어요.,jlpt.n3.vocab.0017.m4a,ref_only:jfs_cando_b1+corpus_freq,draft,선정축: ①B1「自由時間と娯楽」 랭킹 기사를 읽고 주요 정보를 이해하기 / ②빈도 zipf 5.25 / 내용어 213위(모집단 80726); Tanos교차: N3 일치
jlpt.n3.vocab.0018,N3,流行,りゅうこう,{流行|りゅう|こう},류우코오,noun,suru_noun,vi,유행,-,{今|いま}{流行|りゅうこう}している{曲|きょく}を{教|おし}えてください。,지금 유행하는 곡을 알려 주세요.,jlpt.n3.vocab.0018.m4a,ref_only:jfs_cando_b1+corpus_freq,draft,선정축: ①B1「自由時間と娯楽」 음악·미디어의 화제를 정보 교환하기 / ②빈도 zipf 4.61 / 내용어 1423위(모집단 80726); Tanos교차: N3 일치
jlpt.n3.vocab.0019,N3,飽きる,あきる,{飽|あ}きる,아키루,verb,g2,vi,질리다,싫증나다,{同|おな}じ{曲|きょく}ばかりで{飽|あ}きてしまいました。,같은 곡만 나와서 질려 버렸어요.,jlpt.n3.vocab.0019.m4a,ref_only:jfs_cando_b1+corpus_freq,draft,선정축: ①B1「自由時間と娯楽」 왜 좋은지·왜 싫은지 자기 생각을 말하기 / ②빈도 zipf 4.59 / 내용어 1484위(모집단 80726); Tanos교차: N3 일치
jlpt.n3.vocab.0020,N3,描く,えがく,{描|えが}く,에가쿠,verb,g1,vt,그리다,묘사하다,この{漫画|まんが}は{友情|ゆう|じょう}を{描|えが}いています。,이 만화는 우정을 그리고 있어요.,jlpt.n3.vocab.0020.m4a,ref_only:jfs_cando_b1+corpus_freq,draft,선정축: ①B1「自由時間と娯楽」 만화·소설의 줄거리와 매력을 설명하기 / ②빈도 zipf 5.22 / 내용어 244위(모집단 80726); Tanos교차: N3 일치
jlpt.n3.vocab.0021,N3,開催,かいさい,{開催|かい|さい},카이사이,noun,suru_noun,vt,개최,-,イベントは{駅前|えきまえ}のホールで{開催|かいさい}されます。,행사는 역 앞 홀에서 열려요.,jlpt.n3.vocab.0021.m4a,ref_only:jfs_cando_b1+corpus_freq,draft,선정축: ①B1「自由時間と娯楽」 직장 행사 내용을 포스터·전단에 자세히 쓰기 / ②빈도 zipf 5.30 / 내용어 191위(모집단 80726); Tanos교차: N1 분류(구시험 기준) — 선정축 판단을 우선해 N3 유지
jlpt.n3.vocab.0022,N3,参加,さんか,{参加|さん|か},상카,noun,suru_noun,vi,참가,참여,サークルの{活動|かつどう}に{参加|さんか}してみませんか。,동아리 활동에 참가해 보지 않을래요?,jlpt.n3.vocab.0022.m4a,ref_only:jfs_cando_b1+corpus_freq,draft,선정축: ①B1「自由時間と娯楽」 동아리 모집 안내에 문의 메일 쓰기 / ②빈도 zipf 5.45 / 내용어 110위(모집단 80726); Tanos교차: N3 일치
jlpt.n3.vocab.0023,N3,選手,せんしゅ,{選手|せん|しゅ},센슈,noun,-,-,선수,-,{好|す}きな{選手|せんしゅ}が{今日|きょう}も{活躍|かつやく}しました。,좋아하는 선수가 오늘도 활약했어요.,jlpt.n3.vocab.0023.m4a,ref_only:jfs_cando_b1+corpus_freq,draft,선정축: ①B1「自由時間と娯楽」 스포츠 뉴스를 보고 주요 내용 이해하기 / ②빈도 zipf 5.10 / 내용어 357위(모집단 80726); Tanos교차: N3 일치
jlpt.n3.vocab.0024,N3,優勝,ゆうしょう,{優勝|ゆう|しょう},유우쇼오,noun,suru_noun,vi,우승,-,{大会|たいかい}で{優勝|ゆうしょう}した{友|とも}だちにお{祝|いわ}いを{言|い}いました。,대회에서 우승한 친구에게 축하를 전했어요.,jlpt.n3.vocab.0024.m4a,ref_only:jfs_cando_b1+corpus_freq,draft,선정축: ①B1「自由時間と娯楽」 우승한 친구에게 축하의 말을 하기 / ②빈도 zipf 4.75 / 내용어 977위(모집단 80726); Tanos교차: N3 일치
jlpt.n3.vocab.0025,N3,応援,おうえん,{応援|おう|えん},오오엔,noun,suru_noun,vt,응원,-,これからも{応援|おうえん}しています。,앞으로도 응원할게요.,jlpt.n3.vocab.0025.m4a,ref_only:jfs_cando_b1+corpus_freq,draft,선정축: ①B1「自由時間と娯楽」 앞으로의 활약을 기대하는 마음을 말하기 / ②빈도 zipf 4.85 / 내용어 750위(모집단 80726); Tanos교차: N2 분류(구시험 기준) — 선정축 판단을 우선해 N3 유지
jlpt.n3.vocab.0026,N3,夢中,むちゅう,{夢中|む|ちゅう},무추우,na_adj,na_adj,-,푹 빠짐,몰두함,{弟|おとうと}は ゲームに{夢中|むちゅう}になっています。,남동생은 게임에 푹 빠져 있어요.,jlpt.n3.vocab.0026.m4a,ref_only:jfs_cando_b1+corpus_freq,draft,선정축: ①B1「自由時間と娯楽」 좋아하는 것의 매력을 자세히 말하기 / ②빈도 zipf 4.16 / 내용어 3697위(모집단 80726); Tanos교차: N3 일치
jlpt.n3.vocab.0027,N3,相手,あいて,{相手|あい|て},아이테,noun,-,-,상대,상대방,{相手|あいて}チームのほうが{強|つよ}そうです。,상대 팀 쪽이 강해 보여요.,jlpt.n3.vocab.0027.m4a,ref_only:jfs_cando_b1+corpus_freq,draft,선정축: ①B1「自由時間と娯楽」 게임의 결과·내용을 질문하고 답하기 / ②빈도 zipf 5.36 / 내용어 149위(모집단 80726); Tanos교차: N3 일치
jlpt.n3.vocab.0028,N3,派手,はで,{派手|は|で},하데,na_adj,na_adj,-,화려함,요란함,この ポスターは{派手|はで}すぎるかもしれません。,이 포스터는 너무 화려할지도 몰라요.,jlpt.n3.vocab.0028.m4a,ref_only:jfs_cando_b1+corpus_freq,draft,선정축: ①B1「自由時間と娯楽」 포스터의 테마·내용을 설명하고 점검 의뢰하기 / ②빈도 zipf 4.16 / 내용어 3723위(모집단 80726); Tanos교차: N2 분류(구시험 기준) — 선정축 판단을 우선해 N3 유지
jlpt.n3.vocab.0029,N3,感じる,かんじる,{感|かん}じる,칸지루,verb,g2,vt,느끼다,-,この{曲|きょく}を{聞|き}くと{元気|げんき}になるように{感|かん}じます。,이 곡을 들으면 기운이 나는 것 같이 느껴져요.,jlpt.n3.vocab.0029.m4a,ref_only:jfs_cando_b1+corpus_freq,draft,선정축: ①B1「自由時間と娯楽」 왜 좋은지 자기 생각을 말하기 / ②빈도 zipf 5.02 / 내용어 471위(모집단 80726); Tanos교차: N3 일치
jlpt.n3.vocab.0030,N3,盛り上がる,もりあがる,{盛|も}り{上|あ}がる,모리아가루,verb,g1,vi,분위기가 달아오르다,고조되다,ライブの{会場|かいじょう}はとても{盛|も}り{上|あ}がりました。,라이브 공연장은 아주 뜨겁게 달아올랐어요.,jlpt.n3.vocab.0030.m4a,ref_only:jfs_cando_b1+corpus_freq,draft,선정축: ①B1「自由時間と娯楽」 이벤트 뒤 인상에 남은 것을 서로 말하기 / ②빈도 zipf 4.37 / 내용어 2497위(모집단 80726); Tanos교차: N1 분류(구시험 기준) — 선정축 판단을 우선해 N3 유지
jlpt.n3.vocab.0031,N3,誘う,さそう,{誘|さそ}う,사소우,verb,g1,vt,권하다,초대하다,イベントの{見|み}どころを{説明|せつめい}して{友|とも}だちを{誘|さそ}いました。,행사의 볼거리를 설명하며 친구를 불렀어요.,jlpt.n3.vocab.0031.m4a,ref_only:jfs_cando_b1+corpus_freq,draft,선정축: ①B1「自由時間と娯楽」 이벤트 내용을 설명하며 친구를 초대하기 / ②빈도 zipf 4.58 / 내용어 1533위(모집단 80726); Tanos교차: N3 일치
jlpt.n3.vocab.0032,N3,眺める,ながめる,{眺|なが}める,나가메루,verb,g2,vt,바라보다,조망하다,{屋上|おくじょう}から{町|まち}を{眺|なが}めるのが{好|す}きです。,옥상에서 거리를 바라보는 걸 좋아해요.,jlpt.n3.vocab.0032.m4a,ref_only:jfs_cando_b1+corpus_freq,draft,선정축: ①B1「自由時間と娯楽」 여가 활동의 매력을 자세히 말하기 / ②빈도 zipf 4.42 / 내용어 2233위(모집단 80726); Tanos교차: N3 일치
jlpt.n3.vocab.0033,N3,地味,じみ,{地味|じ|み},지미,na_adj,na_adj,-,수수함,눈에 안 띔,{地味|じみ}な デザインのほうが{長|なが}く{使|つか}えます。,수수한 디자인 쪽이 오래 쓸 수 있어요.,jlpt.n3.vocab.0033.m4a,ref_only:jfs_cando_b1+corpus_freq,draft,선정축: ①B1「自由時間と娯楽」 상품의 디자인 취향과 희망을 설명하기 / ②빈도 zipf 4.35 / 내용어 2591위(모집단 80726); Tanos교차: N2 분류(구시험 기준) — 선정축 판단을 우선해 N3 유지
jlpt.n3.vocab.0034,N3,撮影,さつえい,{撮影|さつ|えい},사츠에에,noun,suru_noun,vt,촬영,-,ここは{撮影|さつえい}が{禁止|きんし}されています。,여기는 촬영이 금지되어 있어요.,jlpt.n3.vocab.0034.m4a,ref_only:jfs_cando_b1+corpus_freq,draft,선정축: ①B1「自由時間と娯楽」 시설 이용 방법 설명을 듣고 이해하기 / ②빈도 zipf 5.15 / 내용어 305위(모집단 80726); Tanos교차: N2 분류(구시험 기준) — 선정축 판단을 우선해 N3 유지
jlpt.n3.vocab.0035,N3,激しい,はげしい,{激|はげ}しい,하게시이,i_adj,i_adj,-,격렬하다,심하다,{雨|あめ}が{激|はげ}しくなって{試合|しあい}が{止|と}まりました。,비가 심해져서 시합이 멈췄어요.,jlpt.n3.vocab.0035.m4a,ref_only:jfs_cando_b1+corpus_freq,draft,선정축: ①B1「自由時間と娯楽」 시합 결과와 상황을 자세히 전달하기 / ②빈도 zipf 4.65 / 내용어 1306위(모집단 80726); Tanos교차: N3 일치
jlpt.n3.vocab.0036,N3,うまい,うまい,うまい,우마이,i_adj,i_adj,-,잘하다,맛있다,あの{選手|せんしゅ}は パスがとても うまいです。,저 선수는 패스가 아주 좋아요.,jlpt.n3.vocab.0036.m4a,ref_only:jfs_cando_b1+corpus_freq,draft,선정축: ①B1「自由時間と娯楽」 시합 내용의 자세한 정보를 주고받기 / ②빈도 zipf 5.32 / 내용어 175위(모집단 80726); Tanos교차: N4 분류 — 우리 N4 400 미수록 잔여분을 N3으로 흡수
jlpt.n3.vocab.0037,N3,人生,じんせい,{人生|じん|せい},진세에,noun,-,-,인생,삶,{人生|じんせい}で{一番|いちばん}うれしかった{日|ひ}です。,인생에서 가장 기뻤던 날이에요.,jlpt.n3.vocab.0037.m4a,ref_only:jfs_cando_b1+corpus_freq,draft,선정축: ①B1「生活と人生」 근황을 주고받으며 공감을 나타내기 / ②빈도 zipf 5.18 / 내용어 271위(모집단 80726); Tanos교차: N3 일치
jlpt.n3.vocab.0038,N3,結婚式,けっこんしき,{結婚式|けっ|こん|しき},켁콘시키,noun,-,-,결혼식,-,{来週|らいしゅう}{友|とも}だちの{結婚式|けっこんしき}に{出|で}ます。,다음 주에 친구 결혼식에 가요.,jlpt.n3.vocab.0038.m4a,ref_only:jfs_cando_b1+corpus_freq,draft,선정축: ①B1「生活と人生」 관혼상제에 관한 인터뷰 기사를 읽기 / ②빈도 zipf 4.51 / 순위표 밖; Tanos교차: 전급수 목록밖 — Tanos(구시험 어휘)에 없는 현대어로 판단
jlpt.n3.vocab.0039,N3,葬式,そうしき,{葬式|そう|しき},소오시키,noun,-,-,장례식,-,{葬式|そうしき}のマナーは{国|くに}によって{違|ちが}います。,장례식 예절은 나라마다 달라요.,jlpt.n3.vocab.0039.m4a,ref_only:jfs_cando_b1+corpus_freq,draft,선정축: ①B1「生活と人生」 관혼상제를 어떻게 치르는지 이해하기 / ②빈도 zipf 3.82 / 내용어 6559위(모집단 80726); Tanos교차: N2 분류(구시험 기준) — 선정축 판단을 우선해 N3 유지
jlpt.n3.vocab.0040,N3,出来事,できごと,{出来事|で|き|ごと},데키고토,noun,-,-,일,사건,{身|み}の{回|まわ}りの{出来事|できごと}を{友|とも}だちに{話|はな}しました。,신변에 있었던 일을 친구에게 이야기했어요.,jlpt.n3.vocab.0040.m4a,ref_only:jfs_cando_b1+corpus_freq,draft,선정축: ①B1「生活と人生」 친구의 신변 이야기를 듣고 요점 이해하기 / ②빈도 zipf 4.43 / 내용어 2158위(모집단 80726); Tanos교차: N3 일치
jlpt.n3.vocab.0041,N3,独身,どくしん,{独身|どく|しん},도쿠신,noun,-,-,독신,미혼,{兄|あに}はまだ{独身|どくしん}です。,형은 아직 독신이에요.,jlpt.n3.vocab.0041.m4a,ref_only:jfs_cando_b1+corpus_freq,draft,선정축: ①B1「生活と人生」 결혼에 관한 설문 기사를 읽고 이해하기 / ②빈도 zipf 4.06 / 내용어 4375위(모집단 80726); Tanos교차: N3 일치
jlpt.n3.vocab.0042,N3,いつのまにか,いつのまにか,いつのまにか,이츠노마니카,adv,-,-,어느새,어느 틈엔가,いつのまにか{子|こ}どもが{大|おお}きくなっていました。,어느새 아이가 커 있었어요.,jlpt.n3.vocab.0042.m4a,ref_only:jfs_cando_b1+corpus_freq,draft,선정축: ①B1「生活と人生」 근황을 보고하며 공감을 나타내기 / ②빈도 zipf 3.65 / 순위표 밖; Tanos교차: N2 분류(구시험 기준) — 선정축 판단을 우선해 N3 유지
jlpt.n3.vocab.0043,N3,ますます,ますます,ますます,마스마스,adv,-,-,점점 더,더욱더,この{町|まち}は ますます{住|す}みやすくなりました。,이 동네는 점점 더 살기 좋아졌어요.,jlpt.n3.vocab.0043.m4a,ref_only:jfs_cando_b1+corpus_freq,draft,선정축: ①B1「生活と人生」 변화한 근황을 정도와 함께 전하기 / ②빈도 zipf 4.21 / 내용어 3386위(모집단 80726); Tanos교차: N3 일치
jlpt.n3.vocab.0044,N3,世代,せだい,{世代|せ|だい},세다이,noun,-,-,세대,-,{世代|せだい}によって{考|かんが}え{方|かた}が{違|ちが}うようです。,세대에 따라 사고방식이 다른 것 같아요.,jlpt.n3.vocab.0044.m4a,ref_only:jfs_cando_b1+corpus_freq,draft,선정축: ①B1「生活と人生」 가까운 사안에 관한 조사 기사를 읽기 / ②빈도 zipf 4.76 / 내용어 942위(모집단 80726); Tanos교차: N1 분류(구시험 기준) — 선정축 판단을 우선해 N3 유지
jlpt.n3.vocab.0045,N3,幸せ,しあわせ,{幸|しあわ}せ,시아와세,na_adj,na_adj,-,행복,행복하다,{家族|かぞく}といられるだけで{幸|しあわ}せです。,가족과 함께 있는 것만으로 행복해요.,jlpt.n3.vocab.0045.m4a,ref_only:jfs_cando_b1+corpus_freq,draft,선정축: ①B1「生活と人生」 기쁨·슬픔에 공감하는 코멘트 하기 / ②빈도 zipf 5.01 / 내용어 488위(모집단 80726); Tanos교차: N3 일치
jlpt.n3.vocab.0046,N3,暮らす,くらす,{暮|く}らす,쿠라스,verb,g1,vi,살다,생활하다,{今|いま}は{東京|とうきょう}で{一人|ひとり}で{暮|く}らしています。,지금은 도쿄에서 혼자 살고 있어요.,jlpt.n3.vocab.0046.m4a,ref_only:jfs_cando_b1+corpus_freq,draft,선정축: ①B1「生活と人生」 근황을 서로 보고하기 / ②빈도 zipf 4.29 / 내용어 2904위(모집단 80726); Tanos교차: N3 일치
jlpt.n3.vocab.0047,N3,過ごす,すごす,{過|す}ごす,스고스,verb,g1,vt,지내다,보내다,{休|やす}みは{家|いえ}でゆっくり{過|す}ごしました。,휴일은 집에서 느긋하게 보냈어요.,jlpt.n3.vocab.0047.m4a,ref_only:jfs_cando_b1+corpus_freq,draft,선정축: ①B1「生活と人生」 신변에 있었던 일과 감상을 말하기 / ②빈도 zipf 4.88 / 내용어 711위(모집단 80726); Tanos교차: N3 일치
jlpt.n3.vocab.0048,N3,一生,いっしょう,{一生|いっ|しょう},잇쇼오,noun,-,-,평생,한평생,この{経験|けいけん}は{一生|いっしょう}{忘|わす}れないでしょう。,이 경험은 평생 잊지 못할 거예요.,jlpt.n3.vocab.0048.m4a,ref_only:jfs_cando_b1+corpus_freq,draft,선정축: ①B1「生活と人生」 경험과 심정을 어느 정도 자세히 말하기 / ②빈도 zipf 4.57 / 내용어 1542위(모집단 80726); Tanos교차: N3 일치
jlpt.n3.vocab.0049,N3,観光,かんこう,{観光|かん|こう},캉코오,noun,suru_noun,vi,관광,-,{午前中|ご|ぜん|ちゅう}は{市内|しない}を{観光|かんこう}する{予定|よてい}です。,오전에는 시내를 관광할 예정이에요.,jlpt.n3.vocab.0049.m4a,ref_only:jfs_cando_b1+corpus_freq,draft,선정축: ①B1「旅行と交通」 관광 소개 방송을 보고 요점 이해하기 / ②빈도 zipf 4.86 / 내용어 744위(모집단 80726); Tanos교차: N3 일치
jlpt.n3.vocab.0050,N3,名所,めいしょ,{名所|めい|しょ},메에쇼,noun,-,-,명소,-,{地元|じ|もと}の{名所|めいしょ}をメールで{紹介|しょうかい}しました。,고향의 명소를 메일로 소개했어요.,jlpt.n3.vocab.0050.m4a,ref_only:jfs_cando_b1+corpus_freq,draft,선정축: ①B1「旅行と交通」 출신지의 명소·명물을 메일로 소개하기 / ②빈도 zipf 3.75 / 내용어 7294위(모집단 80726); Tanos교차: N2 분류(구시험 기준) — 선정축 판단을 우선해 N3 유지
jlpt.n3.vocab.0051,N3,名物,めいぶつ,{名物|めい|ぶつ},메에부츠,noun,-,-,명물,명산품,この{町|まち}の{名物|めいぶつ}はおそばだそうです。,이 동네의 명물은 메밀국수래요.,jlpt.n3.vocab.0051.m4a,ref_only:jfs_cando_b1+corpus_freq,draft,선정축: ①B1「旅行と交通」 가이드 설명을 듣고 주요 정보 이해하기 / ②빈도 zipf 3.92 / 내용어 5576위(모집단 80726); Tanos교차: N2 분류(구시험 기준) — 선정축 판단을 우선해 N3 유지
jlpt.n3.vocab.0052,N3,旅館,りょかん,{旅館|りょ|かん},료칸,noun,-,-,여관,료칸,{旅館|りょかん}に{部屋|へや}のことを{問|と}い{合|あ}わせました。,료칸에 방에 대해 문의했어요.,jlpt.n3.vocab.0052.m4a,ref_only:jfs_cando_b1+corpus_freq,draft,선정축: ①B1「旅行と交通」 숙소에 희망 사항을 담아 문의 메일 쓰기 / ②빈도 zipf 3.99 / 내용어 4960위(모집단 80726); Tanos교차: N4 분류 — 우리 N4 400 미수록 잔여분을 N3으로 흡수
jlpt.n3.vocab.0053,N3,宿泊,しゅくはく,{宿泊|しゅく|はく},슈쿠하쿠,noun,suru_noun,vi,숙박,-,{宿泊|しゅくはく}する ホテルはもう{決|き}まりました。,숙박할 호텔은 이미 정해졌어요.,jlpt.n3.vocab.0053.m4a,ref_only:jfs_cando_b1+corpus_freq,draft,선정축: ①B1「旅行と交通」 행선지·일정을 상의해 정하기 / ②빈도 zipf 4.09 / 내용어 4178위(모집단 80726); Tanos교차: N3 일치
jlpt.n3.vocab.0054,N3,到着,とうちゃく,{到着|とう|ちゃく},토오차쿠,noun,suru_noun,vi,도착,-,{到着|とうちゃく}したら{連絡|れんらく}してください。,도착하면 연락 주세요.,jlpt.n3.vocab.0054.m4a,ref_only:jfs_cando_b1+corpus_freq,draft,선정축: ①B1「旅行と交通」 교통 문제 상황을 다른 사람에게 전하기 / ②빈도 zipf 4.70 / 내용어 1112위(모집단 80726); Tanos교차: N3 일치
jlpt.n3.vocab.0055,N3,移動,いどう,{移動|い|どう},이도오,noun,suru_noun,vi,이동,-,{駅|えき}までの{移動|いどう}にはバスが{便利|べんり}です。,역까지 이동에는 버스가 편해요.,jlpt.n3.vocab.0055.m4a,ref_only:jfs_cando_b1+corpus_freq,draft,선정축: ①B1「旅行と交通」 교통기관 이용법을 자세히 설명하기 / ②빈도 zipf 5.03 / 내용어 450위(모집단 80726); Tanos교차: N3 일치
jlpt.n3.vocab.0056,N3,距離,きょり,{距離|きょ|り},쿄리,noun,-,-,거리,-,ホテルから{海|うみ}までの{距離|きょり}は{近|ちか}いです。,호텔에서 바다까지 거리는 가까워요.,jlpt.n3.vocab.0056.m4a,ref_only:jfs_cando_b1+corpus_freq,draft,선정축: ①B1「旅行と交通」 가이드북에서 필요한 정보를 찾아내기 / ②빈도 zipf 4.78 / 내용어 902위(모집단 80726); Tanos교차: N1 분류(구시험 기준) — 선정축 판단을 우선해 N3 유지
jlpt.n3.vocab.0057,N3,渋滞,じゅうたい,{渋滞|じゅう|たい},주우타이,noun,suru_noun,vi,정체,차 막힘,{道|みち}が{渋滞|じゅうたい}していて{間|ま}に{合|あ}いませんでした。,길이 막혀서 시간에 못 맞췄어요.,jlpt.n3.vocab.0057.m4a,ref_only:jfs_cando_b1+corpus_freq,draft,선정축: ①B1「旅行と交通」 늦은 이유를 자세히 설명하며 사과하기 / ②빈도 zipf 3.98 / 내용어 5060위(모집단 80726); Tanos교차: N3 일치
jlpt.n3.vocab.0058,N3,混雑,こんざつ,{混雑|こん|ざつ},콘자츠,noun,suru_noun,vi,혼잡,붐빔,{朝|あさ}の{電車|でんしゃ}の{混雑|こんざつ}はひどいです。,아침 전철의 혼잡은 심해요.,jlpt.n3.vocab.0058.m4a,ref_only:jfs_cando_b1+corpus_freq,draft,선정축: ①B1「旅行と交通」 교통기관 이용 시 주의점을 설명하기 / ②빈도 zipf 3.85 / 내용어 6239위(모집단 80726); Tanos교차: N3 일치
jlpt.n3.vocab.0059,N3,乗客,じょうきゃく,{乗客|じょう|きゃく},조오캬쿠,noun,-,-,승객,-,{乗客|じょうきゃく}のみなさんにお{知|し}らせします。,승객 여러분께 알려 드립니다.,jlpt.n3.vocab.0059.m4a,ref_only:jfs_cando_b1+corpus_freq,draft,선정축: ①B1「旅行と交通」 역·차내 비상시 안내방송을 듣고 이해하기 / ②빈도 zipf 4.13 / 내용어 3899위(모집단 80726); Tanos교차: N3 일치
jlpt.n3.vocab.0060,N3,乗り遅れる,のりおくれる,{乗|の}り{遅|おく}れる,노리오쿠레루,verb,g2,vi,(차를) 놓치다,못 타다,{寝坊|ね|ぼう}して{電車|でんしゃ}に{乗|の}り{遅|おく}れました。,늦잠 자서 전철을 놓쳤어요.,jlpt.n3.vocab.0060.m4a,ref_only:jfs_cando_b1+corpus_freq,draft,선정축: ①B1「旅行と交通」 무슨 일이 있었는지 이유와 함께 전하기 / ②빈도 zipf 2.79 / 순위표 밖; Tanos교차: 전급수 목록밖 — Tanos(구시험 어휘)에 없는 현대어로 판단
jlpt.n3.vocab.0061,N3,遅刻,ちこく,{遅刻|ち|こく},치코쿠,noun,suru_noun,vi,지각,-,{事故|じ|こ}のせいで{遅刻|ちこく}してしまいました。,사고 때문에 지각해 버렸어요.,jlpt.n3.vocab.0061.m4a,ref_only:jfs_cando_b1+corpus_freq,draft,선정축: ①B1「旅行と交通」 약속을 못 지킨 이유를 설명하며 사과하기 / ②빈도 zipf 4.11 / 내용어 4059위(모집단 80726); Tanos교차: N3 일치
jlpt.n3.vocab.0062,N3,往復,おうふく,{往復|おう|ふく},오오후쿠,noun,suru_noun,vi,왕복,-,{往復|おうふく}の チケットのほうが{安|やす}いです。,왕복 티켓 쪽이 싸요.,jlpt.n3.vocab.0062.m4a,ref_only:jfs_cando_b1+corpus_freq,draft,선정축: ①B1「旅行と交通」 항공권 예약 때 사정을 설명하기 / ②빈도 zipf 4.12 / 내용어 3971위(모집단 80726); Tanos교차: N2 분류(구시험 기준) — 선정축 판단을 우선해 N3 유지
jlpt.n3.vocab.0063,N3,片道,かたみち,{片道|かた|みち},카타미치,noun,-,-,편도,-,{片道|かたみち}{一|いち}{時間|じ|かん}ぐらいかかります。,편도로 한 시간 정도 걸려요.,jlpt.n3.vocab.0063.m4a,ref_only:jfs_cando_b1+corpus_freq,draft,선정축: ①B1「旅行と交通」 교통 이용법의 자세한 정보를 주고받기 / ②빈도 zipf 3.66 / 내용어 8382위(모집단 80726); Tanos교차: N2 분류(구시험 기준) — 선정축 판단을 우선해 N3 유지
jlpt.n3.vocab.0064,N3,発車,はっしゃ,{発車|はっ|しゃ},핫샤,noun,suru_noun,vi,발차,출발,まもなく{発車|はっしゃ}しますのでご{注意|ちゅう|い}ください。,곧 출발하니 주의해 주세요.,jlpt.n3.vocab.0064.m4a,ref_only:jfs_cando_b1+corpus_freq,draft,선정축: ①B1「旅行と交通」 차내 안내방송을 듣고 이해하기 / ②빈도 zipf 3.75 / 내용어 7322위(모집단 80726); Tanos교차: N3 일치
jlpt.n3.vocab.0065,N3,停車,ていしゃ,{停車|てい|しゃ},테에샤,noun,suru_noun,vi,정차,-,この{電車|でんしゃ}は{各駅|かくえき}に{停車|ていしゃ}します。,이 전철은 각 역에 정차해요.,jlpt.n3.vocab.0065.m4a,ref_only:jfs_cando_b1+corpus_freq,draft,선정축: ①B1「旅行と交通」 역에서의 안내를 듣고 이해하기 / ②빈도 zipf 3.76 / 내용어 7182위(모집단 80726); Tanos교차: N2 분류(구시험 기준) — 선정축 판단을 우선해 N3 유지
jlpt.n3.vocab.0066,N3,通り過ぎる,とおりすぎる,{通|とお}り{過|す}ぎる,토오리스기루,verb,g2,vi,지나치다,통과하다,{降|お}りる{駅|えき}を{通|とお}り{過|す}ぎてしまいました。,내릴 역을 지나쳐 버렸어요.,jlpt.n3.vocab.0066.m4a,ref_only:jfs_cando_b1+corpus_freq,draft,선정축: ①B1「旅行と交通」 이동 중 생긴 문제를 설명하기 / ②빈도 zipf 3.67 / 내용어 8292위(모집단 80726); Tanos교차: 전급수 목록밖 — Tanos(구시험 어휘)에 없는 현대어로 판단
jlpt.n3.vocab.0067,N3,座席,ざせき,{座席|ざ|せき},자세키,noun,-,-,좌석,자리,{窓側|まどがわ}の{座席|ざせき}をお{願|ねが}いできますか。,창가 좌석으로 부탁드릴 수 있을까요?,jlpt.n3.vocab.0067.m4a,ref_only:jfs_cando_b1+corpus_freq,draft,선정축: ①B1「旅行と交通」 항공권 예약 때 희망을 전하기 / ②빈도 zipf 4.14 / 내용어 3846위(모집단 80726); Tanos교차: N3 일치
jlpt.n3.vocab.0068,N3,通路,つうろ,{通路|つう|ろ},츠우로,noun,-,-,통로,-,{荷物|に|もつ}は{通路|つうろ}に{置|お}かないでください。,짐은 통로에 두지 마세요.,jlpt.n3.vocab.0068.m4a,ref_only:jfs_cando_b1+corpus_freq,draft,선정축: ①B1「旅行と交通」 시설 이용 시 지시를 듣고 이해하기 / ②빈도 zipf 4.04 / 내용어 4556위(모집단 80726); Tanos교차: N2 분류(구시험 기준) — 선정축 판단을 우선해 N3 유지
jlpt.n3.vocab.0069,N3,向かう,むかう,{向|む}かう,무카우,verb,g1,vi,향하다,가다,これから{空港|くうこう}に{向|む}かうところです。,지금부터 공항으로 가려는 참이에요.,jlpt.n3.vocab.0069.m4a,ref_only:jfs_cando_b1+corpus_freq,draft,선정축: ①B1「旅行と交通」 이동 상황의 정보를 주고받기 / ②빈도 zipf 4.94 / 내용어 602위(모집단 80726); Tanos교차: N4 분류 — 우리 N4 400 미수록 잔여분을 N3으로 흡수
jlpt.n3.vocab.0070,N3,訪れる,おとずれる,{訪|おとず}れる,오토즈레루,verb,g2,vt,방문하다,찾다,{一度|いち|ど}{訪|おとず}れてみたい{町|まち}があります。,한번 가 보고 싶은 도시가 있어요.,jlpt.n3.vocab.0070.m4a,ref_only:jfs_cando_b1+corpus_freq,draft,선정축: ①B1「旅行と交通」 가고 싶은 여행지의 희망을 자세히 말하기 / ②빈도 zipf 4.09 / 내용어 4195위(모집단 80726); Tanos교차: N1 분류(구시험 기준) — 선정축 판단을 우선해 N3 유지
jlpt.n3.vocab.0071,N3,戻す,もどす,{戻|もど}す,모도스,verb,g1,vt,되돌리다,되돌려 놓다,{使|つか}った ものは もとの{場所|ばしょ}に{戻|もど}してください。,쓴 물건은 원래 자리에 되돌려 놔 주세요.,jlpt.n3.vocab.0071.m4a,ref_only:jfs_cando_b1+corpus_freq,draft,선정축: ①B1「旅行と交通」 시설 이용 지시를 이해하고 전달하기 / ②빈도 zipf 4.63 / 내용어 1369위(모집단 80726); Tanos교차: N3 일치
jlpt.n3.vocab.0072,N3,快適,かいてき,{快適|かい|てき},카이테키,na_adj,na_adj,-,쾌적함,편안함,{部屋|へや}は{広|ひろ}くて{快適|かいてき}でした。,방은 넓고 쾌적했어요.,jlpt.n3.vocab.0072.m4a,ref_only:jfs_cando_b1+corpus_freq,draft,선정축: ①B1「旅行と交通」 호텔·료칸의 감상을 여행 사이트에 쓰기 / ②빈도 zipf 4.26 / 내용어 3042위(모집단 80726); Tanos교차: N3 일치
jlpt.n3.vocab.0073,N3,症状,しょうじょう,{症状|しょう|じょう},쇼오조오,noun,-,-,증상,-,{自分|じ|ぶん}の{症状|しょうじょう}を{医者|い|しゃ}に{正|ただ}しく{伝|つた}えました。,자기 증상을 의사에게 정확히 전했어요.,jlpt.n3.vocab.0073.m4a,ref_only:jfs_cando_b1+corpus_freq,draft,선정축: ①B1「健康」 병원에서 증상 질문에 정확히 답하기 / ②빈도 zipf 4.40 / 내용어 2335위(모집단 80726); Tanos교차: N3 일치
jlpt.n3.vocab.0074,N3,予防,よぼう,{予防|よ|ぼう},요보오,noun,suru_noun,vt,예방,-,かぜの{予防|よぼう}には{手|て}を{洗|あら}うのが{一番|いちばん}です。,감기 예방에는 손을 씻는 게 최고예요.,jlpt.n3.vocab.0074.m4a,ref_only:jfs_cando_b1+corpus_freq,draft,선정축: ①B1「健康」 유행병 기사에서 예방법을 이해하기 / ②빈도 zipf 4.20 / 내용어 3409위(모집단 80726); Tanos교차: N3 일치
jlpt.n3.vocab.0075,N3,治療,ちりょう,{治療|ち|りょう},치료오,noun,suru_noun,vt,치료,-,{治療|ちりょう}にはもう{少|すこ}し{時間|じ|かん}がかかるそうです。,치료에는 조금 더 시간이 걸린대요.,jlpt.n3.vocab.0075.m4a,ref_only:jfs_cando_b1+corpus_freq,draft,선정축: ①B1「健康」 병원에서 과거 병력·경과를 설명하기 / ②빈도 zipf 4.85 / 내용어 751위(모집단 80726); Tanos교차: N1 분류(구시험 기준) — 선정축 판단을 우선해 N3 유지
jlpt.n3.vocab.0076,N3,検査,けんさ,{検査|けん|さ},켄사,noun,suru_noun,vt,검사,-,{病院|びょういん}で{検査|けんさ}を{受|う}けてきました。,병원에서 검사를 받고 왔어요.,jlpt.n3.vocab.0076.m4a,ref_only:jfs_cando_b1+corpus_freq,draft,선정축: ①B1「健康」 병원에서 증상·이력에 관해 답하기 / ②빈도 zipf 4.77 / 내용어 922위(모집단 80726); Tanos교차: N3 일치
jlpt.n3.vocab.0077,N3,手術,しゅじゅつ,{手術|しゅ|じゅつ},슈주츠,noun,suru_noun,vt,수술,-,{手術|しゅじゅつ}は{無事|ぶ|じ}に{終|お}わりました。,수술은 무사히 끝났어요.,jlpt.n3.vocab.0077.m4a,ref_only:jfs_cando_b1+corpus_freq,draft,선정축: ①B1「健康」 병문안에서 상태를 묻고 코멘트하기 / ②빈도 zipf 4.62 / 내용어 1378위(모집단 80726); Tanos교차: N3 일치
jlpt.n3.vocab.0078,N3,入院,にゅういん,{入院|にゅう|いん},뉴우인,noun,suru_noun,vi,입원,-,{一週間|いっ|しゅう|かん}ほど{入院|にゅういん}していました。,일주일쯤 입원해 있었어요.,jlpt.n3.vocab.0078.m4a,ref_only:jfs_cando_b1+corpus_freq,draft,선정축: ①B1「健康」 건강 상태의 근황을 자세히 전하기 / ②빈도 zipf 4.32 / 내용어 2734위(모집단 80726); Tanos교차: N4 분류 — 우리 N4 400 미수록 잔여분을 N3으로 흡수
jlpt.n3.vocab.0079,N3,退院,たいいん,{退院|たい|いん},타이인,noun,suru_noun,vi,퇴원,-,あしたやっと{退院|たいいん}できます。,내일 드디어 퇴원할 수 있어요.,jlpt.n3.vocab.0079.m4a,ref_only:jfs_cando_b1+corpus_freq,draft,선정축: ①B1「健康」 근황을 보고하고 공감을 주고받기 / ②빈도 zipf 3.74 / 내용어 7447위(모집단 80726); Tanos교차: N4 분류 — 우리 N4 400 미수록 잔여분을 N3으로 흡수
jlpt.n3.vocab.0080,N3,体調,たいちょう,{体調|たい|ちょう},타이초오,noun,-,-,컨디션,몸 상태,{体調|たいちょう}が{悪|わる}いので{今日|きょう}は{休|やす}みます。,컨디션이 안 좋아서 오늘은 쉴게요.,jlpt.n3.vocab.0080.m4a,ref_only:jfs_cando_b1+corpus_freq,draft,선정축: ①B1「健康」 몸 상태를 설명하고 배려를 요청하기 / ②빈도 zipf 4.38 / 내용어 2418위(모집단 80726); Tanos교차: 전급수 목록밖 — Tanos(구시험 어휘)에 없는 현대어로 판단
jlpt.n3.vocab.0081,N3,栄養,えいよう,{栄養|えい|よう},에에요오,noun,-,-,영양,-,{栄養|えいよう}のバランスを{考|かんが}えて{作|つく}っています。,영양 균형을 생각해서 만들고 있어요.,jlpt.n3.vocab.0081.m4a,ref_only:jfs_cando_b1+corpus_freq,draft,선정축: ①B1「健康」 식육 강연을 듣고 주요 정보 이해하기 / ②빈도 zipf 4.27 / 내용어 2992위(모집단 80726); Tanos교차: N3 일치
jlpt.n3.vocab.0082,N3,効果,こうか,{効果|こう|か},코오카,noun,-,-,효과,-,この{運動|うんどう}は{肩|かた}にいい{効果|こうか}があるそうです。,이 운동은 어깨에 좋은 효과가 있대요.,jlpt.n3.vocab.0082.m4a,ref_only:jfs_cando_b1+corpus_freq,draft,선정축: ①B1「健康」 친구의 건강법 특징과 효과를 이해하기 / ②빈도 zipf 5.12 / 내용어 334위(모집단 80726); Tanos교차: N3 일치
jlpt.n3.vocab.0083,N3,健康,けんこう,{健康|けん|こう},켕코오,noun,na_adj,-,건강,건강하다,{朝|あさ}のジョギングを{健康|けんこう}のために{始|はじ}めました。,아침 조깅을 건강을 위해 시작했어요.,jlpt.n3.vocab.0083.m4a,ref_only:jfs_cando_b1+corpus_freq,draft,선정축: ①B1「健康」 자기 건강법과 시작한 이유를 말하기 / ②빈도 zipf 4.89 / 내용어 679위(모집단 80726); Tanos교차: N3 일치
jlpt.n3.vocab.0084,N3,治す,なおす,{治|なお}す,나오스,verb,g1,vt,고치다,치료하다,かぜは{早|はや}めに{治|なお}したほうがいいです。,감기는 일찌감치 고치는 게 좋아요.,jlpt.n3.vocab.0084.m4a,ref_only:jfs_cando_b1+corpus_freq,draft,선정축: ①B1「健康」 예방법·대처법을 이해하고 전달하기 / ②빈도 zipf 4.69 / 내용어 1161위(모집단 80726); Tanos교차: N2 분류(구시험 기준) — 선정축 판단을 우선해 N3 유지
jlpt.n3.vocab.0085,N3,薬局,やっきょく,{薬局|やっ|きょく},약쿄쿠,noun,-,-,약국,-,{薬局|やっきょく}で{薬|くすり}をもらってきます。,약국에서 약을 받아 올게요.,jlpt.n3.vocab.0085.m4a,ref_only:jfs_cando_b1+corpus_freq,draft,선정축: ①B1「健康」 치과·약국의 평판과 이용법을 주고받기 / ②빈도 zipf 3.84 / 내용어 6360위(모집단 80726); Tanos교차: N2 분류(구시험 기준) — 선정축 판단을 우선해 N3 유지
jlpt.n3.vocab.0086,N3,防ぐ,ふせぐ,{防|ふせ}ぐ,후세구,verb,g1,vt,막다,예방하다,マスクをして かぜを{防|ふせ}ぎましょう。,마스크를 하고 감기를 막읍시다.,jlpt.n3.vocab.0086.m4a,ref_only:jfs_cando_b1+corpus_freq,draft,선정축: ①B1「健康」 유행병 뉴스에서 예방법·대처법 이해하기 / ②빈도 zipf 4.46 / 내용어 2047위(모집단 80726); Tanos교차: N3 일치
jlpt.n3.vocab.0087,N3,痩せる,やせる,{痩|や}せる,야세루,verb,g2,vi,살이 빠지다,마르다,{運動|うんどう}を{続|つづ}けたら{少|すこ}し{痩|や}せました。,운동을 계속했더니 조금 살이 빠졌어요.,jlpt.n3.vocab.0087.m4a,ref_only:jfs_cando_b1+corpus_freq,draft,선정축: ①B1「健康」 자기 건강법과 효과를 자세히 말하기 / ②빈도 zipf 3.87 / 내용어 6090위(모집단 80726); Tanos교차: N4 분류 — 우리 N4 400 미수록 잔여분을 N3으로 흡수
jlpt.n3.vocab.0088,N3,苦しい,くるしい,{苦|くる}しい,쿠루시이,i_adj,i_adj,-,괴롭다,답답하다,{階段|かいだん}を{上|のぼ}ると{息|いき}が{苦|くる}しくなります。,계단을 오르면 숨이 답답해져요.,jlpt.n3.vocab.0088.m4a,ref_only:jfs_cando_b1+corpus_freq,draft,선정축: ①B1「健康」 병원에서 증상을 정확히 전하기 / ②빈도 zipf 4.42 / 내용어 2243위(모집단 80726); Tanos교차: N3 일치
jlpt.n3.vocab.0089,N3,商品,しょうひん,{商品|しょう|ひん},쇼오힌,noun,-,-,상품,물건,この{商品|しょうひん}の{機能|き|のう}について{教|おし}えてください。,이 상품의 기능에 대해 알려 주세요.,jlpt.n3.vocab.0089.m4a,ref_only:jfs_cando_b1+corpus_freq,draft,선정축: ①B1「買い物」 점원에게 상품 기능을 질문하고 설명 이해하기 / ②빈도 zipf 5.04 / 내용어 432위(모집단 80726); Tanos교차: N3 일치
jlpt.n3.vocab.0090,N3,購入,こうにゅう,{購入|こう|にゅう},코오뉴우,noun,suru_noun,vt,구입,구매,{購入|こうにゅう}したばかりなのに{壊|こわ}れていました。,구입한 지 얼마 안 됐는데 고장 나 있었어요.,jlpt.n3.vocab.0090.m4a,ref_only:jfs_cando_b1+corpus_freq,draft,선정축: ①B1「買い物」 구입 상품의 불량을 설명하고 교환 요구하기 / ②빈도 zipf 4.94 / 내용어 599위(모집단 80726); Tanos교차: N1 분류(구시험 기준) — 선정축 판단을 우선해 N3 유지
jlpt.n3.vocab.0091,N3,販売,はんばい,{販売|はん|ばい},함바이,noun,suru_noun,vt,판매,-,この{店|みせ}では{中古|ちゅう|こ}も{販売|はんばい}しています。,이 가게에서는 중고도 판매하고 있어요.,jlpt.n3.vocab.0091.m4a,ref_only:jfs_cando_b1+corpus_freq,draft,선정축: ①B1「買い物」 매매 사이트에 원하는 조건을 자세히 쓰기 / ②빈도 zipf 5.24 / 내용어 227위(모집단 80726); Tanos교차: N3 일치
jlpt.n3.vocab.0092,N3,割引,わりびき,{割引|わり|びき},와리비키,noun,suru_noun,vt,할인,-,{学生|がくせい}なら{割引|わりびき}が{受|う}けられます。,학생이면 할인을 받을 수 있어요.,jlpt.n3.vocab.0092.m4a,ref_only:jfs_cando_b1+corpus_freq,draft,선정축: ①B1「買い物」 점원과 값을 두고 근거를 대며 교섭하기 / ②빈도 zipf 4.36 / 내용어 2538위(모집단 80726); Tanos교차: N2 분류(구시험 기준) — 선정축 판단을 우선해 N3 유지
jlpt.n3.vocab.0093,N3,返品,へんぴん,{返品|へん|ぴん},헴핀,noun,suru_noun,vt,반품,-,{説明|せつめい}と{違|ちが}うので{返品|へんぴん}をお{願|ねが}いします。,설명과 달라서 반품을 부탁드려요.,jlpt.n3.vocab.0093.m4a,ref_only:jfs_cando_b1+corpus_freq,draft,선정축: ①B1「買い物」 반품·교환을 요구하는 클레임 메일 쓰기 / ②빈도 zipf 3.63 / 내용어 8809위(모집단 80726); Tanos교차: 전급수 목록밖 — Tanos(구시험 어휘)에 없는 현대어로 판단
jlpt.n3.vocab.0094,N3,交換,こうかん,{交換|こう|かん},코오칸,noun,suru_noun,vt,교환,-,{同|おな}じものと{交換|こうかん}してもらえませんか。,같은 것으로 교환해 주실 수 있나요?,jlpt.n3.vocab.0094.m4a,ref_only:jfs_cando_b1+corpus_freq,draft,선정축: ①B1「買い物」 불량품의 교환을 요구하기 / ②빈도 zipf 4.99 / 내용어 511위(모집단 80726); Tanos교차: N3 일치
jlpt.n3.vocab.0095,N3,注文,ちゅうもん,{注文|ちゅう|もん},추우몬,noun,suru_noun,vt,주문,-,{注文|ちゅうもん}した{品|しな}がまだ{届|とど}きません。,주문한 물건이 아직 안 왔어요.,jlpt.n3.vocab.0095.m4a,ref_only:jfs_cando_b1+corpus_freq,draft,선정축: ①B1「買い物」 주문 관련 문제 상황을 설명하고 항의하기 / ②빈도 zipf 4.59 / 내용어 1472위(모집단 80726); Tanos교차: N3 일치
jlpt.n3.vocab.0096,N3,配達,はいたつ,{配達|はい|たつ},하이타츠,noun,suru_noun,vt,배달,배송,{配達|はいたつ}の{時間|じ|かん}を{変|か}えてもらえますか。,배송 시간을 바꿔 주실 수 있을까요?,jlpt.n3.vocab.0096.m4a,ref_only:jfs_cando_b1+corpus_freq,draft,선정축: ①B1「買い物」 사정을 설명하고 서비스 변경을 의뢰하기 / ②빈도 zipf 4.16 / 내용어 3717위(모집단 80726); Tanos교차: N3 일치
jlpt.n3.vocab.0097,N3,支払う,しはらう,{支払|し|はら}う,시하라우,verb,g1,vt,지불하다,내다,{使|つか}っていない{料金|りょうきん}を{支払|しはら}う{必要|ひつよう}はありません。,쓰지도 않은 요금을 낼 필요는 없어요.,jlpt.n3.vocab.0097.m4a,ref_only:jfs_cando_b1+corpus_freq,draft,선정축: ①B1「買い物」 부당 청구를 상담 센터에 설명하기 / ②빈도 zipf 4.42 / 내용어 2248위(모집단 80726); Tanos교차: N3 일치
jlpt.n3.vocab.0098,N3,品物,しなもの,{品物|しな|もの},시나모노,noun,-,-,물건,물품,{届|とど}いた{品物|しなもの}が{写真|しゃしん}と{違|ちが}います。,도착한 물건이 사진과 달라요.,jlpt.n3.vocab.0098.m4a,ref_only:jfs_cando_b1+corpus_freq,draft,선정축: ①B1「買い物」 상품 상태를 설명하고 클레임 하기 / ②빈도 zipf 3.38 / 내용어 12464위(모집단 80726); Tanos교차: N4 분류 — 우리 N4 400 미수록 잔여분을 N3으로 흡수
jlpt.n3.vocab.0099,N3,売れる,うれる,{売|う}れる,우레루,verb,g2,vi,팔리다,-,この{色|いろ}が{一番|いちばん}{売|う}れているそうです。,이 색이 가장 잘 팔린대요.,jlpt.n3.vocab.0099.m4a,ref_only:jfs_cando_b1+corpus_freq,draft,선정축: ①B1「買い物」 점원에게 상품의 자세한 정보를 묻기 / ②빈도 zipf 4.69 / 내용어 1158위(모집단 80726); Tanos교차: N3 일치
jlpt.n3.vocab.0100,N3,無駄,むだ,{無駄|む|だ},무다,na_adj,na_adj,-,헛됨,쓸데없음,{使|つか}わない ものを{買|か}うのは{無駄|むだ}です。,쓰지 않는 물건을 사는 건 낭비예요.,jlpt.n3.vocab.0100.m4a,ref_only:jfs_cando_b1+corpus_freq,draft,선정축: ①B1「買い物」 무엇을 살지 근거를 들어 정하기 / ②빈도 zipf 4.96 / 내용어 570위(모집단 80726); Tanos교차: N3 일치
jlpt.n3.vocab.0101,N3,豊富,ほうふ,{豊富|ほう|ふ},호오후,na_adj,na_adj,-,풍부함,넉넉함,この{店|みせ}は{種類|しゅ|るい}が{豊富|ほうふ}です。,이 가게는 종류가 풍부해요.,jlpt.n3.vocab.0101.m4a,ref_only:jfs_cando_b1+corpus_freq,draft,선정축: ①B1「買い物」 가게의 장점을 리뷰에 쓰기 / ②빈도 zipf 4.24 / 내용어 3176위(모집단 80726); Tanos교차: N3 일치
jlpt.n3.vocab.0102,N3,苦情,くじょう,{苦情|く|じょう},쿠조오,noun,-,-,불만,항의,{店|みせ}の{責任者|せき|にん|しゃ}に{苦情|くじょう}を{言|い}いました。,가게 책임자에게 항의했어요.,jlpt.n3.vocab.0102.m4a,ref_only:jfs_cando_b1+corpus_freq,draft,선정축: ①B1「買い物」 접객 태도의 문제를 설명하고 항의하기 / ②빈도 zipf 3.87 / 내용어 6070위(모집단 80726); Tanos교차: N2 분류(구시험 기준) — 선정축 판단을 우선해 N3 유지
jlpt.n3.vocab.0103,N3,材料,ざいりょう,{材料|ざい|りょう},자이료오,noun,-,-,재료,-,まず{材料|ざいりょう}をぜんぶ{切|き}っておきます。,먼저 재료를 전부 썰어 둬요.,jlpt.n3.vocab.0103.m4a,ref_only:jfs_cando_b1+corpus_freq,draft,선정축: ①B1「食生活」 레시피를 읽고 재료·만드는 법을 이해하기 / ②빈도 zipf 4.41 / 내용어 2278위(모집단 80726); Tanos교차: N3 일치
jlpt.n3.vocab.0104,N3,手順,てじゅん,{手順|て|じゅん},테준,noun,-,-,순서,절차,{作|つく}り{方|かた}の{手順|てじゅん}を{確|たし}かめながら{進|すす}めましょう。,만드는 순서를 확인하면서 진행합시다.,jlpt.n3.vocab.0104.m4a,ref_only:jfs_cando_b1+corpus_freq,draft,선정축: ①B1「食生活」 친구와 요리하며 순서를 확인하고 지시하기 / ②빈도 zipf 4.16 / 내용어 3705위(모집단 80726); Tanos교차: N1 분류(구시험 기준) — 선정축 판단을 우선해 N3 유지
jlpt.n3.vocab.0105,N3,冷やす,ひやす,{冷|ひ}やす,히야스,verb,g1,vt,식히다,차게 하다,{飲|の}み{物|もの}は{先|さき}に{冷|ひ}やしておきます。,음료는 미리 차게 해 둬요.,jlpt.n3.vocab.0105.m4a,ref_only:jfs_cando_b1+corpus_freq,draft,선정축: ①B1「食生活」 만드는 법의 요령을 자세히 설명하기 / ②빈도 zipf 4.03 / 내용어 4653위(모집단 80726); Tanos교차: N2 분류(구시험 기준) — 선정축 판단을 우선해 N3 유지
jlpt.n3.vocab.0106,N3,柔らかい,やわらかい,{柔|やわ}らかい,야와라카이,i_adj,i_adj,-,부드럽다,말랑하다,{長|なが}く{煮|に}ると{肉|にく}が{柔|やわ}らかくなります。,오래 조리면 고기가 부드러워져요.,jlpt.n3.vocab.0106.m4a,ref_only:jfs_cando_b1+corpus_freq,draft,선정축: ①B1「食生活」 조리 요령을 순서대로 설명하기 / ②빈도 zipf 4.09 / 내용어 4212위(모집단 80726); Tanos교차: N4 분류 — 우리 N4 400 미수록 잔여분을 N3으로 흡수
jlpt.n3.vocab.0107,N3,食材,しょくざい,{食材|しょく|ざい},쇼쿠자이,noun,-,-,식재료,-,{食材|しょくざい}はいつも{近|ちか}くの{市場|いちば}で{買|か}っています。,식재료는 늘 근처 시장에서 사요.,jlpt.n3.vocab.0107.m4a,ref_only:jfs_cando_b1+corpus_freq,draft,선정축: ①B1「食生活」 어디서 식재료를 사는지 질문하고 답하기 / ②빈도 zipf 4.07 / 내용어 4312위(모집단 80726); Tanos교차: 전급수 목록밖 — Tanos(구시험 어휘)에 없는 현대어로 판단
jlpt.n3.vocab.0108,N3,煮る,にる,{煮|に}る,니루,verb,g2,vt,삶다,조리다,{弱|よわ}い{火|ひ}で{三十分|さん|じゅっ|ぷん}ぐらい{煮|に}てください。,약한 불로 30분 정도 조려 주세요.,jlpt.n3.vocab.0108.m4a,ref_only:jfs_cando_b1+corpus_freq,draft,선정축: ①B1「食生活」 잘하는 요리의 조리법을 순서대로 설명하기 / ②빈도 zipf 4.13 / 내용어 3936위(모집단 80726); Tanos교차: N2 분류(구시험 기준) — 선정축 판단을 우선해 N3 유지
jlpt.n3.vocab.0109,N3,沸かす,わかす,{沸|わ}かす,와카스,verb,g1,vt,끓이다,데우다,お{湯|ゆ}を{沸|わ}かしてからめんを{入|い}れます。,물을 끓이고 나서 면을 넣어요.,jlpt.n3.vocab.0109.m4a,ref_only:jfs_cando_b1+corpus_freq,draft,선정축: ①B1「食生活」 레시피를 어느 정도 자세히 쓰기 / ②빈도 zipf 3.36 / 내용어 12918위(모집단 80726); Tanos교차: N4 분류 — 우리 N4 400 미수록 잔여분을 N3으로 흡수
jlpt.n3.vocab.0110,N3,冷凍,れいとう,{冷凍|れい|とう},레에토오,noun,suru_noun,vt,냉동,-,{残|のこ}った ごはんは{冷凍|れいとう}しておきました。,남은 밥은 냉동해 뒀어요.,jlpt.n3.vocab.0110.m4a,ref_only:jfs_cando_b1+corpus_freq,draft,선정축: ①B1「食生活」 자기 식생활의 자세한 정보를 전하기 / ②빈도 zipf 4.11 / 내용어 4036위(모집단 80726); Tanos교차: N2 분류(구시험 기준) — 선정축 판단을 우선해 N3 유지
jlpt.n3.vocab.0111,N3,好み,このみ,{好|この}み,코노미,noun,-,-,취향,기호,{味|あじ}の{好|この}みは{人|ひと}によって{違|ちが}います。,맛 취향은 사람마다 달라요.,jlpt.n3.vocab.0111.m4a,ref_only:jfs_cando_b1+corpus_freq,draft,선정축: ①B1「食生活」 정번 요리의 자기만의 고집을 이야기하기 / ②빈도 zipf 4.66 / 내용어 1250위(모집단 80726); Tanos교차: N3 일치
jlpt.n3.vocab.0112,N3,味わう,あじわう,{味|あじ}わう,아지와우,verb,g1,vt,맛보다,음미하다,{郷土|きょうど}{料理|りょうり}をゆっくり{味|あじ}わいました。,향토 요리를 천천히 맛봤어요.,jlpt.n3.vocab.0112.m4a,ref_only:jfs_cando_b1+corpus_freq,draft,선정축: ①B1「食生活」 향토 요리의 특징을 자세히 주고받기 / ②빈도 zipf 4.24 / 내용어 3192위(모집단 80726); Tanos교차: N2 분류(구시험 기준) — 선정축 판단을 우선해 N3 유지
jlpt.n3.vocab.0113,N3,濃い,こい,{濃|こ}い,코이,i_adj,i_adj,-,진하다,짙다,この スープは{味|あじ}が{濃|こ}すぎると{思|おも}います。,이 수프는 맛이 너무 진한 것 같아요.,jlpt.n3.vocab.0113.m4a,ref_only:jfs_cando_b1+corpus_freq,draft,선정축: ①B1「食生活」 주문 문제 상황을 설명하고 항의하기 / ②빈도 zipf 4.47 / 내용어 2004위(모집단 80726); Tanos교차: N3 일치
jlpt.n3.vocab.0114,N3,混ぜる,まぜる,{混|ま}ぜる,마제루,verb,g2,vt,섞다,-,たまごをよく{混|ま}ぜてから{焼|や}きます。,달걀을 잘 섞고 나서 부쳐요.,jlpt.n3.vocab.0114.m4a,ref_only:jfs_cando_b1+corpus_freq,draft,선정축: ①B1「食生活」 요리 방송을 보고 만드는 법을 이해하기 / ②빈도 zipf 4.27 / 내용어 3019위(모집단 80726); Tanos교차: N2 분류(구시험 기준) — 선정축 판단을 우선해 N3 유지
jlpt.n3.vocab.0115,N3,郷土,きょうど,{郷土|きょう|ど},쿄오도,noun,-,-,향토,고장,{郷土|きょうど}{料理|りょうり}の{店|みせ}の{評判|ひょうばん}を{聞|き}きました。,향토 요리 가게의 평판을 물었어요.,jlpt.n3.vocab.0115.m4a,ref_only:jfs_cando_b1+corpus_freq,draft,선정축: ①B1「食生活」 향토 요리와 가게 평판을 질문하고 답하기 / ②빈도 zipf 3.62 / 내용어 8935위(모집단 80726); Tanos교차: 전급수 목록밖 — Tanos(구시험 어휘)에 없는 현대어로 판단
jlpt.n3.vocab.0116,N3,新鮮,しんせん,{新鮮|しん|せん},신센,na_adj,na_adj,-,신선함,싱싱함,ここの{魚|さかな}は とても{新鮮|しんせん}です。,여기 생선은 아주 싱싱해요.,jlpt.n3.vocab.0116.m4a,ref_only:jfs_cando_b1+corpus_freq,draft,선정축: ①B1「食生活」 가게에서 상품의 산지·종류를 묻기 / ②빈도 zipf 4.24 / 내용어 3161위(모집단 80726); Tanos교차: N3 일치
jlpt.n3.vocab.0117,N3,温暖化,おんだんか,{温暖化|おん|だん|か},온당카,noun,-,-,온난화,-,{地球|ちきゅう}{温暖化|おんだんか}のニュースを{見|み}ました。,지구 온난화 뉴스를 봤어요.,jlpt.n3.vocab.0117.m4a,ref_only:jfs_cando_b1+corpus_freq,draft,선정축: ①B1「自然と環境」 온난화 뉴스를 보고 주요 논점 이해하기 / ②빈도 zipf 3.91 / 순위표 밖; Tanos교차: 전급수 목록밖 — Tanos(구시험 어휘)에 없는 현대어로 판단
jlpt.n3.vocab.0118,N3,地球,ちきゅう,{地球|ち|きゅう},치큐우,noun,-,-,지구,-,{地球|ちきゅう}のためにできることを{考|かんが}えましょう。,지구를 위해 할 수 있는 일을 생각해 봅시다.,jlpt.n3.vocab.0118.m4a,ref_only:jfs_cando_b1+corpus_freq,draft,선정축: ①B1「自然と環境」 가정에서 할 수 있는 대책을 워크숍에서 제안하기 / ②빈도 zipf 4.94 / 내용어 596위(모집단 80726); Tanos교차: N3 일치
jlpt.n3.vocab.0119,N3,汚染,おせん,{汚染|お|せん},오센,noun,suru_noun,vt,오염,-,{川|かわ}の{汚染|おせん}がひどくなっているそうです。,강 오염이 심해지고 있대요.,jlpt.n3.vocab.0119.m4a,ref_only:jfs_cando_b1+corpus_freq,draft,선정축: ①B1「自然と環境」 환경 문제 기사를 읽고 중요 정보 이해하기 / ②빈도 zipf 4.29 / 내용어 2884위(모집단 80726); Tanos교차: N3 일치
jlpt.n3.vocab.0120,N3,豊か,ゆたか,{豊|ゆた}か,유타카,na_adj,na_adj,-,풍요로움,풍부함,{自然|しぜん}が{豊|ゆた}かな{土地|と|ち}で{育|そだ}ちました。,자연이 풍요로운 고장에서 자랐어요.,jlpt.n3.vocab.0120.m4a,ref_only:jfs_cando_b1+corpus_freq,draft,선정축: ①B1「自然と環境」 자기 나라·고장의 모습을 소개하기 / ②빈도 zipf 4.33 / 내용어 2700위(모집단 80726); Tanos교차: N3 일치
jlpt.n3.vocab.0121,N3,削減,さくげん,{削減|さく|げん},사쿠겐,noun,suru_noun,vt,삭감,감축,CO2の{削減|さくげん}について{記事|き|じ}を{読|よ}みました。,CO2 감축에 관한 기사를 읽었어요.,jlpt.n3.vocab.0121.m4a,ref_only:jfs_cando_b1+corpus_freq,draft,선정축: ①B1「自然と環境」 CO2 감축 관련 신문 기사를 읽고 이해하기 / ②빈도 zipf 4.20 / 내용어 3415위(모집단 80726); Tanos교차: N1 분류(구시험 기준) — 선정축 판단을 우선해 N3 유지
jlpt.n3.vocab.0122,N3,分別,ぶんべつ,{分別|ぶん|べつ},붐베츠,noun,suru_noun,vt,분리수거,분별,ごみの{分別|ぶんべつ}の{仕方|し|かた}を{教|おそ}わりました。,쓰레기 분리수거 방법을 배웠어요.,jlpt.n3.vocab.0122.m4a,ref_only:jfs_cando_b1+corpus_freq,draft,선정축: ①B1「自然と環境」 분리수거 체험형 워크숍에서 작업을 진행하기 / ②빈도 zipf 3.60 / 내용어 9144위(모집단 80726); Tanos교차: 전급수 목록밖 — Tanos(구시험 어휘)에 없는 현대어로 판단
jlpt.n3.vocab.0123,N3,節約,せつやく,{節約|せつ|やく},세츠야쿠,noun,suru_noun,vt,절약,-,{電気|でんき}を{節約|せつやく}するだけでも{効果|こうか}があります。,전기를 절약하는 것만으로도 효과가 있어요.,jlpt.n3.vocab.0123.m4a,ref_only:jfs_cando_b1+corpus_freq,draft,선정축: ①B1「自然と環境」 자기 실천을 소개하고 해결안을 제안하기 / ②빈도 zipf 4.06 / 내용어 4377위(모집단 80726); Tanos교차: N3 일치
jlpt.n3.vocab.0124,N3,自然,しぜん,{自然|し|ぜん},시젠,noun,na_adj,-,자연,자연스럽다,この{町|まち}は{自然|しぜん}が{多|おお}くて{住|す}みやすいです。,이 동네는 자연이 많아서 살기 좋아요.,jlpt.n3.vocab.0124.m4a,ref_only:jfs_cando_b1+corpus_freq,draft,선정축: ①B1「自然と環境」 자기 나라의 환경을 프레젠테이션 하기 / ②빈도 zipf 4.98 / 내용어 527위(모집단 80726); Tanos교차: N3 일치
jlpt.n3.vocab.0125,N3,溶ける,とける,{溶|と}ける,토케루,verb,g2,vi,녹다,풀리다,{氷|こおり}が{溶|と}けて{海|うみ}の{水|みず}が{増|ふ}えています。,얼음이 녹아 바닷물이 늘고 있어요.,jlpt.n3.vocab.0125.m4a,ref_only:jfs_cando_b1+corpus_freq,draft,선정축: ①B1「自然と環境」 온난화 뉴스의 주요 논점을 이해하기 / ②빈도 zipf 4.19 / 내용어 3522위(모집단 80726); Tanos교차: N2 분류(구시험 기준) — 선정축 판단을 우선해 N3 유지
jlpt.n3.vocab.0126,N3,深刻,しんこく,{深刻|しん|こく},싱코쿠,na_adj,na_adj,-,심각함,-,ごみの{問題|もんだい}は{思|おも}ったより{深刻|しんこく}です。,쓰레기 문제는 생각보다 심각해요.,jlpt.n3.vocab.0126.m4a,ref_only:jfs_cando_b1+corpus_freq,draft,선정축: ①B1「自然と環境」 환경 문제에 대한 자기 의견을 투고하기 / ②빈도 zipf 4.31 / 내용어 2794위(모집단 80726); Tanos교차: N3 일치
jlpt.n3.vocab.0127,N3,汚す,よごす,{汚|よご}す,요고스,verb,g1,vt,더럽히다,오염시키다,{海|うみ}を{汚|よご}さないようにしましょう。,바다를 더럽히지 않도록 합시다.,jlpt.n3.vocab.0127.m4a,ref_only:jfs_cando_b1+corpus_freq,draft,선정축: ①B1「自然と環境」 환경 문제 워크숍에서 의견을 말하기 / ②빈도 zipf 3.35 / 내용어 13061위(모집단 80726); Tanos교차: N2 분류(구시험 기준) — 선정축 판단을 우선해 N3 유지
jlpt.n3.vocab.0128,N3,燃える,もえる,{燃|も}える,모에루,verb,g2,vi,타다,불타다,{燃|も}えるごみは{火曜日|か|よう|び}に{出|だ}します。,타는 쓰레기는 화요일에 내놔요.,jlpt.n3.vocab.0128.m4a,ref_only:jfs_cando_b1+corpus_freq,draft,선정축: ①B1「自然と環境」 분리수거 표시 설명을 읽고 이해하기 / ②빈도 zipf 4.36 / 내용어 2544위(모집단 80726); Tanos교차: N3 일치
jlpt.n3.vocab.0129,N3,影響,えいきょう,{影響|えい|きょう},에에쿄오,noun,suru_noun,vi,영향,-,{天気|てんき}の{変化|へんか}は{野菜|やさい}の{値段|ね|だん}にも{影響|えいきょう}します。,날씨 변화는 채소 값에도 영향을 줘요.,jlpt.n3.vocab.0129.m4a,ref_only:jfs_cando_b1+corpus_freq,draft,선정축: ①B1「自然と環境」 환경 문제가 생활에 미치는 영향을 말하기 / ②빈도 zipf 5.17 / 내용어 283위(모집단 80726); Tanos교차: N3 일치
jlpt.n3.vocab.0130,N3,対策,たいさく,{対策|たい|さく},타이사쿠,noun,-,-,대책,-,すぐにできる{対策|たいさく}から{始|はじ}めたほうがいいです。,당장 할 수 있는 대책부터 시작하는 게 좋아요.,jlpt.n3.vocab.0130.m4a,ref_only:jfs_cando_b1+corpus_freq,draft,선정축: ①B1「自然と環境」 온난화 대책 워크숍에서 해결안을 제안하기 / ②빈도 zipf 4.93 / 내용어 614위(모집단 80726); Tanos교차: N2 분류(구시험 기준) — 선정축 판단을 우선해 N3 유지
jlpt.n3.vocab.0131,N3,教育,きょういく,{教育|きょう|いく},쿄오이쿠,noun,suru_noun,vt,교육,-,{教育|きょういく}の{問題|もんだい}について{意見|い|けん}を{述|の}べました。,교육 문제에 대해 의견을 말했어요.,jlpt.n3.vocab.0131.m4a,ref_only:jfs_cando_b1+corpus_freq,draft,선정축: ①B1「学校と教育」 세미나 토론에서 이유를 곁들여 의견 말하기 / ②빈도 zipf 5.09 / 내용어 365위(모집단 80726); Tanos교차: N4 분류 — 우리 N4 400 미수록 잔여분을 N3으로 흡수
jlpt.n3.vocab.0132,N3,講義,こうぎ,{講義|こう|ぎ},코오기,noun,suru_noun,vi,강의,-,{今日|きょう}の{講義|こうぎ}は{休|やす}みになりました。,오늘 강의는 휴강이 됐어요.,jlpt.n3.vocab.0132.m4a,ref_only:jfs_cando_b1+corpus_freq,draft,선정축: ①B1「学校と教育」 수업 관련 연락을 이해하고 전달하기 / ②빈도 zipf 4.12 / 내용어 3988위(모집단 80726); Tanos교차: N4 분류 — 우리 N4 400 미수록 잔여분을 N3으로 흡수
jlpt.n3.vocab.0133,N3,専門,せんもん,{専門|せん|もん},셈몬,noun,-,-,전공,전문,ゼミで{自分|じぶん}の{専門|せんもん}について{発表|はっ|ぴょう}しました。,세미나에서 자기 전공에 대해 발표했어요.,jlpt.n3.vocab.0133.m4a,ref_only:jfs_cando_b1+corpus_freq,draft,선정축: ①B1「学校と教育」 세미나 발표를 듣고 주요 정보 이해하기 / ②빈도 zipf 5.07 / 내용어 389위(모집단 80726); Tanos교차: 전급수 목록밖 — Tanos(구시험 어휘)에 없는 현대어로 판단
jlpt.n3.vocab.0134,N3,提出,ていしゅつ,{提出|てい|しゅつ},테에슈츠,noun,suru_noun,vt,제출,-,{書類|しょるい}の{提出|ていしゅつ}が{遅|おく}れてしまいました。,서류 제출이 늦어져 버렸어요.,jlpt.n3.vocab.0134.m4a,ref_only:jfs_cando_b1+corpus_freq,draft,선정축: ①B1「学校と教育」 창구에서 서류 문제의 지적을 듣고 확인하기 / ②빈도 zipf 4.47 / 내용어 1990위(모집단 80726); Tanos교차: N3 일치
jlpt.n3.vocab.0135,N3,成績,せいせき,{成績|せい|せき},세에세키,noun,-,-,성적,-,{成績|せいせき}のつけ{方|かた}をシラバスで{確|たし}かめました。,성적 매기는 방식을 실러버스에서 확인했어요.,jlpt.n3.vocab.0135.m4a,ref_only:jfs_cando_b1+corpus_freq,draft,선정축: ①B1「学校と教育」 실러버스에서 평가 방법을 찾아내기 / ②빈도 zipf 4.30 / 내용어 2832위(모집단 80726); Tanos교차: N3 일치
jlpt.n3.vocab.0136,N3,合格,ごうかく,{合格|ごう|かく},고오카쿠,noun,suru_noun,vi,합격,-,{試験|しけん}に{合格|ごうかく}できてほっとしました。,시험에 합격해서 마음이 놓였어요.,jlpt.n3.vocab.0136.m4a,ref_only:jfs_cando_b1+corpus_freq,draft,선정축: ①B1「学校と教育」 근황을 자기 기분을 곁들여 말하기 / ②빈도 zipf 4.47 / 내용어 1982위(모집단 80726); Tanos교차: N3 일치
jlpt.n3.vocab.0137,N3,進学,しんがく,{進学|しん|がく},싱가쿠,noun,suru_noun,vi,진학,-,{進学|しんがく}のことで{先生|せんせい}に{相談|そう|だん}しました。,진학 문제로 선생님과 상담했어요.,jlpt.n3.vocab.0137.m4a,ref_only:jfs_cando_b1+corpus_freq,draft,선정축: ①B1「学校と教育」 진로 고민을 상담하고 조언을 받기 / ②빈도 zipf 4.02 / 내용어 4704위(모집단 80726); Tanos교차: N3 일치
jlpt.n3.vocab.0138,N3,教わる,おそわる,{教|おそ}わる,오소와루,verb,g1,vt,배우다,가르침을 받다,{作|つく}り{方|かた}は{祖母|そぼ}に{教|おそ}わりました。,만드는 법은 할머니께 배웠어요.,jlpt.n3.vocab.0138.m4a,ref_only:jfs_cando_b1+corpus_freq,draft,선정축: ①B1「学校と教育」 배운 것과 그 경위를 자세히 말하기 / ②빈도 zipf 3.89 / 내용어 5924위(모집단 80726); Tanos교차: N2 분류(구시험 기준) — 선정축 판단을 우선해 N3 유지
jlpt.n3.vocab.0139,N3,悩む,なやむ,{悩|なや}む,나야무,verb,g1,vi,고민하다,괴로워하다,{進路|しん|ろ}のことで ずいぶん{悩|なや}みました。,진로 문제로 꽤 고민했어요.,jlpt.n3.vocab.0139.m4a,ref_only:jfs_cando_b1+corpus_freq,draft,선정축: ①B1「学校と教育」 진로 고민을 상담하고 조언을 받기 / ②빈도 zipf 4.69 / 내용어 1160위(모집단 80726); Tanos교차: N3 일치
jlpt.n3.vocab.0140,N3,課題,かだい,{課題|か|だい},카다이,noun,-,-,과제,숙제,{今週|こんしゅう}の{課題|かだい}はもう{出|だ}しましたか。,이번 주 과제는 벌써 냈어요?,jlpt.n3.vocab.0140.m4a,ref_only:jfs_cando_b1+corpus_freq,draft,선정축: ①B1「学校と教育」 수업 인수인계에서 진행 상황을 전하기 / ②빈도 zipf 4.55 / 내용어 1628위(모집단 80726); Tanos교차: N1 분류(구시험 기준) — 선정축 판단을 우선해 N3 유지
jlpt.n3.vocab.0141,N3,評価,ひょうか,{評価|ひょう|か},효오카,noun,suru_noun,vt,평가,-,この{授業|じゅぎょう}はレポートで{評価|ひょうか}されます。,이 수업은 리포트로 평가돼요.,jlpt.n3.vocab.0141.m4a,ref_only:jfs_cando_b1+corpus_freq,draft,선정축: ①B1「学校と教育」 수업을 고르기 위해 필요한 정보를 찾기 / ②빈도 zipf 5.10 / 내용어 354위(모집단 80726); Tanos교차: N3 일치
jlpt.n3.vocab.0142,N3,指導,しどう,{指導|し|どう},시도오,noun,suru_noun,vt,지도,-,{先生|せんせい}の{指導|しどう}のおかげで{書|か}き{直|なお}せました。,선생님 지도 덕분에 고쳐 쓸 수 있었어요.,jlpt.n3.vocab.0142.m4a,ref_only:jfs_cando_b1+corpus_freq,draft,선정축: ①B1「学校と教育」 교사 연수에서 학습자 문제를 주고받기 / ②빈도 zipf 4.80 / 내용어 851위(모집단 80726); Tanos교차: N3 일치
jlpt.n3.vocab.0143,N3,塾,じゅく,{塾|じゅく},주쿠,noun,-,-,학원,-,{近所|きんじょ}の{塾|じゅく}の{評判|ひょうばん}を{聞|き}いてみました。,근처 학원 평판을 물어봤어요.,jlpt.n3.vocab.0143.m4a,ref_only:jfs_cando_b1+corpus_freq,draft,선정축: ①B1「学校と教育」 근처 학원의 평판·수강 방법을 주고받기 / ②빈도 zipf 4.40 / 순위표 밖; Tanos교차: N1 분류(구시험 기준) — 선정축 판단을 우선해 N3 유지
jlpt.n3.vocab.0144,N3,学ぶ,まなぶ,{学|まな}ぶ,마나부,verb,g1,vt,배우다,익히다,この{授業|じゅぎょう}でたくさんのことを{学|まな}びました。,이 수업에서 많은 것을 배웠어요.,jlpt.n3.vocab.0144.m4a,ref_only:jfs_cando_b1+corpus_freq,draft,선정축: ①B1「学校と教育」 학교 생활의 자세한 정보를 주고받기 / ②빈도 zipf 4.87 / 내용어 732위(모집단 80726); Tanos교차: N3 일치
jlpt.n3.vocab.0145,N3,真剣,しんけん,{真剣|しん|けん},싱켄,na_adj,na_adj,-,진지함,-,みんな{真剣|しんけん}に{話|はな}し{合|あ}っていました。,다들 진지하게 이야기를 나누고 있었어요.,jlpt.n3.vocab.0145.m4a,ref_only:jfs_cando_b1+corpus_freq,draft,선정축: ①B1「学校と教育」 세미나 토론에 참여해 의견을 말하기 / ②빈도 zipf 4.42 / 내용어 2212위(모집단 80726); Tanos교차: N3 일치
jlpt.n3.vocab.0146,N3,めったに,めったに,めったに,멧타니,adv,-,-,좀처럼,거의,{先生|せんせい}は めったに{休|やす}みません。,선생님은 좀처럼 쉬지 않으세요.,jlpt.n3.vocab.0146.m4a,ref_only:jfs_cando_b1+corpus_freq,draft,선정축: ①B1「学校と教育」 학교 생활의 자세한 정보를 주고받기 / ②빈도 zipf 3.40 / 순위표 밖; Tanos교차: N3 일치
jlpt.n3.vocab.0147,N3,伝統,でんとう,{伝統|でん|とう},덴토오,noun,-,-,전통,-,{歌舞伎|か|ぶ|き}は{日本|にほん}の{伝統|でんとう}{文化|ぶんか}の{一|ひと}つです。,가부키는 일본 전통문화의 하나예요.,jlpt.n3.vocab.0147.m4a,ref_only:jfs_cando_b1+corpus_freq,draft,선정축: ①B1「言語と文化」 전통 예능 소개를 읽고 주요 정보 이해하기 / ②빈도 zipf 4.64 / 내용어 1312위(모집단 80726); Tanos교차: N3 일치
jlpt.n3.vocab.0148,N3,作法,さほう,{作法|さ|ほう},사호오,noun,-,-,예법,매너,お{茶|ちゃ}の{作法|さほう}を{習|なら}っています。,다도 예법을 배우고 있어요.,jlpt.n3.vocab.0148.m4a,ref_only:jfs_cando_b1+corpus_freq,draft,선정축: ①B1「言語と文化」 다도 등 문화 체험의 설명을 듣고 이해하기 / ②빈도 zipf 3.48 / 내용어 10853위(모집단 80726); Tanos교차: N3 일치
jlpt.n3.vocab.0149,N3,通訳,つうやく,{通訳|つう|やく},츠우야쿠,noun,suru_noun,vi,통역,-,{会議|かいぎ}では{通訳|つうやく}をつけてもらいました。,회의에서는 통역을 붙여 받았어요.,jlpt.n3.vocab.0149.m4a,ref_only:jfs_cando_b1+corpus_freq,draft,선정축: ①B1「言語と文化」 이문화 교류 상황을 자세히 말하기 / ②빈도 zipf 3.93 / 내용어 5525위(모집단 80726); Tanos교차: N2 분류(구시험 기준) — 선정축 판단을 우선해 N3 유지
jlpt.n3.vocab.0150,N3,翻訳,ほんやく,{翻訳|ほん|やく},혼야쿠,noun,suru_noun,vt,번역,-,この{本|ほん}は{韓国語|かん|こく|ご}に{翻訳|ほんやく}されています。,이 책은 한국어로 번역돼 있어요.,jlpt.n3.vocab.0150.m4a,ref_only:jfs_cando_b1+corpus_freq,draft,선정축: ①B1「言語と文化」 언어·문화에 관한 정보를 주고받기 / ②빈도 zipf 4.61 / 내용어 1412위(모집단 80726); Tanos교차: N4 분류 — 우리 N4 400 미수록 잔여분을 N3으로 흡수
jlpt.n3.vocab.0151,N3,話し合う,はなしあう,{話|はな}し{合|あ}う,하나시아우,verb,g1,vi,서로 이야기하다,의논하다,{行|い}き{先|さき}についてみんなで{話|はな}し{合|あ}いました。,행선지에 대해 다 같이 의논했어요.,jlpt.n3.vocab.0151.m4a,ref_only:jfs_cando_b1+corpus_freq,draft,선정축: ①B1「言語と文化」 의견을 내고 조정하며 이야기 나누기 / ②빈도 zipf 3.95 / 내용어 5382위(모집단 80726); Tanos교차: N3 일치
jlpt.n3.vocab.0152,N3,敬語,けいご,{敬語|けい|ご},케에고,noun,-,-,경어,높임말,{敬語|けいご}の{使|つか}い{分|わ}けはまだ{難|むずか}しいです。,경어를 가려 쓰는 건 아직 어려워요.,jlpt.n3.vocab.0152.m4a,ref_only:jfs_cando_b1+corpus_freq,draft,선정축: ①B1「言語と文化」 생활 속 언어 사용 설명을 듣고 이해하기 / ②빈도 zipf 3.58 / 내용어 9446위(모집단 80726); Tanos교차: N2 분류(구시험 기준) — 선정축 판단을 우선해 N3 유지
jlpt.n3.vocab.0153,N3,方言,ほうげん,{方言|ほう|げん},호오겐,noun,-,-,방언,사투리,この{地方|ちほう}の{方言|ほうげん}は{聞|き}き{取|と}りにくいです。,이 지방 사투리는 알아듣기 어려워요.,jlpt.n3.vocab.0153.m4a,ref_only:jfs_cando_b1+corpus_freq,draft,선정축: ①B1「言語と文化」 이문화 체험의 일과 감상을 말하기 / ②빈도 zipf 3.91 / 내용어 5677위(모집단 80726); Tanos교차: N2 분류(구시험 기준) — 선정축 판단을 우선해 N3 유지
jlpt.n3.vocab.0154,N3,表す,あらわす,{表|あらわ}す,아라와스,verb,g1,vt,나타내다,표현하다,この{言葉|ことば}は{感謝|かんしゃ}の{気持|きも}ちを{表|あらわ}します。,이 말은 감사의 마음을 나타내요.,jlpt.n3.vocab.0154.m4a,ref_only:jfs_cando_b1+corpus_freq,draft,선정축: ①B1「言語と文化」 좋아하는 시·격언의 소개문을 쓰기 / ②빈도 zipf 4.58 / 내용어 1534위(모집단 80726); Tanos교차: N3 일치
jlpt.n3.vocab.0155,N3,交流,こうりゅう,{交流|こう|りゅう},코오류우,noun,suru_noun,vi,교류,-,いろいろな{国|くに}の{人|ひと}と{交流|こうりゅう}できて{楽|たの}しかったです。,여러 나라 사람과 교류할 수 있어서 즐거웠어요.,jlpt.n3.vocab.0155.m4a,ref_only:jfs_cando_b1+corpus_freq,draft,선정축: ①B1「言語と文化」 교류 행사의 감상을 서로 말하기 / ②빈도 zipf 4.63 / 내용어 1343위(모집단 80726); Tanos교차: N2 분류(구시험 기준) — 선정축 판단을 우선해 N3 유지
jlpt.n3.vocab.0156,N3,体験,たいけん,{体験|たい|けん},타이켄,noun,suru_noun,vt,체험,-,{異文化|い|ぶん|か}{体験|たいけん}をブログに{書|か}きました。,이문화 체험을 블로그에 썼어요.,jlpt.n3.vocab.0156.m4a,ref_only:jfs_cando_b1+corpus_freq,draft,선정축: ①B1「言語と文化」 이문화 체험의 일과 감상을 블로그에 쓰기 / ②빈도 zipf 4.79 / 내용어 866위(모집단 80726); Tanos교차: N1 분류(구시험 기준) — 선정축 판단을 우선해 N3 유지
jlpt.n3.vocab.0157,N3,通じる,つうじる,{通|つう}じる,츠우지루,verb,g2,vi,통하다,통용되다,{英語|えいご}なら どこでも{通|つう}じるとは{限|かぎ}りません。,영어라면 어디서든 통한다고는 할 수 없어요.,jlpt.n3.vocab.0157.m4a,ref_only:jfs_cando_b1+corpus_freq,draft,선정축: ①B1「言語と文化」 언어 사용에 관한 자기 생각을 말하기 / ②빈도 zipf 3.93 / 내용어 5542위(모집단 80726); Tanos교차: N3 일치
jlpt.n3.vocab.0158,N3,訳す,やくす,{訳|やく}す,야쿠스,verb,g1,vt,번역하다,옮기다,この{台詞|せりふ}は{訳|やく}しにくいです。,이 대사는 번역하기 어려워요.,jlpt.n3.vocab.0158.m4a,ref_only:jfs_cando_b1+corpus_freq,draft,선정축: ①B1「言語と文化」 만화 대사·줄거리를 설명하기 / ②빈도 zipf 3.80 / 내용어 6818위(모집단 80726); Tanos교차: N2 분류(구시험 기준) — 선정축 판단을 우선해 N3 유지
jlpt.n3.vocab.0159,N3,伝わる,つたわる,{伝|つた}わる,츠타와루,verb,g1,vi,전해지다,전달되다,{気持|きも}ちがちゃんと{伝|つた}わってうれしかったです。,마음이 제대로 전해져서 기뻤어요.,jlpt.n3.vocab.0159.m4a,ref_only:jfs_cando_b1+corpus_freq,draft,선정축: ①B1「言語と文化」 감사의 마음을 담은 편지를 읽고 이해하기 / ②빈도 zipf 4.59 / 내용어 1490위(모집단 80726); Tanos교차: N2 분류(구시험 기준) — 선정축 판단을 우선해 N3 유지
jlpt.n3.vocab.0160,N3,主張,しゅちょう,{主張|しゅ|ちょう},슈초오,noun,suru_noun,vt,주장,-,{短|みじか}くて{主張|しゅちょう}がはっきりしている{文章|ぶんしょう}です。,짧고 주장이 분명한 글이에요.,jlpt.n3.vocab.0160.m4a,ref_only:jfs_cando_b1+corpus_freq,draft,선정축: ①B1「言語と文化」 주장이 뚜렷한 리뷰를 읽고 요점 이해하기 / ②빈도 zipf 4.81 / 내용어 822위(모집단 80726); Tanos교차: N3 일치
jlpt.n3.vocab.0161,N3,独特,どくとく,{独特|どく|とく},도쿠토쿠,na_adj,na_adj,-,독특함,특유함,この{地方|ちほう}には{独特|どくとく}の{作法|さほう}があります。,이 지방에는 독특한 예법이 있어요.,jlpt.n3.vocab.0161.m4a,ref_only:jfs_cando_b1+corpus_freq,draft,선정축: ①B1「言語と文化」 이문화의 차이를 자세히 설명하기 / ②빈도 zipf 4.23 / 내용어 3226위(모집단 80726); Tanos교차: N3 일치
jlpt.n3.vocab.0162,N3,互いに,たがいに,{互|たが}いに,타가이니,adv,-,-,서로,상호 간에,{互|たが}いに{文化|ぶんか}を{紹介|しょうかい}し{合|あ}いました。,서로 문화를 소개해 줬어요.,jlpt.n3.vocab.0162.m4a,ref_only:jfs_cando_b1+corpus_freq,draft,선정축: ①B1「言語と文化」 교류 자리에서 서로 감상을 말하기 / ②빈도 zipf 4.13 / 순위표 밖; Tanos교차: 전급수 목록밖 — Tanos(구시험 어휘)에 없는 현대어로 판단
jlpt.n3.vocab.0163,N3,職場,しょくば,{職場|しょく|ば},쇼쿠바,noun,-,-,직장,일터,{職場|しょくば}のイベントのポスターを{作|つく}っています。,직장 행사 포스터를 만들고 있어요.,jlpt.n3.vocab.0163.m4a,ref_only:jfs_cando_b1+corpus_freq,draft,선정축: ①B1「仕事と職業」 직장 행사 포스터의 내용을 설명하고 점검 의뢰하기 / ②빈도 zipf 4.66 / 내용어 1259위(모집단 80726); Tanos교차: 전급수 목록밖 — Tanos(구시험 어휘)에 없는 현대어로 판단
jlpt.n3.vocab.0164,N3,就職,しゅうしょく,{就職|しゅう|しょく},슈우쇼쿠,noun,suru_noun,vi,취직,-,{来年|らいねん}{就職|しゅうしょく}する{予定|よてい}です。,내년에 취직할 예정이에요.,jlpt.n3.vocab.0164.m4a,ref_only:jfs_cando_b1+corpus_freq,draft,선정축: ①B1「仕事と職業」 자기소개에서 앞으로의 희망을 말하기 / ②빈도 zipf 4.49 / 내용어 1900위(모집단 80726); Tanos교차: N3 일치
jlpt.n3.vocab.0165,N3,面接,めんせつ,{面接|めん|せつ},멘세츠,noun,suru_noun,vi,면접,-,{面接|めんせつ}でどんなことを{聞|き}かれましたか。,면접에서 어떤 걸 질문받았어요?,jlpt.n3.vocab.0165.m4a,ref_only:jfs_cando_b1+corpus_freq,draft,선정축: ①B1「仕事と職業」 취직에 관한 자세한 정보를 주고받기 / ②빈도 zipf 4.33 / 내용어 2694위(모집단 80726); Tanos교차: N2 분류(구시험 기준) — 선정축 판단을 우선해 N3 유지
jlpt.n3.vocab.0166,N3,出張,しゅっちょう,{出張|しゅっ|ちょう},슛초오,noun,suru_noun,vi,출장,-,{来週|らいしゅう}{大阪|おお|さか}に{出張|しゅっちょう}します。,다음 주에 오사카로 출장 가요.,jlpt.n3.vocab.0166.m4a,ref_only:jfs_cando_b1+corpus_freq,draft,선정축: ①B1「仕事と職業」 업무 예정의 정보를 주고받기 / ②빈도 zipf 4.14 / 내용어 3836위(모집단 80726); Tanos교차: N2 분류(구시험 기준) — 선정축 판단을 우선해 N3 유지
jlpt.n3.vocab.0167,N3,残業,ざんぎょう,{残業|ざん|ぎょう},장교오,noun,suru_noun,vi,야근,잔업,{今日|きょう}は{残業|ざんぎょう}しなくてもよさそうです。,오늘은 야근 안 해도 될 것 같아요.,jlpt.n3.vocab.0167.m4a,ref_only:jfs_cando_b1+corpus_freq,draft,선정축: ①B1「仕事と職業」 직장 근황을 자세히 전하기 / ②빈도 zipf 4.32 / 내용어 2742위(모집단 80726); Tanos교차: 전급수 목록밖 — Tanos(구시험 어휘)에 없는 현대어로 판단
jlpt.n3.vocab.0168,N3,担当,たんとう,{担当|たん|とう},탄토오,noun,suru_noun,vt,담당,-,{担当|たんとう}の{者|もの}にすぐ{確|たし}かめさせます。,담당자에게 바로 확인시키겠습니다.,jlpt.n3.vocab.0168.m4a,ref_only:jfs_cando_b1+corpus_freq,draft,선정축: ①B1「仕事と職業」 담당자로서 클레임에 응대하기 / ②빈도 zipf 5.00 / 내용어 495위(모집단 80726); Tanos교차: N3 일치
jlpt.n3.vocab.0169,N3,責任,せきにん,{責任|せき|にん},세키닌,noun,-,-,책임,-,この{件|けん}の{責任|せきにん}はこちらにあります。,이 건의 책임은 저희에게 있어요.,jlpt.n3.vocab.0169.m4a,ref_only:jfs_cando_b1+corpus_freq,draft,선정축: ①B1「仕事と職業」 고객 불만을 이해하고 사과하기 / ②빈도 zipf 5.05 / 내용어 419위(모집단 80726); Tanos교차: N3 일치
jlpt.n3.vocab.0170,N3,報告,ほうこく,{報告|ほう|こく},호오코쿠,noun,suru_noun,vt,보고,-,{出張|しゅっちょう}の{報告|ほうこく}を{書|か}かなければなりません。,출장 보고를 써야 해요.,jlpt.n3.vocab.0170.m4a,ref_only:jfs_cando_b1+corpus_freq,draft,선정축: ①B1「仕事と職業」 출장 보고 문서를 어느 정도 자세히 쓰기 / ②빈도 zipf 5.03 / 내용어 448위(모집단 80726); Tanos교차: N3 일치
jlpt.n3.vocab.0171,N3,提案,ていあん,{提案|てい|あん},테에안,noun,suru_noun,vt,제안,-,{会議|かいぎ}で{改善|かい|ぜん}の{提案|ていあん}をしました。,회의에서 개선 제안을 했어요.,jlpt.n3.vocab.0171.m4a,ref_only:jfs_cando_b1+corpus_freq,draft,선정축: ①B1「仕事と職業」 회의에서 과제와 개선안을 말하기 / ②빈도 zipf 4.77 / 내용어 920위(모집단 80726); Tanos교차: N3 일치
jlpt.n3.vocab.0172,N3,打ち合わせ,うちあわせ,{打|う}ち{合|あ}わせ,우치아와세,noun,suru_noun,vi,사전 협의,미팅,あしたの{打|う}ち{合|あ}わせは{三時|さん|じ}からです。,내일 미팅은 3시부터예요.,jlpt.n3.vocab.0172.m4a,ref_only:jfs_cando_b1+corpus_freq,draft,선정축: ①B1「仕事と職業」 업무 일정 정보를 주고받기 / ②빈도 zipf 3.82 / 내용어 6591위(모집단 80726); Tanos교차: N1 분류(구시험 기준) — 선정축 판단을 우선해 N3 유지
jlpt.n3.vocab.0173,N3,資料,しりょう,{資料|し|りょう},시료오,noun,-,-,자료,-,{会議|かいぎ}の{資料|しりょう}をコピーしておきます。,회의 자료를 복사해 둘게요.,jlpt.n3.vocab.0173.m4a,ref_only:jfs_cando_b1+corpus_freq,draft,선정축: ①B1「仕事と職業」 회의 의제·개요를 확인하기 / ②빈도 zipf 4.67 / 내용어 1226위(모집단 80726); Tanos교차: N2 분류(구시험 기준) — 선정축 판단을 우선해 N3 유지
jlpt.n3.vocab.0174,N3,書類,しょるい,{書類|しょ|るい},쇼루이,noun,-,-,서류,-,{書類|しょるい}に{書|か}き{漏|も}れがありました。,서류에 빠뜨린 곳이 있었어요.,jlpt.n3.vocab.0174.m4a,ref_only:jfs_cando_b1+corpus_freq,draft,선정축: ①B1「仕事と職業」 제출 서류의 문제 지적을 이해하고 확인하기 / ②빈도 zipf 4.44 / 내용어 2121위(모집단 80726); Tanos교차: N3 일치
jlpt.n3.vocab.0175,N3,契約,けいやく,{契約|けい|やく},케에야쿠,noun,suru_noun,vt,계약,-,{契約|けいやく}の{内容|ないよう}をよく{読|よ}んでください。,계약 내용을 잘 읽어 주세요.,jlpt.n3.vocab.0175.m4a,ref_only:jfs_cando_b1+corpus_freq,draft,선정축: ①B1「仕事と職業」 업무 서류의 요점을 이해하기 / ②빈도 zipf 5.05 / 내용어 413위(모집단 80726); Tanos교차: N3 일치
jlpt.n3.vocab.0176,N3,任せる,まかせる,{任|まか}せる,마카세루,verb,g2,vt,맡기다,위임하다,この{仕事|しごと}は{若|わか}い{人|ひと}に{任|まか}せてみます。,이 일은 젊은 사람에게 맡겨 볼게요.,jlpt.n3.vocab.0176.m4a,ref_only:jfs_cando_b1+corpus_freq,draft,선정축: ①B1「仕事と職業」 업무 분담을 설명하고 의뢰하기 / ②빈도 zipf 4.70 / 내용어 1126위(모집단 80726); Tanos교차: N3 일치
jlpt.n3.vocab.0177,N3,経営,けいえい,{経営|けい|えい},케에에에,noun,suru_noun,vt,경영,-,{兄|あに}は{小|ちい}さな{店|みせ}を{経営|けいえい}しています。,형은 작은 가게를 경영하고 있어요.,jlpt.n3.vocab.0177.m4a,ref_only:jfs_cando_b1+corpus_freq,draft,선정축: ①B1「仕事と職業」 일·직업에 관한 자세한 정보를 주고받기 / ②빈도 zipf 4.92 / 내용어 634위(모집단 80726); Tanos교차: N3 일치
jlpt.n3.vocab.0178,N3,雇う,やとう,{雇|やと}う,야토우,verb,g1,vt,고용하다,쓰다,{忙|いそが}しい{時期|じき}だけ{人|ひと}を{雇|やと}っています。,바쁜 시기에만 사람을 쓰고 있어요.,jlpt.n3.vocab.0178.m4a,ref_only:jfs_cando_b1+corpus_freq,draft,선정축: ①B1「仕事と職業」 일·직업에 관한 자세한 정보를 주고받기 / ②빈도 zipf 4.24 / 내용어 3194위(모집단 80726); Tanos교차: N3 일치
jlpt.n3.vocab.0179,N3,同僚,どうりょう,{同僚|どう|りょう},도오료오,noun,-,-,동료,-,{同僚|どうりょう}に{交通|こうつう}{機関|き|かん}の{使|つか}い{方|かた}を{説明|せつめい}しました。,동료에게 교통기관 이용법을 설명했어요.,jlpt.n3.vocab.0179.m4a,ref_only:jfs_cando_b1+corpus_freq,draft,선정축: ①B1「仕事と職業」 부임해 온 동료에게 이용법을 설명하기 / ②빈도 zipf 4.48 / 내용어 1950위(모집단 80726); Tanos교차: N3 일치
jlpt.n3.vocab.0180,N3,上司,じょうし,{上司|じょう|し},조오시,noun,-,-,상사,-,{上司|じょうし}に{報告|ほうこく}してから{決|き}めます。,상사에게 보고하고 나서 정할게요.,jlpt.n3.vocab.0180.m4a,ref_only:jfs_cando_b1+corpus_freq,draft,선정축: ①B1「仕事と職業」 직장 절차의 정보를 주고받기 / ②빈도 zipf 4.57 / 내용어 1543위(모집단 80726); Tanos교차: N1 분류(구시험 기준) — 선정축 판단을 우선해 N3 유지
jlpt.n3.vocab.0181,N3,関わる,かかわる,{関|かか}わる,카카와루,verb,g1,vi,관계되다,관여하다,この{仕事|しごと}には{多|おお}くの{人|ひと}が{関|かか}わっています。,이 일에는 많은 사람이 관여하고 있어요.,jlpt.n3.vocab.0181.m4a,ref_only:jfs_cando_b1+corpus_freq,draft,선정축: ①B1「仕事と職業」 업무 관계자와 진행 상황을 주고받기 / ②빈도 zipf 5.02 / 내용어 478위(모집단 80726); Tanos교차: 전급수 목록밖 — Tanos(구시험 어휘)에 없는 현대어로 판단
jlpt.n3.vocab.0182,N3,正確,せいかく,{正確|せい|かく},세에카쿠,na_adj,na_adj,-,정확함,-,{正確|せいかく}な{数|かず}はあとで{報告|ほうこく}します。,정확한 수는 나중에 보고할게요.,jlpt.n3.vocab.0182.m4a,ref_only:jfs_cando_b1+corpus_freq,draft,선정축: ①B1「仕事と職業」 사실을 확인해 정확히 전달하기 / ②빈도 zipf 4.63 / 내용어 1351위(모집단 80726); Tanos교차: N3 일치
jlpt.n3.vocab.0183,N3,退職,たいしょく,{退職|たい|しょく},타이쇼쿠,noun,suru_noun,vi,퇴직,-,{来月|らいげつ}{退職|たいしょく}すると{聞|き}いて{驚|おどろ}きました。,다음 달에 퇴직한다고 들어서 놀랐어요.,jlpt.n3.vocab.0183.m4a,ref_only:jfs_cando_b1+corpus_freq,draft,선정축: ①B1「仕事と職業」 근황 보고를 듣고 공감을 나타내기 / ②빈도 zipf 4.35 / 내용어 2576위(모집단 80726); Tanos교차: N1 분류(구시험 기준) — 선정축 판단을 우선해 N3 유지
jlpt.n3.vocab.0184,N3,直接,ちょくせつ,{直接|ちょく|せつ},초쿠세츠,adv,-,-,직접,바로,{直接|ちょくせつ}{担当|たんとう}に{聞|き}いたほうが{早|はや}いです。,직접 담당에게 묻는 게 빨라요.,jlpt.n3.vocab.0184.m4a,ref_only:jfs_cando_b1+corpus_freq,draft,선정축: ①B1「仕事と職業」 문의 경로를 설명하고 전달하기 / ②빈도 zipf 4.86 / 내용어 742위(모집단 80726); Tanos교차: N3 일치
jlpt.n3.vocab.0185,N3,作業,さぎょう,{作業|さ|ぎょう},사교오,noun,suru_noun,vi,작업,-,{作業|さぎょう}の{手順|てじゅん}をもう{一度|いちど}{確|たし}かめましょう。,작업 순서를 한 번 더 확인합시다.,jlpt.n3.vocab.0185.m4a,ref_only:jfs_cando_b1+corpus_freq,draft,선정축: ①B1「仕事と職業」 공동 작업 중 세부를 확인하고 지시하기 / ②빈도 zipf 4.91 / 내용어 650위(모집단 80726); Tanos교차: N3 일치
jlpt.n3.vocab.0186,N3,訓練,くんれん,{訓練|くん|れん},쿤렌,noun,suru_noun,vt,훈련,-,あしたは{防災|ぼう|さい}{訓練|くんれん}があります。,내일은 방재 훈련이 있어요.,jlpt.n3.vocab.0186.m4a,ref_only:jfs_cando_b1+corpus_freq,draft,선정축: ①B1「仕事と職業」 사내 방재 훈련 안내를 이해하고 전달하기 / ②빈도 zipf 4.67 / 내용어 1225위(모집단 80726); Tanos교차: N3 일치
jlpt.n3.vocab.0187,N3,きちんと,きちんと,きちんと,키친토,adv,-,-,제대로,깔끔히,{資料|しりょう}を きちんと{整理|せい|り}しておきました。,자료를 제대로 정리해 뒀어요.,jlpt.n3.vocab.0187.m4a,ref_only:jfs_cando_b1+corpus_freq,draft,선정축: ①B1「仕事と職業」 작업의 세부를 확인하고 지시하기 / ②빈도 zipf 4.45 / 내용어 2082위(모집단 80726); Tanos교차: N3 일치
jlpt.n3.vocab.0188,N3,引き継ぐ,ひきつぐ,{引|ひ}き{継|つ}ぐ,히키츠구,verb,g1,vt,인계하다,이어받다,{授業|じゅぎょう}の{様子|よう|す}を{次|つぎ}の{先生|せんせい}に{引|ひ}き{継|つ}ぎました。,수업 상황을 다음 선생님께 인계했어요.,jlpt.n3.vocab.0188.m4a,ref_only:jfs_cando_b1+corpus_freq,draft,선정축: ①B1「仕事と職業」 수업 인수인계에서 정보를 전달하기 / ②빈도 zipf 4.06 / 내용어 4404위(모집단 80726); Tanos교차: 전급수 목록밖 — Tanos(구시험 어휘)에 없는 현대어로 판단
jlpt.n3.vocab.0189,N3,技術,ぎじゅつ,{技術|ぎ|じゅつ},기주츠,noun,-,-,기술,-,この{店|みせ}は{技術|ぎじゅつ}がいいと{評判|ひょうばん}です。,이 가게는 기술이 좋다고 평판이 나 있어요.,jlpt.n3.vocab.0189.m4a,ref_only:jfs_cando_b1+corpus_freq,draft,선정축: ①B1「科学技術」 치과 등의 기술·평판을 주고받기 / ②빈도 zipf 5.23 / 내용어 235위(모집단 80726); Tanos교차: N4 분류 — 우리 N4 400 미수록 잔여분을 N3으로 흡수
jlpt.n3.vocab.0190,N3,機器,きき,{機器|き|き},키키,noun,-,-,기기,장비,{電子|でんし}{機器|きき}の{操作|そうさ}が{苦手|にがて}です。,전자 기기 조작이 서툴러요.,jlpt.n3.vocab.0190.m4a,ref_only:jfs_cando_b1+corpus_freq,draft,선정축: ①B1「科学技術」 전자 기기 조작법을 질문하고 설명을 이해하기 / ②빈도 zipf 4.52 / 내용어 1758위(모집단 80726); Tanos교차: 전급수 목록밖 — Tanos(구시험 어휘)에 없는 현대어로 판단
jlpt.n3.vocab.0191,N3,操作,そうさ,{操作|そう|さ},소오사,noun,suru_noun,vt,조작,-,{操作|そうさ}の{仕方|しかた}をもう{一度|いちど}{説明|せつめい}してもらえますか。,조작 방법을 한 번 더 설명해 주실 수 있나요?,jlpt.n3.vocab.0191.m4a,ref_only:jfs_cando_b1+corpus_freq,draft,선정축: ①B1「科学技術」 점원에게 조작법을 묻고 상세 설명 이해하기 / ②빈도 zipf 4.80 / 내용어 852위(모집단 80726); Tanos교차: N3 일치
jlpt.n3.vocab.0192,N3,動かす,うごかす,{動|うご}かす,우고카스,verb,g1,vt,움직이게 하다,작동시키다,この ボタンで{機械|きかい}を{動|うご}かします。,이 버튼으로 기계를 작동시켜요.,jlpt.n3.vocab.0192.m4a,ref_only:jfs_cando_b1+corpus_freq,draft,선정축: ①B1「科学技術」 공장의 기계·기능 정보를 주고받기 / ②빈도 zipf 4.58 / 내용어 1530위(모집단 80726); Tanos교차: N3 일치
jlpt.n3.vocab.0193,N3,開発,かいはつ,{開発|かい|はつ},카이하츠,noun,suru_noun,vt,개발,-,{新|あたら}しいアプリが{開発|かいはつ}されたそうです。,새 앱이 개발됐대요.,jlpt.n3.vocab.0193.m4a,ref_only:jfs_cando_b1+corpus_freq,draft,선정축: ①B1「科学技術」 기술 관련 화제의 정보를 얻기 / ②빈도 zipf 5.18 / 내용어 276위(모집단 80726); Tanos교차: N1 분류(구시험 기준) — 선정축 판단을 우선해 N3 유지
jlpt.n3.vocab.0194,N3,実験,じっけん,{実験|じっ|けん},직켄,noun,suru_noun,vt,실험,-,{実験|じっけん}の{結果|けっか}をレポートにまとめます。,실험 결과를 리포트로 정리해요.,jlpt.n3.vocab.0194.m4a,ref_only:jfs_cando_b1+corpus_freq,draft,선정축: ①B1「科学技術」 전공 발표를 듣고 주요 정보를 이해하기 / ②빈도 zipf 4.75 / 내용어 979위(모집단 80726); Tanos교차: N3 일치
jlpt.n3.vocab.0195,N3,手軽,てがる,{手軽|て|がる},테가루,na_adj,na_adj,-,손쉬움,간편함,アプリを{使|つか}えば{手軽|てがる}に{調|しら}べられます。,앱을 쓰면 손쉽게 알아볼 수 있어요.,jlpt.n3.vocab.0195.m4a,ref_only:jfs_cando_b1+corpus_freq,draft,선정축: ①B1「科学技術」 기기의 기능과 편리함을 설명하기 / ②빈도 zipf 4.09 / 내용어 4180위(모집단 80726); Tanos교차: N1 분류(구시험 기준) — 선정축 판단을 우선해 N3 유지
jlpt.n3.vocab.0196,N3,すっかり,すっかり,すっかり,슥카리,adv,-,-,완전히,몽땅,すっかり{充電|じゅう|でん}がなくなってしまいました。,충전이 완전히 다 닳아 버렸어요.,jlpt.n3.vocab.0196.m4a,ref_only:jfs_cando_b1+corpus_freq,draft,선정축: ①B1「科学技術」 기기의 불편을 설명하고 대응을 요구하기 / ②빈도 zipf 4.29 / 내용어 2856위(모집단 80726); Tanos교차: N4 분류 — 우리 N4 400 미수록 잔여분을 N3으로 흡수
jlpt.n3.vocab.0197,N3,うるさい,うるさい,うるさい,우루사이,i_adj,i_adj,-,시끄럽다,성가시다,{夜|よる}も{車|くるま}の{音|おと}が うるさいです。,밤에도 차 소리가 시끄러워요.,jlpt.n3.vocab.0197.m4a,ref_only:jfs_cando_b1+corpus_freq,draft,선정축: ①B1「住まいと住環境」 주거 환경의 문제를 설명하고 상담하기 / ②빈도 zipf 4.50 / 내용어 1873위(모집단 80726); Tanos교차: N5 분류 — 우리 N5 400 미수록 잔여분을 N3으로 흡수
jlpt.n3.vocab.0198,N3,家賃,やちん,{家賃|や|ちん},야친,noun,-,-,집세,월세,{駅|えき}から{遠|とお}いほど{家賃|やちん}は{安|やす}くなります。,역에서 멀수록 집세는 싸져요.,jlpt.n3.vocab.0198.m4a,ref_only:jfs_cando_b1+corpus_freq,draft,선정축: ①B1「住まいと住環境」 살고 있는 집의 정보를 자세히 주고받기 / ②빈도 zipf 3.98 / 내용어 5051위(모집단 80726); Tanos교차: N3 일치
jlpt.n3.vocab.0199,N3,大家,おおや,{大家|おお|や},오오야,noun,-,-,집주인,-,{大家|おおや}さんに{修理|しゅう|り}をお{願|ねが}いしました。,집주인에게 수리를 부탁했어요.,jlpt.n3.vocab.0199.m4a,ref_only:jfs_cando_b1+corpus_freq,draft,선정축: ①B1「住まいと住環境」 사정을 설명하고 대응을 의뢰하기 / ②빈도 zipf 3.66 / 내용어 8359위(모집단 80726); Tanos교차: N3 일치
jlpt.n3.vocab.0200,N3,住民,じゅうみん,{住民|じゅう|みん},주우민,noun,-,-,주민,-,マンションの{住民|じゅうみん}の{集|あつ}まりに{出|で}ました。,아파트 주민 모임에 나갔어요.,jlpt.n3.vocab.0200.m4a,ref_only:jfs_cando_b1+corpus_freq,draft,선정축: ①B1「住まいと住環境」 주민 모임에서 의제에 관해 의견 말하기 / ②빈도 zipf 4.65 / 내용어 1283위(모집단 80726); Tanos교차: N3 일치
jlpt.n3.vocab.0201,N3,騒音,そうおん,{騒音|そう|おん},소오온,noun,-,-,소음,-,{上|うえ}の{階|かい}の{騒音|そうおん}で{眠|ねむ}れません。,위층 소음 때문에 잠을 못 자요.,jlpt.n3.vocab.0201.m4a,ref_only:jfs_cando_b1+corpus_freq,draft,선정축: ①B1「住まいと住環境」 주거 문제를 설명하고 상담하기 / ②빈도 zipf 3.85 / 내용어 6263위(모집단 80726); Tanos교차: N3 일치
jlpt.n3.vocab.0202,N3,設備,せつび,{設備|せつ|び},세츠비,noun,-,-,설비,시설,この マンションは{設備|せつび}が{新|あたら}しいです。,이 아파트는 설비가 새것이에요.,jlpt.n3.vocab.0202.m4a,ref_only:jfs_cando_b1+corpus_freq,draft,선정축: ①B1「住まいと住環境」 집의 살기 편함과 환경 정보를 주고받기 / ②빈도 zipf 4.49 / 내용어 1914위(모집단 80726); Tanos교차: N3 일치
jlpt.n3.vocab.0203,N3,政治,せいじ,{政治|せい|じ},세에지,noun,-,-,정치,-,{政治|せいじ}のニュースは{難|むずか}しくてよく{分|わ}かりません。,정치 뉴스는 어려워서 잘 모르겠어요.,jlpt.n3.vocab.0203.m4a,ref_only:jfs_cando_b1+corpus_freq,draft,선정축: ①B1「社会」 가까운 사회 화제에 관해 의견을 말하기 / ②빈도 zipf 5.12 / 내용어 335위(모집단 80726); Tanos교차: N4 분류 — 우리 N4 400 미수록 잔여분을 N3으로 흡수
jlpt.n3.vocab.0204,N3,政府,せいふ,{政府|せい|ふ},세에후,noun,-,-,정부,-,{政府|せいふ}が{新|あたら}しい{政策|せい|さく}を{発表|はっ|ぴょう}しました。,정부가 새 정책을 발표했어요.,jlpt.n3.vocab.0204.m4a,ref_only:jfs_cando_b1+corpus_freq,draft,선정축: ①B1「社会」 증세 등 정책이 생활에 미치는 영향을 말하기 / ②빈도 zipf 5.17 / 내용어 284위(모집단 80726); Tanos교차: N3 일치
jlpt.n3.vocab.0205,N3,選挙,せんきょ,{選挙|せん|きょ},셍쿄,noun,suru_noun,vi,선거,-,{来月|らいげつ}{市長|し|ちょう}の{選挙|せんきょ}があります。,다음 달에 시장 선거가 있어요.,jlpt.n3.vocab.0205.m4a,ref_only:jfs_cando_b1+corpus_freq,draft,선정축: ①B1「社会」 지역 화제의 정보를 주고받기 / ②빈도 zipf 5.04 / 내용어 439위(모집단 80726); Tanos교차: N1 분류(구시험 기준) — 선정축 판단을 우선해 N3 유지
jlpt.n3.vocab.0206,N3,法律,ほうりつ,{法律|ほう|りつ},호오리츠,noun,-,-,법률,법,それは{法律|ほうりつ}で{禁止|きん|し}されています。,그건 법으로 금지되어 있어요.,jlpt.n3.vocab.0206.m4a,ref_only:jfs_cando_b1+corpus_freq,draft,선정축: ①B1「社会」 사회 규칙에 관한 설명을 이해하기 / ②빈도 zipf 4.85 / 내용어 752위(모집단 80726); Tanos교차: N4 분류 — 우리 N4 400 미수록 잔여분을 N3으로 흡수
jlpt.n3.vocab.0207,N3,税金,ぜいきん,{税金|ぜい|きん},제에킨,noun,-,-,세금,-,{税金|ぜいきん}が{上|あ}がると{生活|せいかつ}が{苦|くる}しくなります。,세금이 오르면 생활이 힘들어져요.,jlpt.n3.vocab.0207.m4a,ref_only:jfs_cando_b1+corpus_freq,draft,선정축: ①B1「社会」 증세와 생활의 관계를 이유와 함께 말하기 / ②빈도 zipf 4.19 / 내용어 3499위(모집단 80726); Tanos교차: N3 일치
jlpt.n3.vocab.0208,N3,増税,ぞうぜい,{増税|ぞう|ぜい},조오제에,noun,suru_noun,vi,증세,세금 인상,{増税|ぞうぜい}について{友|とも}だちと{話|はな}し{合|あ}いました。,증세에 대해 친구와 이야기를 나눴어요.,jlpt.n3.vocab.0208.m4a,ref_only:jfs_cando_b1+corpus_freq,draft,선정축: ①B1「社会」 증세가 생활과 어떻게 얽히는지 의견 말하기 / ②빈도 zipf 3.78 / 내용어 6979위(모집단 80726); Tanos교차: 전급수 목록밖 — Tanos(구시험 어휘)에 없는 현대어로 판단
jlpt.n3.vocab.0209,N3,事件,じけん,{事件|じ|けん},지켄,noun,-,-,사건,-,{近所|きんじょ}で{起|お}きた{事件|じけん}の{話題|わ|だい}になりました。,근처에서 일어난 사건이 화제가 됐어요.,jlpt.n3.vocab.0209.m4a,ref_only:jfs_cando_b1+corpus_freq,draft,선정축: ①B1「社会」 사건·사고의 상황과 원인을 주고받기 / ②빈도 zipf 5.32 / 내용어 167위(모집단 80726); Tanos교차: N3 일치
jlpt.n3.vocab.0210,N3,犯人,はんにん,{犯人|はん|にん},한닌,noun,-,-,범인,-,{犯人|はんにん}はまだ{見|み}つかっていないそうです。,범인은 아직 못 찾았대요.,jlpt.n3.vocab.0210.m4a,ref_only:jfs_cando_b1+corpus_freq,draft,선정축: ①B1「社会」 추리물의 범인과 동기를 이유를 들어 설명하기 / ②빈도 zipf 4.48 / 내용어 1960위(모집단 80726); Tanos교차: N3 일치
jlpt.n3.vocab.0211,N3,逮捕,たいほ,{逮捕|たい|ほ},타이호,noun,suru_noun,vt,체포,-,ニュースで{逮捕|たいほ}されたと{報道|ほうどう}されました。,뉴스에서 체포됐다고 보도됐어요.,jlpt.n3.vocab.0211.m4a,ref_only:jfs_cando_b1+corpus_freq,draft,선정축: ①B1「社会」 사건 뉴스의 주요 정보를 이해하기 / ②빈도 zipf 4.88 / 내용어 707위(모집단 80726); Tanos교차: N3 일치
jlpt.n3.vocab.0212,N3,被害,ひがい,{被害|ひ|がい},히가이,noun,-,-,피해,-,{台風|たいふう}の{被害|ひがい}は{思|おも}ったより{大|おお}きかったです。,태풍 피해는 생각보다 컸어요.,jlpt.n3.vocab.0212.m4a,ref_only:jfs_cando_b1+corpus_freq,draft,선정축: ①B1「社会」 재해 관련 뉴스의 주요 정보를 이해하기 / ②빈도 zipf 5.04 / 내용어 437위(모집단 80726); Tanos교차: N3 일치
jlpt.n3.vocab.0213,N3,起こる,おこる,{起|お}こる,오코루,verb,g1,vi,일어나다,발생하다,{何|なに}が{起|お}こったのか{警官|けいかん}に{話|はな}しました。,무슨 일이 일어났는지 경찰관에게 말했어요.,jlpt.n3.vocab.0213.m4a,ref_only:jfs_cando_b1+corpus_freq,draft,선정축: ①B1「社会」 목격한 사고 상황을 경찰관에게 정확히 전하기 / ②빈도 zipf 4.89 / 내용어 696위(모집단 80726); Tanos교차: N3 일치
jlpt.n3.vocab.0214,N3,地域,ちいき,{地域|ち|いき},치이키,noun,-,-,지역,지방,この{地域|ちいき}は{子|こ}どもが{多|おお}いです。,이 지역은 아이가 많아요.,jlpt.n3.vocab.0214.m4a,ref_only:jfs_cando_b1+corpus_freq,draft,선정축: ①B1「社会」 지역 관련 기사를 읽고 주요 정보 이해하기 / ②빈도 zipf 5.16 / 내용어 292위(모집단 80726); Tanos교차: N3 일치
jlpt.n3.vocab.0215,N3,人口,じんこう,{人口|じん|こう},징코오,noun,-,-,인구,-,この{町|まち}の{人口|じんこう}は{減|へ}り{続|つづ}けています。,이 동네 인구는 계속 줄고 있어요.,jlpt.n3.vocab.0215.m4a,ref_only:jfs_cando_b1+corpus_freq,draft,선정축: ①B1「社会」 지역 조사 기사를 읽고 이해하기 / ②빈도 zipf 4.63 / 내용어 1344위(모집단 80726); Tanos교차: N4 분류 — 우리 N4 400 미수록 잔여분을 N3으로 흡수
jlpt.n3.vocab.0216,N3,助かる,たすかる,{助|たす}かる,타스카루,verb,g1,vi,살아나다,도움이 되다,{早|はや}く{知|し}らせてもらえて{助|たす}かりました。,빨리 알려 주셔서 도움이 됐어요.,jlpt.n3.vocab.0216.m4a,ref_only:jfs_cando_b1+corpus_freq,draft,선정축: ①B1「社会」 곤란한 사람에게 정보를 전하고 감사하기 / ②빈도 zipf 4.57 / 내용어 1566위(모집단 80726); Tanos교차: N2 분류(구시험 기준) — 선정축 판단을 우선해 N3 유지
jlpt.n3.vocab.0217,N3,重大,じゅうだい,{重大|じゅう|だい},주우다이,na_adj,na_adj,-,중대함,심각함,これは{重大|じゅうだい}な{問題|もんだい}だと{思|おも}います。,이건 중대한 문제라고 생각해요.,jlpt.n3.vocab.0217.m4a,ref_only:jfs_cando_b1+corpus_freq,draft,선정축: ①B1「社会」 사회 문제에 관한 자기 의견을 말하기 / ②빈도 zipf 4.17 / 내용어 3652위(모집단 80726); Tanos교차: N3 일치
jlpt.n3.vocab.0218,N3,すでに,すでに,すでに,스데니,adv,-,-,이미,벌써,その{件|けん}は すでに{報告|ほうこく}されています。,그 건은 이미 보고돼 있어요.,jlpt.n3.vocab.0218.m4a,ref_only:jfs_cando_b1+corpus_freq,draft,선정축: ①B1「社会」 뉴스 영상·자막으로 요점을 이해하기 / ②빈도 zipf 5.11 / 내용어 348위(모집단 80726); Tanos교차: N3 일치
jlpt.n3.vocab.0219,N3,人柄,ひとがら,{人柄|ひと|がら},히토가라,noun,-,-,인품,됨됨이,{新郎|しん|ろう}の{人柄|ひとがら}をまとめて{紹介|しょうかい}しました。,신랑의 인품을 정리해서 소개했어요.,jlpt.n3.vocab.0219.m4a,ref_only:jfs_cando_b1+corpus_freq,draft,선정축: ①B1「人との関係」 신랑·신부의 인품을 짜임새 있게 소개하기 / ②빈도 zipf 3.64 / 내용어 8627위(모집단 80726); Tanos교차: N1 분류(구시험 기준) — 선정축 판단을 우선해 N3 유지
jlpt.n3.vocab.0220,N3,態度,たいど,{態度|たい|ど},타이도,noun,-,-,태도,-,{店員|てんいん}の{態度|たいど}に{問題|もんだい}があると{思|おも}いました。,점원 태도에 문제가 있다고 생각했어요.,jlpt.n3.vocab.0220.m4a,ref_only:jfs_cando_b1+corpus_freq,draft,선정축: ①B1「人との関係」 접객 태도의 문제점을 자세히 설명하기 / ②빈도 zipf 4.49 / 내용어 1903위(모집단 80726); Tanos교차: N3 일치
jlpt.n3.vocab.0221,N3,悩み,なやみ,{悩|なや}み,나야미,noun,-,-,고민,-,{友|とも}だちの{悩|なや}みを{聞|き}いてコメントしました。,친구의 고민을 듣고 코멘트했어요.,jlpt.n3.vocab.0221.m4a,ref_only:jfs_cando_b1+corpus_freq,draft,선정축: ①B1「人との関係」 인간관계·진로 고민 상담에 코멘트 하기 / ②빈도 zipf 4.46 / 내용어 2024위(모집단 80726); Tanos교차: N1 분류(구시험 기준) — 선정축 판단을 우선해 N3 유지
jlpt.n3.vocab.0222,N3,甘える,あまえる,{甘|あま}える,아마에루,verb,g2,vi,어리광부리다,기대다,お{言葉|ことば}に{甘|あま}えて{休|やす}ませてもらいます。,말씀에 기대어 쉬도록 할게요.,jlpt.n3.vocab.0222.m4a,ref_only:jfs_cando_b1+corpus_freq,draft,선정축: ①B1「人との関係」 사정을 설명하고 배려를 받아들이기 / ②빈도 zipf 3.07 / 내용어 18409위(모집단 80726); Tanos교차: N1 분류(구시험 기준) — 선정축 판단을 우선해 N3 유지
jlpt.n3.vocab.0223,N3,感謝,かんしゃ,{感謝|かん|しゃ},칸샤,noun,suru_noun,vi,감사,-,{感謝|かんしゃ}の{気持|きも}ちを{手紙|てがみ}に{書|か}きました。,감사의 마음을 편지에 썼어요.,jlpt.n3.vocab.0223.m4a,ref_only:jfs_cando_b1+corpus_freq,draft,선정축: ①B1「人との関係」 감사를 담은 편지·메일을 읽고 이해하기 / ②빈도 zipf 4.98 / 내용어 525위(모집단 80726); Tanos교차: N3 일치
jlpt.n3.vocab.0224,N3,信頼,しんらい,{信頼|しん|らい},신라이,noun,suru_noun,vt,신뢰,-,{信頼|しんらい}できる{人|ひと}に{相談|そうだん}してみます。,신뢰할 수 있는 사람에게 상담해 볼게요.,jlpt.n3.vocab.0224.m4a,ref_only:jfs_cando_b1+corpus_freq,draft,선정축: ①B1「人との関係」 문제가 생겼을 때 다른 친구에게 상담하기 / ②빈도 zipf 4.78 / 내용어 886위(모집단 80726); Tanos교차: N3 일치
jlpt.n3.vocab.0225,N3,気まずい,きまずい,{気|き}まずい,키마즈이,i_adj,i_adj,-,서먹하다,어색하다,けんかしてから{気|き}まずい{日|ひ}が{続|つづ}いています。,싸운 뒤로 서먹한 날이 이어지고 있어요.,jlpt.n3.vocab.0225.m4a,ref_only:jfs_cando_b1+corpus_freq,draft,선정축: ①B1「人との関係」 친구와 생긴 문제와 심정을 상담하기 / ②빈도 zipf 3.57 / 내용어 9651위(모집단 80726); Tanos교차: 전급수 목록밖 — Tanos(구시험 어휘)에 없는 현대어로 판단
jlpt.n3.vocab.0226,N3,付き合う,つきあう,{付|つ}き{合|あ}う,츠키아우,verb,g1,vi,어울리다,사귀다,{近所|きんじょ}の{人|ひと}とも{長|なが}く{付|つ}き{合|あ}っています。,이웃과도 오래 어울리고 있어요.,jlpt.n3.vocab.0226.m4a,ref_only:jfs_cando_b1+corpus_freq,draft,선정축: ①B1「人との関係」 인간관계의 상황을 자세히 설명하기 / ②빈도 zipf 4.63 / 내용어 1366위(모집단 80726); Tanos교차: N1 분류(구시험 기준) — 선정축 판단을 우선해 N3 유지
jlpt.n3.vocab.0227,N3,誤解,ごかい,{誤解|ご|かい},고카이,noun,suru_noun,vt,오해,-,{誤解|ごかい}されないように ちゃんと{説明|せつめい}しました。,오해받지 않도록 제대로 설명했어요.,jlpt.n3.vocab.0227.m4a,ref_only:jfs_cando_b1+corpus_freq,draft,선정축: ①B1「人との関係」 문제가 생긴 상황과 심정을 설명하기 / ②빈도 zipf 4.34 / 내용어 2625위(모집단 80726); Tanos교차: N3 일치
jlpt.n3.vocab.0228,N3,冷静,れいせい,{冷静|れい|せい},레에세에,na_adj,na_adj,-,냉정함,침착함,こんなときこそ{冷静|れいせい}に{話|はな}したほうがいいです。,이럴 때일수록 침착하게 말하는 게 좋아요.,jlpt.n3.vocab.0228.m4a,ref_only:jfs_cando_b1+corpus_freq,draft,선정축: ①B1「人との関係」 문제 상황에서 해결 방법을 상담하기 / ②빈도 zipf 4.35 / 내용어 2561위(모집단 80726); Tanos교차: N3 일치
jlpt.n3.vocab.0229,N3,尊敬,そんけい,{尊敬|そん|けい},송케에,noun,suru_noun,vt,존경,-,わたしが{一番|いちばん}{尊敬|そんけい}している{人|ひと}は{祖母|そぼ}です。,제가 가장 존경하는 사람은 할머니예요.,jlpt.n3.vocab.0229.m4a,ref_only:jfs_cando_b1+corpus_freq,draft,선정축: ①B1「人との関係」 관심 있는 인물이 어떤 사람인지 말하기 / ②빈도 zipf 4.33 / 내용어 2674위(모집단 80726); Tanos교차: N3 일치
jlpt.n3.vocab.0230,N3,親しい,したしい,{親|した}しい,시타시이,i_adj,i_adj,-,친하다,가깝다,{親|した}しい{友|とも}だちにだけ{話|はな}したことです。,친한 친구에게만 이야기한 거예요.,jlpt.n3.vocab.0230.m4a,ref_only:jfs_cando_b1+corpus_freq,draft,선정축: ①B1「人との関係」 친구 관계의 상황을 자세히 말하기 / ②빈도 zipf 4.14 / 내용어 3879위(모집단 80726); Tanos교차: N3 일치
jlpt.n3.vocab.0231,N3,素直,すなお,{素直|す|なお},스나오,na_adj,na_adj,-,솔직함,순수함,{素直|すなお}に{謝|あやま}ったほうがいいと{思|おも}います。,솔직하게 사과하는 편이 좋다고 생각해요.,jlpt.n3.vocab.0231.m4a,ref_only:jfs_cando_b1+corpus_freq,draft,선정축: ①B1「人との関係」 약속을 못 지켰을 때 이유를 대며 사과하기 / ②빈도 zipf 4.42 / 내용어 2215위(모집단 80726); Tanos교차: N2 분류(구시험 기준) — 선정축 판단을 우선해 N3 유지
jlpt.n3.vocab.0232,N3,思いやり,おもいやり,{思|おも}いやり,오모이야리,noun,-,-,배려,-,{思|おも}いやりのある{人|ひと}と{働|はたら}きたいです。,배려심 있는 사람과 일하고 싶어요.,jlpt.n3.vocab.0232.m4a,ref_only:jfs_cando_b1+corpus_freq,draft,선정축: ①B1「人との関係」 사람의 인품을 자기 생각으로 말하기 / ②빈도 zipf 3.74 / 내용어 7456위(모집단 80726); Tanos교차: 전급수 목록밖 — Tanos(구시험 어휘)에 없는 현대어로 판단
jlpt.n3.vocab.0233,N3,励ます,はげます,{励|はげ}ます,하게마스,verb,g1,vt,격려하다,북돋우다,{落|お}ちこんでいる{友|とも}だちを{励|はげ}ましました。,풀 죽은 친구를 격려했어요.,jlpt.n3.vocab.0233.m4a,ref_only:jfs_cando_b1+corpus_freq,draft,선정축: ①B1「人との関係」 앞으로의 활약을 기대하는 마음을 전하기 / ②빈도 zipf 3.85 / 내용어 6289위(모집단 80726); Tanos교차: N1 분류(구시험 기준) — 선정축 판단을 우선해 N3 유지
jlpt.n3.vocab.0234,N3,慰める,なぐさめる,{慰|なぐさ}める,나구사메루,verb,g2,vt,위로하다,달래다,なんと{言|い}って{慰|なぐさ}めればいいか{分|わ}かりませんでした。,뭐라고 위로해야 좋을지 몰랐어요.,jlpt.n3.vocab.0234.m4a,ref_only:jfs_cando_b1+corpus_freq,draft,선정축: ①B1「人との関係」 슬픔에 공감하는 말을 건네기 / ②빈도 zipf 3.18 / 내용어 16207위(모집단 80726); Tanos교차: N2 분류(구시험 기준) — 선정축 판단을 우선해 N3 유지
jlpt.n3.vocab.0235,N3,頼る,たよる,{頼|たよ}る,타요루,verb,g1,vi,의지하다,기대다,{困|こま}ったときは{頼|たよ}ってくださいね。,곤란할 때는 의지해 주세요.,jlpt.n3.vocab.0235.m4a,ref_only:jfs_cando_b1+corpus_freq,draft,선정축: ①B1「人との関係」 문제가 생겼을 때 상담을 청하기 / ②빈도 zipf 4.35 / 내용어 2600위(모집단 80726); Tanos교차: N3 일치
jlpt.n3.vocab.0236,N3,支える,ささえる,{支|ささ}える,사사에루,verb,g2,vt,떠받치다,뒷받침하다,{家族|かぞく}が{支|ささ}えてくれたから{続|つづ}けられました。,가족이 받쳐 줘서 계속할 수 있었어요.,jlpt.n3.vocab.0236.m4a,ref_only:jfs_cando_b1+corpus_freq,draft,선정축: ①B1「人との関係」 경험과 심정을 짜임새 있게 말하기 / ②빈도 zipf 3.99 / 내용어 4992위(모집단 80726); Tanos교차: N3 일치
jlpt.n3.vocab.0237,N3,判断,はんだん,{判断|はん|だん},한단,noun,suru_noun,vt,판단,-,{自分|じぶん}で{判断|はんだん}するのは{難|むずか}しかったです。,스스로 판단하기는 어려웠어요.,jlpt.n3.vocab.0237.m4a,ref_only:jfs_cando_b1+corpus_freq,draft,선정축: ①B1 언어활동「意見を述べる·論述する」 이유를 곁들여 자기 의견을 말하기 / ②빈도 zipf 4.97 / 내용어 544위(모집단 80726); Tanos교차: N3 일치
jlpt.n3.vocab.0238,N3,考え方,かんがえかた,{考|かんが}え{方|かた},캉가에카타,noun,-,-,사고방식,생각,{国|くに}によって{考|かんが}え{方|かた}が{違|ちが}うのは{当然|とうぜん}です。,나라에 따라 사고방식이 다른 건 당연해요.,jlpt.n3.vocab.0238.m4a,ref_only:jfs_cando_b1+corpus_freq,draft,선정축: ①B1 언어활동「意見を述べる·論述する」 이문화 체험에 대한 자기 생각을 말하기 / ②빈도 zipf 4.45 / 순위표 밖; Tanos교차: 전급수 목록밖 — Tanos(구시험 어휘)에 없는 현대어로 판단
jlpt.n3.vocab.0239,N3,理解,りかい,{理解|り|かい},리카이,noun,suru_noun,vt,이해,-,{説明|せつめい}を{聞|き}いて やっと{理解|りかい}できました。,설명을 듣고 겨우 이해할 수 있었어요.,jlpt.n3.vocab.0239.m4a,ref_only:jfs_cando_b1+corpus_freq,draft,선정축: ①B1 언어활동「意見を述べる·論述する」 상세한 설명을 되물으며 이해하기 / ②빈도 zipf 5.25 / 내용어 215위(모집단 80726); Tanos교차: N3 일치
jlpt.n3.vocab.0240,N3,反省,はんせい,{反省|はん|せい},한세에,noun,suru_noun,vt,반성,-,{準備|じゅんび}が{足|た}りなかったと{反省|はんせい}しています。,준비가 부족했다고 반성하고 있어요.,jlpt.n3.vocab.0240.m4a,ref_only:jfs_cando_b1+corpus_freq,draft,선정축: ①B1 언어활동「意見を述べる·論述する」 문제 상황을 설명하며 사과하기 / ②빈도 zipf 4.26 / 내용어 3037위(모집단 80726); Tanos교차: N2 분류(구시험 기준) — 선정축 판단을 우선해 N3 유지
jlpt.n3.vocab.0241,N3,予想,よそう,{予想|よ|そう},요소오,noun,suru_noun,vt,예상,-,{予想|よそう}よりずっと{人|ひと}が{多|おお}かったです。,예상보다 훨씬 사람이 많았어요.,jlpt.n3.vocab.0241.m4a,ref_only:jfs_cando_b1+corpus_freq,draft,선정축: ①B1 언어활동「意見を述べる·論述する」 결과와 감상을 이유와 함께 말하기 / ②빈도 zipf 4.87 / 내용어 716위(모집단 80726); Tanos교차: N1 분류(구시험 기준) — 선정축 판단을 우선해 N3 유지
jlpt.n3.vocab.0242,N3,期待,きたい,{期待|き|たい},키타이,noun,suru_noun,vt,기대,-,これからの{活躍|かつ|やく}を{期待|きたい}しています。,앞으로의 활약을 기대하고 있어요.,jlpt.n3.vocab.0242.m4a,ref_only:jfs_cando_b1+corpus_freq,draft,선정축: ①B1 언어활동「意見を述べる·論述する」 앞으로의 활약을 기대하는 마음을 말하기 / ②빈도 zipf 5.12 / 내용어 336위(모집단 80726); Tanos교차: N3 일치
jlpt.n3.vocab.0243,N3,想像,そうぞう,{想像|そう|ぞう},소오조오,noun,suru_noun,vt,상상,-,{想像|そうぞう}していたより{簡単|かんたん}でした。,상상했던 것보다 간단했어요.,jlpt.n3.vocab.0243.m4a,ref_only:jfs_cando_b1+corpus_freq,draft,선정축: ①B1 언어활동「意見を述べる·論述する」 경험과 감상을 어느 정도 자세히 말하기 / ②빈도 zipf 4.97 / 내용어 549위(모집단 80726); Tanos교차: N3 일치
jlpt.n3.vocab.0244,N3,考え直す,かんがえなおす,{考|かんが}え{直|なお}す,캉가에나오스,verb,g1,vt,다시 생각하다,재고하다,{意見|いけん}を{聞|き}いて もう{一度|いちど}{考|かんが}え{直|なお}しました。,의견을 듣고 한 번 더 다시 생각했어요.,jlpt.n3.vocab.0244.m4a,ref_only:jfs_cando_b1+corpus_freq,draft,선정축: ①B1 언어활동「意見を述べる·論述する」 상대 의견을 듣고 자기 생각을 조정하기 / ②빈도 zipf 3.03 / 내용어 19316위(모집단 80726); Tanos교차: 전급수 목록밖 — Tanos(구시험 어휘)에 없는 현대어로 판단
jlpt.n3.vocab.0245,N3,気づく,きづく,{気|き}づく,키즈쿠,verb,g1,vi,알아차리다,깨닫다,{書|か}き{漏|も}れに あとで{気|き}づきました。,기입 누락을 나중에 알아차렸어요.,jlpt.n3.vocab.0245.m4a,ref_only:jfs_cando_b1+corpus_freq,draft,선정축: ①B1 언어활동「意見を述べる·論述する」 지적을 듣고 문제를 확인하기 / ②빈도 zipf 5.13 / 내용어 331위(모집단 80726); Tanos교차: 전급수 목록밖 — Tanos(구시험 어휘)에 없는 현대어로 판단
jlpt.n3.vocab.0246,N3,思いつく,おもいつく,{思|おも}いつく,오모이츠쿠,verb,g1,vt,떠올리다,생각해 내다,いい{解決|かい|けつ}{方法|ほうほう}を{思|おも}いつきました。,좋은 해결 방법을 떠올렸어요.,jlpt.n3.vocab.0246.m4a,ref_only:jfs_cando_b1+corpus_freq,draft,선정축: ①B1 언어활동「意見を述べる·論述する」 워크숍에서 해결안을 제안하기 / ②빈도 zipf 4.35 / 내용어 2596위(모집단 80726); Tanos교차: 전급수 목록밖 — Tanos(구시험 어휘)에 없는 현대어로 판단
jlpt.n3.vocab.0247,N3,目標,もくひょう,{目標|もく|ひょう},모쿠효오,noun,-,-,목표,-,{今年|ことし}の{目標|もくひょう}は{毎日|まいにち}{走|はし}ることです。,올해 목표는 매일 달리는 거예요.,jlpt.n3.vocab.0247.m4a,ref_only:jfs_cando_b1+corpus_freq,draft,선정축: ①B1 언어활동「意見を述べる·論述する」 앞으로의 희망·포부를 곁들여 소개하기 / ②빈도 zipf 4.76 / 내용어 955위(모집단 80726); Tanos교차: N3 일치
jlpt.n3.vocab.0248,N3,価値,かち,{価値|か|ち},카치,noun,-,-,가치,값어치,この{経験|けいけん}には{高|たか}い{価値|かち}があると{思|おも}います。,이 경험에는 높은 가치가 있다고 생각해요.,jlpt.n3.vocab.0248.m4a,ref_only:jfs_cando_b1+corpus_freq,draft,선정축: ①B1 언어활동「意見を述べる·論述する」 왜 좋은지 근거를 들어 의견 말하기 / ②빈도 zipf 5.01 / 내용어 483위(모집단 80726); Tanos교차: N3 일치
jlpt.n3.vocab.0249,N3,事実,じじつ,{事実|じ|じつ},지지츠,noun,-,-,사실,-,{議題|ぎ|だい}と{事実|じじつ}を{分|わ}けて{確|たし}かめました。,의제와 사실을 나눠서 확인했어요.,jlpt.n3.vocab.0249.m4a,ref_only:jfs_cando_b1+corpus_freq,draft,선정축: ①B1 언어활동「意見を述べる·論述する」 주민 모임에서 의제와 사실을 확인하기 / ②빈도 zipf 4.97 / 내용어 543위(모집단 80726); Tanos교차: N3 일치
jlpt.n3.vocab.0250,N3,望ましい,のぞましい,{望|のぞ}ましい,노조마시이,i_adj,i_adj,-,바람직하다,-,{早|はや}めに{知|し}らせるほうが{望|のぞ}ましいです。,일찌감치 알리는 편이 바람직해요.,jlpt.n3.vocab.0250.m4a,ref_only:jfs_cando_b1+corpus_freq,draft,선정축: ①B1 언어활동「意見を述べる·論述する」 근거를 들어 자기 판단을 말하기 / ②빈도 zipf 3.72 / 내용어 7697위(모집단 80726); Tanos교차: N1 분류(구시험 기준) — 선정축 판단을 우선해 N3 유지
jlpt.n3.vocab.0251,N3,結局,けっきょく,{結局|けっ|きょく},켁쿄쿠,adv,-,-,결국,끝내,{結局|けっきょく}{時間|じかん}が{足|た}りませんでした。,결국 시간이 부족했어요.,jlpt.n3.vocab.0251.m4a,ref_only:jfs_cando_b1+corpus_freq,draft,선정축: ①B1 언어활동「意見を述べる·論述する」 결과와 감상을 정리해 말하기 / ②빈도 zipf 4.96 / 내용어 567위(모집단 80726); Tanos교차: N3 일치
jlpt.n3.vocab.0252,N3,認める,みとめる,{認|みと}める,미토메루,verb,g2,vt,인정하다,받아들이다,{間違|まちが}いを{認|みと}めて{謝|あやま}りました。,잘못을 인정하고 사과했어요.,jlpt.n3.vocab.0252.m4a,ref_only:jfs_cando_b1+corpus_freq,draft,선정축: ①B1 언어활동「意見を述べる·論述する」 문제가 생겼을 때 사과하고 대처하기 / ②빈도 zipf 5.10 / 내용어 359위(모집단 80726); Tanos교차: N3 일치
jlpt.n3.vocab.0253,N3,疑う,うたがう,{疑|うたが}う,우타가우,verb,g1,vt,의심하다,-,その{話|はなし}は ちょっと{疑|うたが}ったほうがいいです。,그 이야기는 조금 의심해 보는 게 좋아요.,jlpt.n3.vocab.0253.m4a,ref_only:jfs_cando_b1+corpus_freq,draft,선정축: ①B1 언어활동「意見を述べる·論述する」 주장이 뚜렷한 글을 읽고 판단하기 / ②빈도 zipf 4.45 / 내용어 2093위(모집단 80726); Tanos교차: N3 일치
jlpt.n3.vocab.0254,N3,適切,てきせつ,{適切|てき|せつ},테키세츠,na_adj,na_adj,-,적절함,알맞음,この{場合|ばあい}は こちらの{方法|ほうほう}が{適切|てきせつ}です。,이 경우에는 이쪽 방법이 적절해요.,jlpt.n3.vocab.0254.m4a,ref_only:jfs_cando_b1+corpus_freq,draft,선정축: ①B1 언어활동「意見を述べる·論述する」 해결안을 근거와 함께 제안하기 / ②빈도 zipf 4.35 / 내용어 2579위(모집단 80726); Tanos교차: N3 일치
jlpt.n3.vocab.0255,N3,選択,せんたく,{選択|せん|たく},센타쿠,noun,suru_noun,vt,선택,-,どちらを{選|えら}ぶかは{難|むずか}しい{選択|せんたく}でした。,어느 쪽을 고를지는 어려운 선택이었어요.,jlpt.n3.vocab.0255.m4a,ref_only:jfs_cando_b1+corpus_freq,draft,선정축: ①B1 언어활동「意見を述べる·論述する」 비교 기사를 읽고 무엇을 살지 정하기 / ②빈도 zipf 4.89 / 내용어 688위(모집단 80726); Tanos교차: N3 일치
jlpt.n3.vocab.0256,N3,検討,けんとう,{検討|けん|とう},켄토오,noun,suru_noun,vt,검토,-,その{案|あん}は もう{一度|いちど}{検討|けんとう}させてください。,그 안은 한 번 더 검토하게 해 주세요.,jlpt.n3.vocab.0256.m4a,ref_only:jfs_cando_b1+corpus_freq,draft,선정축: ①B1 언어활동「意見を述べる·論述する」 회의에서 제안을 검토하고 의견 말하기 / ②빈도 zipf 4.71 / 내용어 1090위(모집단 80726); Tanos교차: N3 일치
jlpt.n3.vocab.0257,N3,結論,けつろん,{結論|けつ|ろん},케츠론,noun,-,-,결론,-,{話|はな}し{合|あ}っても{結論|けつろん}が{出|で}ませんでした。,이야기를 나눠도 결론이 안 났어요.,jlpt.n3.vocab.0257.m4a,ref_only:jfs_cando_b1+corpus_freq,draft,선정축: ①B1 언어활동「意見を述べる·論述する」 토론에서 의견을 조정하며 이야기하기 / ②빈도 zipf 4.34 / 내용어 2623위(모집단 80726); Tanos교차: N3 일치
jlpt.n3.vocab.0258,N3,立場,たちば,{立場|たち|ば},타치바,noun,-,-,입장,처지,{相手|あいて}の{立場|たちば}になって{考|かんが}えてみましょう。,상대 입장이 되어 생각해 봅시다.,jlpt.n3.vocab.0258.m4a,ref_only:jfs_cando_b1+corpus_freq,draft,선정축: ①B1 언어활동「意見を述べる·論述する」 상대의 이야기에 코멘트나 의견을 말하기 / ②빈도 zipf 4.71 / 내용어 1095위(모집단 80726); Tanos교차: N3 일치
jlpt.n3.vocab.0259,N3,根拠,こんきょ,{根拠|こん|きょ},콩쿄,noun,-,-,근거,-,{値引|ねび}きの{根拠|こんきょ}を{説明|せつめい}して{交渉|こう|しょう}しました。,할인 근거를 설명하며 교섭했어요.,jlpt.n3.vocab.0259.m4a,ref_only:jfs_cando_b1+corpus_freq,draft,선정축: ①B1 언어활동「意見を述べる·論述する」 값을 깎을 근거를 설명하며 교섭하기 / ②빈도 zipf 4.28 / 내용어 2934위(모집단 80726); Tanos교차: N1 분류(구시험 기준) — 선정축 판단을 우선해 N3 유지
jlpt.n3.vocab.0260,N3,述べる,のべる,{述|の}べる,노베루,verb,g2,vt,말하다,서술하다,{簡単|かんたん}な{理由|り|ゆう}を{交|まじ}えて{意見|いけん}を{述|の}べました。,간단한 이유를 곁들여 의견을 말했어요.,jlpt.n3.vocab.0260.m4a,ref_only:jfs_cando_b1+corpus_freq,draft,선정축: ①B1 언어활동「意見を述べる·論述する」 세미나 토론에서 이유를 곁들여 의견 말하기 / ②빈도 zipf 4.65 / 내용어 1300위(모집단 80726); Tanos교차: N3 일치
jlpt.n3.vocab.0261,N3,示す,しめす,{示|しめ}す,시메스,verb,g1,vt,나타내다,제시하다,グラフで{結果|けっか}を{示|しめ}すと{分|わ}かりやすいです。,그래프로 결과를 보여 주면 알기 쉬워요.,jlpt.n3.vocab.0261.m4a,ref_only:jfs_cando_b1+corpus_freq,draft,선정축: ①B1 언어활동「意見を述べる·論述する」 준비한 발표에서 자료를 제시하기 / ②빈도 zipf 4.97 / 내용어 558위(모집단 80726); Tanos교차: N3 일치
jlpt.n3.vocab.0262,N3,まとめる,まとめる,まとめる,마토메루,verb,g2,vt,정리하다,요약하다,{自分|じぶん}の{意見|いけん}をまとめて{投書|とう|しょ}しました。,자기 의견을 정리해서 투고했어요.,jlpt.n3.vocab.0262.m4a,ref_only:jfs_cando_b1+corpus_freq,draft,선정축: ①B1 언어활동「意見を述べる·論述する」 의견을 정리해 짧은 투고문을 쓰기 / ②빈도 zipf 3.93 / 내용어 5535위(모집단 80726); Tanos교차: N2 분류(구시험 기준) — 선정축 판단을 우선해 N3 유지
jlpt.n3.vocab.0263,N3,確実,かくじつ,{確実|かく|じつ},카쿠지츠,na_adj,na_adj,-,확실함,틀림없음,{確実|かくじつ}なことは まだ{言|い}えません。,확실한 건 아직 말할 수 없어요.,jlpt.n3.vocab.0263.m4a,ref_only:jfs_cando_b1+corpus_freq,draft,선정축: ①B1 언어활동「意見を述べる·論述する」 정보의 확실성을 확인하고 전달하기 / ②빈도 zipf 4.77 / 내용어 923위(모집단 80726); Tanos교차: N3 일치
jlpt.n3.vocab.0264,N3,明らか,あきらか,{明|あき}らか,아키라카,na_adj,na_adj,-,분명함,명백함,{原因|げんいん}は{明|あき}らかになっていません。,원인은 밝혀지지 않았어요.,jlpt.n3.vocab.0264.m4a,ref_only:jfs_cando_b1+corpus_freq,draft,선정축: ①B1 언어활동「意見を述べる·論述する」 사건의 원인에 관한 정보를 이해하기 / ②빈도 zipf 4.93 / 내용어 620위(모집단 80726); Tanos교차: N3 일치
jlpt.n3.vocab.0265,N3,当然,とうぜん,{当然|とう|ぜん},토오젠,na_adj,na_adj,-,당연함,마땅함,{謝|あやま}るのは{当然|とうぜん}だと{思|おも}います。,사과하는 건 당연하다고 생각해요.,jlpt.n3.vocab.0265.m4a,ref_only:jfs_cando_b1+corpus_freq,draft,선정축: ①B1 언어활동「意見を述べる·論述する」 자기 판단을 근거와 함께 말하기 / ②빈도 zipf 4.89 / 내용어 686위(모집단 80726); Tanos교차: 전급수 목록밖 — Tanos(구시험 어휘)에 없는 현대어로 판단
jlpt.n3.vocab.0266,N3,意外,いがい,{意外|い|がい},이가이,na_adj,na_adj,-,의외,뜻밖,{意外|いがい}な{結果|けっか}に みんな{驚|おどろ}きました。,의외의 결과에 다들 놀랐어요.,jlpt.n3.vocab.0266.m4a,ref_only:jfs_cando_b1+corpus_freq,draft,선정축: ①B1 언어활동「意見を述べる·論述する」 결과에 놀라는 코멘트를 하기 / ②빈도 zipf 4.46 / 내용어 2026위(모집단 80726); Tanos교차: N3 일치
jlpt.n3.vocab.0267,N3,満足,まんぞく,{満足|まん|ぞく},만조쿠,noun,suru_noun,vi,만족,-,サービスには{満足|まんぞく}しています。,서비스에는 만족하고 있어요.,jlpt.n3.vocab.0267.m4a,ref_only:jfs_cando_b1+corpus_freq,draft,선정축: ①B1 언어활동「感情·共感を示す」 상품·서비스의 감상을 리뷰에 쓰기 / ②빈도 zipf 4.82 / 내용어 802위(모집단 80726); Tanos교차: N3 일치
jlpt.n3.vocab.0268,N3,不満,ふまん,{不満|ふ|まん},후만,noun,-,-,불만,-,{不満|ふまん}があるなら はっきり{言|い}ってください。,불만이 있으면 분명히 말해 주세요.,jlpt.n3.vocab.0268.m4a,ref_only:jfs_cando_b1+corpus_freq,draft,선정축: ①B1 언어활동「感情·共感を示す」 문제라고 생각하는 점을 설명하고 항의하기 / ②빈도 zipf 4.52 / 내용어 1741위(모집단 80726); Tanos교차: N3 일치
jlpt.n3.vocab.0269,N3,不安,ふあん,{不安|ふ|あん},후안,na_adj,na_adj,-,불안,불안하다,{一人|ひとり}で{行|い}くのは ちょっと{不安|ふあん}です。,혼자 가는 건 좀 불안해요.,jlpt.n3.vocab.0269.m4a,ref_only:jfs_cando_b1+corpus_freq,draft,선정축: ①B1 언어활동「感情·共感を示す」 상황과 심정을 어느 정도 자세히 설명하기 / ②빈도 zipf 4.84 / 내용어 761위(모집단 80726); Tanos교차: N3 일치
jlpt.n3.vocab.0270,N3,緊張,きんちょう,{緊張|きん|ちょう},킨초오,noun,suru_noun,vi,긴장,-,{面接|めんせつ}の{前|まえ}はとても{緊張|きんちょう}しました。,면접 전에는 아주 긴장했어요.,jlpt.n3.vocab.0270.m4a,ref_only:jfs_cando_b1+corpus_freq,draft,선정축: ①B1 언어활동「感情·共感を示す」 경험과 심정을 짜임새 있게 말하기 / ②빈도 zipf 4.52 / 내용어 1762위(모집단 80726); Tanos교차: N3 일치
jlpt.n3.vocab.0271,N3,後悔,こうかい,{後悔|こう|かい},코오카이,noun,suru_noun,vt,후회,-,あのとき{言|い}わなかったことを{後悔|こうかい}しています。,그때 말하지 않은 걸 후회하고 있어요.,jlpt.n3.vocab.0271.m4a,ref_only:jfs_cando_b1+corpus_freq,draft,선정축: ①B1 언어활동「感情·共感を示す」 지난 일과 심정을 자세히 말하기 / ②빈도 zipf 4.55 / 내용어 1624위(모집단 80726); Tanos교차: N1 분류(구시험 기준) — 선정축 판단을 우선해 N3 유지
jlpt.n3.vocab.0272,N3,つらい,つらい,つらい,츠라이,i_adj,i_adj,-,괴롭다,고되다,{一人|ひとり}で{悩|なや}むのは つらいことです。,혼자 고민하는 건 괴로운 일이에요.,jlpt.n3.vocab.0272.m4a,ref_only:jfs_cando_b1+corpus_freq,draft,선정축: ①B1 언어활동「感情·共感を示す」 심정을 설명하고 해결을 상담하기 / ②빈도 zipf 4.98 / 내용어 536위(모집단 80726); Tanos교차: N3 일치
jlpt.n3.vocab.0273,N3,恐ろしい,おそろしい,{恐|おそ}ろしい,오소로시이,i_adj,i_adj,-,무섭다,두렵다,{地震|じしん}のニュースは{見|み}るのも{恐|おそ}ろしいです。,지진 뉴스는 보는 것도 무서워요.,jlpt.n3.vocab.0273.m4a,ref_only:jfs_cando_b1+corpus_freq,draft,선정축: ①B1 언어활동「感情·共感を示す」 재해 뉴스를 보고 감상을 말하기 / ②빈도 zipf 4.61 / 내용어 1422위(모집단 80726); Tanos교차: N3 일치
jlpt.n3.vocab.0274,N3,悔しい,くやしい,{悔|くや}しい,쿠야시이,i_adj,i_adj,-,분하다,억울하다,{最後|さいご}に{負|ま}けて{本当|ほんとう}に{悔|くや}しかったです。,마지막에 져서 정말 분했어요.,jlpt.n3.vocab.0274.m4a,ref_only:jfs_cando_b1+corpus_freq,draft,선정축: ①B1 언어활동「感情·共感を示す」 시합 결과와 감상을 서로 말하기 / ②빈도 zipf 4.21 / 내용어 3389위(모집단 80726); Tanos교차: N2 분류(구시험 기준) — 선정축 판단을 우선해 N3 유지
jlpt.n3.vocab.0275,N3,羨ましい,うらやましい,{羨|うらや}ましい,우라야마시이,i_adj,i_adj,-,부럽다,-,{毎年|まいとし}{旅行|りょこう}に{行|い}けるなんて{羨|うらや}ましいです。,해마다 여행 갈 수 있다니 부러워요.,jlpt.n3.vocab.0275.m4a,ref_only:jfs_cando_b1+corpus_freq,draft,선정축: ①B1 언어활동「感情·共感を示す」 근황을 듣고 공감하는 코멘트 하기 / ②빈도 zipf 4.41 / 내용어 2302위(모집단 80726); Tanos교차: N2 분류(구시험 기준) — 선정축 판단을 우선해 N3 유지
jlpt.n3.vocab.0276,N3,懐かしい,なつかしい,{懐|なつ}かしい,나츠카시이,i_adj,i_adj,-,그립다,정겹다,この{曲|きょく}を{聞|き}くと{学生時代|がく|せい|じ|だい}が{懐|なつ}かしくなります。,이 곡을 들으면 학창 시절이 그리워져요.,jlpt.n3.vocab.0276.m4a,ref_only:jfs_cando_b1+corpus_freq,draft,선정축: ①B1 언어활동「感情·共感を示す」 좋아하는 음악의 매력을 자세히 말하기 / ②빈도 zipf 4.61 / 내용어 1425위(모집단 80726); Tanos교차: N2 분류(구시험 기준) — 선정축 판단을 우선해 N3 유지
jlpt.n3.vocab.0277,N3,面倒,めんどう,{面倒|めん|どう},멘도오,na_adj,na_adj,-,귀찮음,성가심,{手続|てつづ}きが{面倒|めんどう}で{後|あと}まわしにしていました。,절차가 귀찮아서 뒤로 미루고 있었어요.,jlpt.n3.vocab.0277.m4a,ref_only:jfs_cando_b1+corpus_freq,draft,선정축: ①B1 언어활동「感情·共感を示す」 절차의 번거로움을 설명하고 상담하기 / ②빈도 zipf 4.75 / 내용어 985위(모집단 80726); Tanos교차: N3 일치
jlpt.n3.vocab.0278,N3,退屈,たいくつ,{退屈|たい|くつ},타이쿠츠,na_adj,na_adj,-,지루함,따분함,{話|はなし}が{長|なが}くて{退屈|たいくつ}でした。,이야기가 길어서 지루했어요.,jlpt.n3.vocab.0278.m4a,ref_only:jfs_cando_b1+corpus_freq,draft,선정축: ①B1 언어활동「感情·共感を示す」 감상을 솔직하게 리뷰에 쓰기 / ②빈도 zipf 3.88 / 내용어 5977위(모집단 80726); Tanos교차: N3 일치
jlpt.n3.vocab.0279,N3,気楽,きらく,{気楽|き|らく},키라쿠,na_adj,na_adj,-,마음 편함,부담 없음,{気楽|きらく}に{参加|さんか}できる{集|あつ}まりです。,부담 없이 참가할 수 있는 모임이에요.,jlpt.n3.vocab.0279.m4a,ref_only:jfs_cando_b1+corpus_freq,draft,선정축: ①B1 언어활동「感情·共感を示す」 모임의 매력을 소개하며 권유하기 / ②빈도 zipf 3.98 / 내용어 5058위(모집단 80726); Tanos교차: N1 분류(구시험 기준) — 선정축 판단을 우선해 N3 유지
jlpt.n3.vocab.0280,N3,落ち着く,おちつく,{落|お}ち{着|つ}く,오치츠쿠,verb,g1,vi,차분해지다,자리를 잡다,{深呼吸|しん|こ|きゅう}をしたら{少|すこ}し{落|お}ち{着|つ}きました。,심호흡을 하니 조금 차분해졌어요.,jlpt.n3.vocab.0280.m4a,ref_only:jfs_cando_b1+corpus_freq,draft,선정축: ①B1 언어활동「感情·共感を示す」 자기 건강법과 효과를 말하기 / ②빈도 zipf 4.75 / 내용어 987위(모집단 80726); Tanos교차: 전급수 목록밖 — Tanos(구시험 어휘)에 없는 현대어로 판단
jlpt.n3.vocab.0281,N3,慌てる,あわてる,{慌|あわ}てる,아와테루,verb,g2,vi,당황하다,허둥대다,{電車|でんしゃ}が{止|と}まって みんな{慌|あわ}てていました。,전철이 멈춰서 다들 당황해 있었어요.,jlpt.n3.vocab.0281.m4a,ref_only:jfs_cando_b1+corpus_freq,draft,선정축: ①B1 언어활동「感情·共感を示す」 비상 상황과 대응을 전달하기 / ②빈도 zipf 4.11 / 내용어 4069위(모집단 80726); Tanos교차: N1 분류(구시험 기준) — 선정축 판단을 우선해 N3 유지
jlpt.n3.vocab.0282,N3,苦しむ,くるしむ,{苦|くる}しむ,쿠루시무,verb,g1,vi,괴로워하다,시달리다,{多|おお}くの{人|ひと}が{暑|あつ}さに{苦|くる}しんでいます。,많은 사람이 더위에 시달리고 있어요.,jlpt.n3.vocab.0282.m4a,ref_only:jfs_cando_b1+corpus_freq,draft,선정축: ①B1 언어활동「感情·共感を示す」 환경 문제가 생활에 주는 영향을 말하기 / ②빈도 zipf 4.22 / 내용어 3324위(모집단 80726); Tanos교차: N3 일치
jlpt.n3.vocab.0283,N3,憧れる,あこがれる,{憧|あこが}れる,아코가레루,verb,g2,vi,동경하다,-,{子|こ}どものころから{先生|せんせい}に{憧|あこが}れていました。,어릴 때부터 선생님을 동경했어요.,jlpt.n3.vocab.0283.m4a,ref_only:jfs_cando_b1+corpus_freq,draft,선정축: ①B1 언어활동「感情·共感を示す」 어린 시절의 꿈을 엮어 이야기하기 / ②빈도 zipf 3.75 / 내용어 7361위(모집단 80726); Tanos교차: N2 분류(구시험 기준) — 선정축 판단을 우선해 N3 유지
jlpt.n3.vocab.0284,N3,好む,このむ,{好|この}む,코노무,verb,g1,vt,선호하다,즐기다,{若|わか}い{人|ひと}が{好|この}む ジャンルを{調|しら}べました。,젊은 사람이 선호하는 장르를 조사했어요.,jlpt.n3.vocab.0284.m4a,ref_only:jfs_cando_b1+corpus_freq,draft,선정축: ①B1 언어활동「感情·共感を示す」 좋아하는 장르와 이유를 자세히 말하기 / ②빈도 zipf 4.27 / 내용어 3021위(모집단 80726); Tanos교차: N3 일치
jlpt.n3.vocab.0285,N3,嫌がる,いやがる,{嫌|いや}がる,이야가루,verb,g1,vt,싫어하다,꺼리다,{子|こ}どもが{嫌|いや}がるので{無理|むり}にはさせません。,아이가 싫어해서 억지로는 안 시켜요.,jlpt.n3.vocab.0285.m4a,ref_only:jfs_cando_b1+corpus_freq,draft,선정축: ①B1 언어활동「感情·共感を示す」 가족·육아의 상황을 설명하기 / ②빈도 zipf 3.61 / 순위표 밖; Tanos교차: N2 분류(구시험 기준) — 선정축 판단을 우선해 N3 유지
jlpt.n3.vocab.0286,N3,感心,かんしん,{感心|かん|しん},칸신,noun,suru_noun,vi,감탄,탄복,{努力|どりょく}を{続|つづ}けたことに{感心|かんしん}しました。,노력을 이어 간 점에 감탄했어요.,jlpt.n3.vocab.0286.m4a,ref_only:jfs_cando_b1+corpus_freq,draft,선정축: ①B1 언어활동「感情·共感を示す」 지금까지의 노력을 기리는 말을 하기 / ②빈도 zipf 4.02 / 내용어 4687위(모집단 80726); Tanos교차: N3 일치
jlpt.n3.vocab.0287,N3,同情,どうじょう,{同情|どう|じょう},도오조오,noun,suru_noun,vi,동정,-,{話|はなし}を{聞|き}いて{同情|どうじょう}せずにはいられませんでした。,이야기를 듣고 동정하지 않을 수 없었어요.,jlpt.n3.vocab.0287.m4a,ref_only:jfs_cando_b1+corpus_freq,draft,선정축: ①B1 언어활동「感情·共感を示す」 슬픔에 공감하는 코멘트를 하기 / ②빈도 zipf 4.01 / 내용어 4763위(모집단 80726); Tanos교차: N1 분류(구시험 기준) — 선정축 판단을 우선해 N3 유지
jlpt.n3.vocab.0288,N3,腹が立つ,はらがたつ,{腹|はら}が{立|た}つ,하라가타츠,expr,-,-,화가 나다,열받다,{何度|なんど}も{同|おな}じ{間違|まちが}いをされて{腹|はら}が{立|た}ちました。,몇 번이나 같은 실수를 당해서 화가 났어요.,jlpt.n3.vocab.0288.m4a,ref_only:jfs_cando_b1+corpus_freq,draft,선정축: ①B1 언어활동「感情·共感を示す」 문제라고 생각하는 점을 설명하고 항의하기 / ②빈도 zipf 4.23 / 순위표 밖; Tanos교차: 전급수 목록밖 — Tanos(구시험 어휘)에 없는 현대어로 판단
jlpt.n3.vocab.0289,N3,不思議,ふしぎ,{不思議|ふ|し|ぎ},후시기,na_adj,na_adj,-,신기함,이상함,{不思議|ふしぎ}なことに{値段|ねだん}が{店|みせ}ごとに{違|ちが}います。,신기하게도 값이 가게마다 달라요.,jlpt.n3.vocab.0289.m4a,ref_only:jfs_cando_b1+corpus_freq,draft,선정축: ①B1 언어활동「感情·共感を示す」 비교한 결과의 감상을 말하기 / ②빈도 zipf 4.78 / 내용어 907위(모집단 80726); Tanos교차: N3 일치
jlpt.n3.vocab.0290,N3,気の毒,きのどく,{気|き}の{毒|どく},키노도쿠,na_adj,na_adj,-,딱함,안됐음,それは{本当|ほんとう}に{気|き}の{毒|どく}でしたね。,그건 정말 안됐네요.,jlpt.n3.vocab.0290.m4a,ref_only:jfs_cando_b1+corpus_freq,draft,선정축: ①B1 언어활동「感情·共感を示す」 상대의 이야기에 공감을 나타내기 / ②빈도 zipf 3.81 / 내용어 6665위(모집단 80726); Tanos교차: N3 일치
jlpt.n3.vocab.0291,N3,原因,げんいん,{原因|げん|いん},겐엔,noun,-,-,원인,-,{事故|じこ}の{原因|げんいん}はまだ{分|わ}かっていません。,사고 원인은 아직 밝혀지지 않았어요.,jlpt.n3.vocab.0291.m4a,ref_only:jfs_cando_b1+corpus_freq,draft,선정축: ①B1 언어활동「理由·根拠を説明する」 사고의 원인·상황을 정확히 전하기 / ②빈도 zipf 4.99 / 내용어 512위(모집단 80726); Tanos교차: N4 분류 — 우리 N4 400 미수록 잔여분을 N3으로 흡수
jlpt.n3.vocab.0292,N3,結果,けっか,{結果|けっ|か},켁카,noun,-,-,결과,-,{調査|ちょうさ}の{結果|けっか}を みんなに{報告|ほうこく}しました。,조사 결과를 모두에게 보고했어요.,jlpt.n3.vocab.0292.m4a,ref_only:jfs_cando_b1+corpus_freq,draft,선정축: ①B1 언어활동「理由·根拠を説明する」 조사 결과와 감상을 발표하기 / ②빈도 zipf 5.46 / 내용어 106위(모집단 80726); Tanos교차: N3 일치
jlpt.n3.vocab.0293,N3,関係,かんけい,{関係|かん|けい},캉케에,noun,suru_noun,vi,관계,-,{増税|ぞうぜい}は{生活|せいかつ}と{深|ふか}く{関係|かんけい}しています。,증세는 생활과 깊이 관계돼 있어요.,jlpt.n3.vocab.0293.m4a,ref_only:jfs_cando_b1+corpus_freq,draft,선정축: ①B1 언어활동「理由·根拠を説明する」 정책과 생활의 관계를 이유와 함께 말하기 / ②빈도 zipf 5.60 / 내용어 67위(모집단 80726); Tanos교차: N4 분류 — 우리 N4 400 미수록 잔여분을 N3으로 흡수
jlpt.n3.vocab.0294,N3,条件,じょうけん,{条件|じょう|けん},조오켄,noun,-,-,조건,-,{欲|ほ}しい{商品|しょうひん}の{条件|じょうけん}を{詳|くわ}しく{書|か}きました。,원하는 상품의 조건을 자세히 썼어요.,jlpt.n3.vocab.0294.m4a,ref_only:jfs_cando_b1+corpus_freq,draft,선정축: ①B1 언어활동「理由·根拠を説明する」 원하는 상품의 특징·조건을 자세히 쓰기 / ②빈도 zipf 4.86 / 내용어 740위(모집단 80726); Tanos교차: N3 일치
jlpt.n3.vocab.0295,N3,状況,じょうきょう,{状況|じょう|きょう},조오쿄오,noun,-,-,상황,-,{今|いま}の{状況|じょうきょう}を{詳|くわ}しく{説明|せつめい}してください。,지금 상황을 자세히 설명해 주세요.,jlpt.n3.vocab.0295.m4a,ref_only:jfs_cando_b1+corpus_freq,draft,선정축: ①B1 언어활동「理由·根拠を説明する」 문제 상황을 자세히 설명하고 상담하기 / ②빈도 zipf 5.24 / 내용어 225위(모집단 80726); Tanos교차: N3 일치
jlpt.n3.vocab.0296,N3,ちなみに,ちなみに,ちなみに,치나미니,conj,-,-,참고로,덧붙이자면,ちなみに{送料|そう|りょう}は{無料|む|りょう}だそうです。,참고로 배송료는 무료래요.,jlpt.n3.vocab.0296.m4a,ref_only:jfs_cando_b1+corpus_freq,draft,선정축: ①B1 언어활동「理由·根拠を説明する」 정보를 덧붙여 자세히 전달하기 / ②빈도 zipf 4.89 / 순위표 밖; Tanos교차: 전급수 목록밖 — Tanos(구시험 어휘)에 없는 현대어로 판단
jlpt.n3.vocab.0297,N3,むしろ,むしろ,むしろ,무시로,adv,-,-,오히려,차라리,{高|たか}い ものより むしろ こちらのほうが いいです。,비싼 것보다 오히려 이쪽이 좋아요.,jlpt.n3.vocab.0297.m4a,ref_only:jfs_cando_b1+corpus_freq,draft,선정축: ①B1 언어활동「理由·根拠を説明する」 비교해 자기 판단을 근거와 함께 말하기 / ②빈도 zipf 4.66 / 내용어 1264위(모집단 80726); Tanos교차: N3 일치
jlpt.n3.vocab.0298,N3,一方,いっぽう,{一方|いっ|ぽう},입포오,conj,-,-,한편,-,{値段|ねだん}は{安|やす}いです。{一方|いっぽう}{品質|ひん|しつ}は よくありません。,값은 싸요. 한편 품질은 좋지 않아요.,jlpt.n3.vocab.0298.m4a,ref_only:jfs_cando_b1+corpus_freq,draft,선정축: ①B1 언어활동「理由·根拠を説明する」 장점과 단점을 대비해 리뷰에 쓰기 / ②빈도 zipf 5.01 / 내용어 482위(모집단 80726); Tanos교차: N3 일치
jlpt.n3.vocab.0299,N3,それでも,それでも,それでも,소레데모,conj,-,-,그래도,그런데도,{時間|じかん}はかかりました。それでも{結果|けっか}には{満足|まんぞく}しています。,시간은 걸렸어요. 그래도 결과에는 만족해요.,jlpt.n3.vocab.0299.m4a,ref_only:jfs_cando_b1+corpus_freq,draft,선정축: ①B1 언어활동「理由·根拠を説明する」 주장이 분명한 글을 쓰고 읽기 / ②빈도 zipf 4.84 / 순위표 밖; Tanos교차: N3 일치
jlpt.n3.vocab.0300,N3,ところが,ところが,ところが,토코로가,conj,-,-,그런데,그러나,{早|はや}く{出|で}ました。ところが{渋滞|じゅうたい}で{遅|おく}れました。,일찍 나왔어요. 그런데 정체 때문에 늦었어요.,jlpt.n3.vocab.0300.m4a,ref_only:jfs_cando_b1+corpus_freq,draft,선정축: ①B1 언어활동「理由·根拠を説明する」 늦은 이유를 자세히 설명하며 사과하기 / ②빈도 zipf 4.18 / 순위표 밖; Tanos교차: N3 일치
jlpt.n3.vocab.0301,N3,ただし,ただし,ただし,타다시,conj,-,-,단,다만,{返品|へんぴん}できます。ただし{一週間|いっ|しゅう|かん}{以内|い|ない}です。,반품할 수 있어요. 단 일주일 이내예요.,jlpt.n3.vocab.0301.m4a,ref_only:jfs_cando_b1+corpus_freq,draft,선정축: ①B1 언어활동「理由·根拠を説明する」 조건이 붙은 안내를 읽고 이해하기 / ②빈도 zipf 4.80 / 내용어 859위(모집단 80726); Tanos교차: N2 분류(구시험 기준) — 선정축 판단을 우선해 N3 유지
jlpt.n3.vocab.0302,N3,なぜなら,なぜなら,なぜなら,나제나라,conj,-,-,왜냐하면,-,この{案|あん}に{賛成|さんせい}です。なぜなら{一番|いちばん}{安全|あんぜん}だからです。,이 안에 찬성이에요. 왜냐하면 가장 안전하니까요.,jlpt.n3.vocab.0302.m4a,ref_only:jfs_cando_b1+corpus_freq,draft,선정축: ①B1 언어활동「理由·根拠を説明する」 근거를 대며 자기 의견을 논술하기 / ②빈도 zipf 3.88 / 순위표 밖; Tanos교차: N3 일치
jlpt.n3.vocab.0303,N3,そのため,そのため,そのため,소노타메,conj,-,-,그 때문에,그래서,{雪|ゆき}が{降|ふ}りました。そのため{電車|でんしゃ}が{止|と}まりました。,눈이 내렸어요. 그 때문에 전철이 멈췄어요.,jlpt.n3.vocab.0303.m4a,ref_only:jfs_cando_b1+corpus_freq,draft,선정축: ①B1 언어활동「理由·根拠を説明する」 무슨 일이 있었는지 이유와 함께 전하기 / ②빈도 zipf 5.87 / 순위표 밖; Tanos교차: N2 분류(구시험 기준) — 선정축 판단을 우선해 N3 유지
jlpt.n3.vocab.0304,N3,そのうえ,そのうえ,そのうえ,소노우에,conj,-,-,게다가,더구나,この{店|みせ}は{安|やす}いです。そのうえ{味|あじ}もいいです。,이 가게는 싸요. 게다가 맛도 좋아요.,jlpt.n3.vocab.0304.m4a,ref_only:jfs_cando_b1+corpus_freq,draft,선정축: ①B1 언어활동「理由·根拠を説明する」 가게의 장점을 여러 개 들어 리뷰에 쓰기 / ②빈도 zipf 3.24 / 순위표 밖; Tanos교차: N2 분류(구시험 기준) — 선정축 판단을 우선해 N3 유지
jlpt.n3.vocab.0305,N3,さらに,さらに,さらに,사라니,conj,-,-,더욱이,한층,{値段|ねだん}を{下|さ}げて さらに{保証|ほ|しょう}もつけてくれました。,값을 내리고 게다가 보증까지 붙여 줬어요.,jlpt.n3.vocab.0305.m4a,ref_only:jfs_cando_b1+corpus_freq,draft,선정축: ①B1 언어활동「理由·根拠を説明する」 교섭 결과를 자세히 전달하기 / ②빈도 zipf 5.35 / 내용어 154위(모집단 80726); Tanos교차: N3 일치
jlpt.n3.vocab.0306,N3,したがって,したがって,したがって,시타갓테,conj,-,-,따라서,그러므로,{資料|しりょう}が{足|た}りません。したがって{結論|けつろん}は{出|だ}せません。,자료가 부족해요. 따라서 결론은 낼 수 없어요.,jlpt.n3.vocab.0306.m4a,ref_only:jfs_cando_b1+corpus_freq,draft,선정축: ①B1 언어활동「理由·根拠を説明する」 근거를 들어 논술하기 / ②빈도 zipf 3.91 / 순위표 밖; Tanos교차: N3 일치
jlpt.n3.vocab.0307,N3,実際,じっさい,{実際|じっ|さい},짓사이,noun,-,-,실제,실제로,{実際|じっさい}に{使|つか}ってみると{思|おも}ったより{便利|べんり}でした。,실제로 써 보니 생각보다 편리했어요.,jlpt.n3.vocab.0307.m4a,ref_only:jfs_cando_b1+corpus_freq,draft,선정축: ①B1 언어활동「理由·根拠を説明する」 상품을 써 본 감상을 리뷰에 쓰기 / ②빈도 zipf 5.30 / 내용어 189위(모집단 80726); Tanos교차: N3 일치
jlpt.n3.vocab.0308,N3,おそらく,おそらく,おそらく,오소라쿠,adv,-,-,아마,필시,おそらく{今日|きょう}{中|じゅう}には{届|とど}くと{思|おも}います。,아마 오늘 중에는 도착할 것 같아요.,jlpt.n3.vocab.0308.m4a,ref_only:jfs_cando_b1+corpus_freq,draft,선정축: ①B1 언어활동「理由·根拠を説明する」 배송 상황의 정보를 전하기 / ②빈도 zipf 4.67 / 내용어 1234위(모집단 80726); Tanos교차: N3 일치
jlpt.n3.vocab.0309,N3,一応,いちおう,{一応|いち|おう},이치오오,adv,-,-,일단,우선,{一応|いちおう}{予約|よやく}しておいたほうが{安心|あんしん}です。,일단 예약해 두는 편이 안심이에요.,jlpt.n3.vocab.0309.m4a,ref_only:jfs_cando_b1+corpus_freq,draft,선정축: ①B1 언어활동「理由·根拠を説明する」 조언을 이유와 함께 전하기 / ②빈도 zipf 4.52 / 내용어 1773위(모집단 80726); Tanos교차: N2 분류(구시험 기준) — 선정축 판단을 우선해 N3 유지
jlpt.n3.vocab.0310,N3,とにかく,とにかく,とにかく,토니카쿠,adv,-,-,어쨌든,아무튼,とにかく{一度|いちど}{見|み}に{行|い}ってみましょう。,어쨌든 한번 보러 가 봅시다.,jlpt.n3.vocab.0310.m4a,ref_only:jfs_cando_b1+corpus_freq,draft,선정축: ①B1 언어활동「理由·根拠を説明する」 행선지를 의논해 정하기 / ②빈도 zipf 4.80 / 내용어 841위(모집단 80726); Tanos교차: N3 일치
jlpt.n3.vocab.0311,N3,もしかしたら,もしかしたら,もしかしたら,모시카시타라,adv,-,-,어쩌면,혹시,もしかしたら{道|みち}を{間違|まちが}えたかもしれません。,어쩌면 길을 잘못 들었을지도 몰라요.,jlpt.n3.vocab.0311.m4a,ref_only:jfs_cando_b1+corpus_freq,draft,선정축: ①B1 언어활동「理由·根拠を説明する」 문제 상황을 설명하고 상담하기 / ②빈도 zipf 4.37 / 순위표 밖; Tanos교차: N2 분류(구시험 기준) — 선정축 판단을 우선해 N3 유지
jlpt.n3.vocab.0312,N3,一体,いったい,{一体|いっ|たい},잇타이,adv,-,-,도대체,-,{一体|いったい}{何|なに}が{起|お}こったのか{分|わ}かりませんでした。,도대체 무슨 일이 일어난 건지 몰랐어요.,jlpt.n3.vocab.0312.m4a,ref_only:jfs_cando_b1+corpus_freq,draft,선정축: ①B1 언어활동「理由·根拠を説明する」 무슨 일이 일어났는지 묻고 답하기 / ②빈도 zipf 4.86 / 내용어 745위(모집단 80726); Tanos교차: N3 일치
jlpt.n3.vocab.0313,N3,まさか,まさか,まさか,마사카,adv,-,-,설마,-,まさか{優勝|ゆうしょう}できるとは{思|おも}いませんでした。,설마 우승할 줄은 몰랐어요.,jlpt.n3.vocab.0313.m4a,ref_only:jfs_cando_b1+corpus_freq,draft,선정축: ①B1 언어활동「理由·根拠を説明する」 결과에 놀라는 감상을 말하기 / ②빈도 zipf 4.72 / 내용어 1045위(모집단 80726); Tanos교차: N3 일치
jlpt.n3.vocab.0314,N3,どうせ,どうせ,どうせ,도오세,adv,-,-,어차피,-,どうせ{行|い}くなら{早|はや}く{出|で}たほうがいいです。,어차피 갈 거면 일찍 나가는 게 좋아요.,jlpt.n3.vocab.0314.m4a,ref_only:jfs_cando_b1+corpus_freq,draft,선정축: ①B1 언어활동「理由·根拠を説明する」 일정을 조정하며 의견 말하기 / ②빈도 zipf 4.51 / 내용어 1792위(모집단 80726); Tanos교차: N2 분류(구시험 기준) — 선정축 판단을 우선해 N3 유지
jlpt.n3.vocab.0315,N3,せっかく,せっかく,せっかく,섹카쿠,adv,-,-,모처럼,애써,せっかく{来|き}たのに{休|やす}みでした。,모처럼 왔는데 휴무였어요.,jlpt.n3.vocab.0315.m4a,ref_only:jfs_cando_b1+corpus_freq,draft,선정축: ①B1 언어활동「理由·根拠を説明する」 여행 중 있었던 일과 감상을 말하기 / ②빈도 zipf 4.53 / 내용어 1723위(모집단 80726); Tanos교차: N2 분류(구시험 기준) — 선정축 판단을 우선해 N3 유지
jlpt.n3.vocab.0316,N3,わざわざ,わざわざ,わざわざ,와자와자,adv,-,-,일부러,굳이,わざわざ{来|き}てくださって ありがとうございます。,일부러 와 주셔서 고마워요.,jlpt.n3.vocab.0316.m4a,ref_only:jfs_cando_b1+corpus_freq,draft,선정축: ①B1 언어활동「理由·根拠を説明する」 감사의 마음을 전하기 / ②빈도 zipf 4.49 / 내용어 1882위(모집단 80726); Tanos교차: N1 분류(구시험 기준) — 선정축 판단을 우선해 N3 유지
jlpt.n3.vocab.0317,N3,程度,ていど,{程度|てい|ど},테에도,noun,-,-,정도,수준,この{程度|ていど}なら{自分|じぶん}で{直|なお}せそうです。,이 정도면 직접 고칠 수 있을 것 같아요.,jlpt.n3.vocab.0317.m4a,ref_only:jfs_cando_b1+corpus_freq,draft,선정축: ①B1 언어활동「比較する·程度を言う」 어느 정도 자세히 상황을 설명하기 / ②빈도 zipf 5.06 / 내용어 403위(모집단 80726); Tanos교차: N3 일치
jlpt.n3.vocab.0318,N3,占める,しめる,{占|し}める,시메루,verb,g2,vt,차지하다,점하다,{賛成|さんせい}が{半分|はんぶん}{以上|いじょう}を{占|し}めていました。,찬성이 절반 이상을 차지하고 있었어요.,jlpt.n3.vocab.0318.m4a,ref_only:jfs_cando_b1+corpus_freq,draft,선정축: ①B1 언어활동「比較する·程度を言う」 설문 조사 결과를 정리해 발표하기 / ②빈도 zipf 4.26 / 내용어 3074위(모집단 80726); Tanos교차: N3 일치
jlpt.n3.vocab.0319,N3,数,かず,{数|かず},카즈,noun,-,-,수,개수,{参加者|さん|か|しゃ}の{数|かず}は{去年|きょねん}より{増|ふ}えました。,참가자 수는 작년보다 늘었어요.,jlpt.n3.vocab.0319.m4a,ref_only:jfs_cando_b1+corpus_freq,draft,선정축: ①B1 언어활동「比較する·程度を言う」 행사 결과를 비교해 보고하기 / ②빈도 zipf 5.74 / 순위표 밖; Tanos교차: N3 일치
jlpt.n3.vocab.0320,N3,量,りょう,{量|りょう},료오,noun,-,-,양,분량,ごみの{量|りょう}を{減|へ}らす{方法|ほうほう}を{考|かんが}えました。,쓰레기 양을 줄이는 방법을 생각했어요.,jlpt.n3.vocab.0320.m4a,ref_only:jfs_cando_b1+corpus_freq,draft,선정축: ①B1 언어활동「比較する·程度を言う」 환경 대책을 제안하기 / ②빈도 zipf 5.06 / 순위표 밖; Tanos교차: N3 일치
jlpt.n3.vocab.0321,N3,平均,へいきん,{平均|へい|きん},헤에킨,noun,suru_noun,vt,평균,-,{平均|へいきん}すると{一日|いち|にち}{三時間|さん|じ|かん}ぐらいです。,평균 내면 하루 세 시간 정도예요.,jlpt.n3.vocab.0321.m4a,ref_only:jfs_cando_b1+corpus_freq,draft,선정축: ①B1 언어활동「比較する·程度を言う」 자기 생활의 자세한 정보를 전하기 / ②빈도 zipf 4.76 / 내용어 949위(모집단 80726); Tanos교차: N3 일치
jlpt.n3.vocab.0322,N3,以内,いない,{以内|い|ない},이나이,noun,-,-,이내,안,{三日|みっ|か}{以内|いない}なら{交換|こうかん}できるそうです。,사흘 이내면 교환할 수 있대요.,jlpt.n3.vocab.0322.m4a,ref_only:jfs_cando_b1+corpus_freq,draft,선정축: ①B1 언어활동「比較する·程度を言う」 조건이 붙은 안내를 이해하고 전달하기 / ②빈도 zipf 4.66 / 내용어 1247위(모집단 80726); Tanos교차: N4 분류 — 우리 N4 400 미수록 잔여분을 N3으로 흡수
jlpt.n3.vocab.0323,N3,幅広い,はばひろい,{幅広|はば|ひろ}い,하바히로이,i_adj,i_adj,-,폭넓다,광범위하다,この{曲|きょく}は{幅広|はばひろ}い{世代|せだい}に{好|この}まれています。,이 곡은 폭넓은 세대에게 사랑받고 있어요.,jlpt.n3.vocab.0323.m4a,ref_only:jfs_cando_b1+corpus_freq,draft,선정축: ①B1 언어활동「比較する·程度を言う」 인기·평가의 범위를 설명하기 / ②빈도 zipf 4.12 / 내용어 4013위(모집단 80726); Tanos교차: 전급수 목록밖 — Tanos(구시험 어휘)에 없는 현대어로 판단
jlpt.n3.vocab.0324,N3,ずいぶん,ずいぶん,ずいぶん,즈이분,adv,-,-,꽤,몹시,{去年|きょねん}より ずいぶん{増|ふ}えましたね。,작년보다 꽤 늘었네요.,jlpt.n3.vocab.0324.m4a,ref_only:jfs_cando_b1+corpus_freq,draft,선정축: ①B1 언어활동「比較する·程度を言う」 변화의 정도를 비교해 말하기 / ②빈도 zipf 4.44 / 내용어 2143위(모집단 80726); Tanos교차: N4 분류 — 우리 N4 400 미수록 잔여분을 N3으로 흡수
jlpt.n3.vocab.0325,N3,かなり,かなり,かなり,카나리,adv,-,-,상당히,꽤,かなり{時間|じかん}がかかりそうです。,상당히 시간이 걸릴 것 같아요.,jlpt.n3.vocab.0325.m4a,ref_only:jfs_cando_b1+corpus_freq,draft,선정축: ①B1 언어활동「比較する·程度を言う」 소요 정도를 설명하고 전달하기 / ②빈도 zipf 5.25 / 내용어 211위(모집단 80726); Tanos교차: N3 일치
jlpt.n3.vocab.0326,N3,比較,ひかく,{比較|ひ|かく},히카쿠,noun,suru_noun,vt,비교,-,メーカーごとに{比較|ひかく}してから{決|き}めました。,제조사별로 비교하고 나서 정했어요.,jlpt.n3.vocab.0326.m4a,ref_only:jfs_cando_b1+corpus_freq,draft,선정축: ①B1 언어활동「比較する·程度を言う」 상품 비교 기사에서 필요한 정보를 찾기 / ②빈도 zipf 4.69 / 내용어 1144위(모집단 80726); Tanos교차: N3 일치
jlpt.n3.vocab.0327,N3,差,さ,{差|さ},사,noun,-,-,차이,차,{二|ふた}つの{店|みせ}の{値段|ねだん}には{大|おお}きな{差|さ}があります。,두 가게의 가격에는 큰 차이가 있어요.,jlpt.n3.vocab.0327.m4a,ref_only:jfs_cando_b1+corpus_freq,draft,선정축: ①B1 언어활동「比較する·程度を言う」 가격을 비교하며 교섭하기 / ②빈도 zipf 4.92 / 순위표 밖; Tanos교차: N3 일치
jlpt.n3.vocab.0328,N3,増やす,ふやす,{増|ふ}やす,후야스,verb,g1,vt,늘리다,-,{練習|れんしゅう}の{回数|かい|すう}を{増|ふ}やすことにしました。,연습 횟수를 늘리기로 했어요.,jlpt.n3.vocab.0328.m4a,ref_only:jfs_cando_b1+corpus_freq,draft,선정축: ①B1 언어활동「比較する·程度を言う」 자기 실천을 소개하기 / ②빈도 zipf 4.71 / 내용어 1101위(모집단 80726); Tanos교차: N2 분류(구시험 기준) — 선정축 판단을 우선해 N3 유지
jlpt.n3.vocab.0329,N3,減らす,へらす,{減|へ}らす,헤라스,verb,g1,vt,줄이다,-,{電気|でんき}の{使用量|し|よう|りょう}を{減|へ}らしています。,전기 사용량을 줄이고 있어요.,jlpt.n3.vocab.0329.m4a,ref_only:jfs_cando_b1+corpus_freq,draft,선정축: ①B1 언어활동「比較する·程度を言う」 가정에서 하는 대책을 소개하기 / ②빈도 zipf 4.13 / 내용어 3937위(모집단 80726); Tanos교차: N3 일치
jlpt.n3.vocab.0330,N3,超える,こえる,{超|こ}える,코에루,verb,g2,vt,넘다,초과하다,{予算|よ|さん}を{超|こ}えてしまいそうです。,예산을 넘어 버릴 것 같아요.,jlpt.n3.vocab.0330.m4a,ref_only:jfs_cando_b1+corpus_freq,draft,선정축: ①B1 언어활동「比較する·程度を言う」 조건과 상황을 설명하며 상의하기 / ②빈도 zipf 4.87 / 내용어 731위(모집단 80726); Tanos교차: N2 분류(구시험 기준) — 선정축 판단을 우선해 N3 유지
jlpt.n3.vocab.0331,N3,相当,そうとう,{相当|そう|とう},소오토오,adv,-,-,상당히,꽤,{待|ま}ち{時間|じかん}が{相当|そうとう}{長|なが}かったです。,대기 시간이 상당히 길었어요.,jlpt.n3.vocab.0331.m4a,ref_only:jfs_cando_b1+corpus_freq,draft,선정축: ①B1 언어활동「比較する·程度を言う」 불만의 정도를 구체적으로 설명하기 / ②빈도 zipf 4.79 / 내용어 873위(모집단 80726); Tanos교차: N3 일치
jlpt.n3.vocab.0332,N3,大幅,おおはば,{大幅|おお|はば},오오하바,na_adj,na_adj,-,대폭,큰 폭,{料金|りょうきん}が{大幅|おおはば}に{上|あ}がりました。,요금이 대폭 올랐어요.,jlpt.n3.vocab.0332.m4a,ref_only:jfs_cando_b1+corpus_freq,draft,선정축: ①B1 언어활동「比較する·程度を言う」 값 변동을 설명하고 의견 말하기 / ②빈도 zipf 4.40 / 내용어 2327위(모집단 80726); Tanos교차: N1 분류(구시험 기준) — 선정축 판단을 우선해 N3 유지
jlpt.n3.vocab.0333,N3,わずか,わずか,わずか,와즈카,na_adj,na_adj,-,얼마 안 됨,근소함,わずかな{差|さ}で{勝|か}てました。,근소한 차이로 이길 수 있었어요.,jlpt.n3.vocab.0333.m4a,ref_only:jfs_cando_b1+corpus_freq,draft,선정축: ①B1 언어활동「比較する·程度を言う」 시합 결과를 자세히 전하기 / ②빈도 zipf 4.60 / 내용어 1451위(모집단 80726); Tanos교차: N3 일치
jlpt.n3.vocab.0334,N3,ほぼ,ほぼ,ほぼ,호보,adv,-,-,거의,대체로,{準備|じゅんび}は ほぼ{終|お}わりました。,준비는 거의 끝났어요.,jlpt.n3.vocab.0334.m4a,ref_only:jfs_cando_b1+corpus_freq,draft,선정축: ①B1 언어활동「比較する·程度を言う」 진행 상황을 확인하고 전달하기 / ②빈도 zipf 5.01 / 순위표 밖; Tanos교차: N3 일치
jlpt.n3.vocab.0335,N3,せいぜい,せいぜい,せいぜい,세에제에,adv,-,-,기껏해야,고작,かかっても せいぜい{三十分|さん|じゅっ|ぷん}です。,걸려도 기껏해야 30분이에요.,jlpt.n3.vocab.0335.m4a,ref_only:jfs_cando_b1+corpus_freq,draft,선정축: ①B1 언어활동「比較する·程度を言う」 소요 시간의 정보를 주고받기 / ②빈도 zipf 3.81 / 내용어 6614위(모집단 80726); Tanos교차: N3 일치
jlpt.n3.vocab.0336,N3,少なくとも,すくなくとも,{少|すく}なくとも,스쿠나쿠토모,adv,-,-,적어도,최소한,{少|すく}なくとも{一週間|いっ|しゅう|かん}は かかると{言|い}われました。,적어도 일주일은 걸린다고 들었어요.,jlpt.n3.vocab.0336.m4a,ref_only:jfs_cando_b1+corpus_freq,draft,선정축: ①B1 언어활동「比較する·程度を言う」 담당자의 설명을 이해하고 전달하기 / ②빈도 zipf 4.62 / 순위표 밖; Tanos교차: N1 분류(구시험 기준) — 선정축 판단을 우선해 N3 유지
jlpt.n3.vocab.0337,N3,最も,もっとも,{最|もっと}も,못토모,adv,-,-,가장,제일,この{方法|ほうほう}が{最|もっと}も{安全|あんぜん}だと{思|おも}います。,이 방법이 가장 안전하다고 생각해요.,jlpt.n3.vocab.0337.m4a,ref_only:jfs_cando_b1+corpus_freq,draft,선정축: ①B1 언어활동「比較する·程度を言う」 해결안을 근거와 함께 제안하기 / ②빈도 zipf 5.02 / 내용어 465위(모집단 80726); Tanos교차: N3 일치
jlpt.n3.vocab.0338,N3,やや,やや,やや,야야,adv,-,-,약간,조금,{今年|ことし}は やや{暖|あたた}かいそうです。,올해는 약간 따뜻하대요.,jlpt.n3.vocab.0338.m4a,ref_only:jfs_cando_b1+corpus_freq,draft,선정축: ①B1 언어활동「比較する·程度を言う」 기후 변화의 정보를 이해하기 / ②빈도 zipf 4.44 / 내용어 2095위(모집단 80726); Tanos교차: N3 일치
jlpt.n3.vocab.0339,N3,期間,きかん,{期間|き|かん},키칸,noun,-,-,기간,-,{申|もう}し{込|こ}みの{期間|きかん}は{今週|こんしゅう}までです。,신청 기간은 이번 주까지예요.,jlpt.n3.vocab.0339.m4a,ref_only:jfs_cando_b1+corpus_freq,draft,선정축: ①B1 언어활동「順序だてて説明する」 모집 안내를 읽고 필요한 정보를 찾기 / ②빈도 zipf 5.16 / 내용어 294위(모집단 80726); Tanos교차: N3 일치
jlpt.n3.vocab.0340,N3,時期,じき,{時期|じ|き},지키,noun,-,-,시기,철,この{時期|じき}は{観光客|かんこうきゃく}が{多|おお}いです。,이 시기는 관광객이 많아요.,jlpt.n3.vocab.0340.m4a,ref_only:jfs_cando_b1+corpus_freq,draft,선정축: ①B1 언어활동「順序だてて説明する」 여행 시기의 정보를 주고받기 / ②빈도 zipf 5.00 / 내용어 497위(모집단 80726); Tanos교차: N3 일치
jlpt.n3.vocab.0341,N3,現在,げんざい,{現在|げん|ざい},겐자이,noun,-,-,현재,-,{現在|げんざい}{使|つか}っている ものと{比|くら}べてみました。,현재 쓰고 있는 것과 비교해 봤어요.,jlpt.n3.vocab.0341.m4a,ref_only:jfs_cando_b1+corpus_freq,draft,선정축: ①B1 언어활동「順序だてて説明する」 새로 산 물건을 이전 것과 비교해 말하기 / ②빈도 zipf 5.34 / 내용어 159위(모집단 80726); Tanos교차: N3 일치
jlpt.n3.vocab.0342,N3,以降,いこう,{以降|い|こう},이코오,noun,-,-,이후,이래,{五時|ご|じ}{以降|いこう}なら いつでも{大丈夫|だいじょうぶ}です。,5시 이후라면 언제든 괜찮아요.,jlpt.n3.vocab.0342.m4a,ref_only:jfs_cando_b1+corpus_freq,draft,선정축: ①B1 언어활동「順序だてて説明する」 자기 사정을 설명하며 일정을 조정하기 / ②빈도 zipf 4.92 / 내용어 629위(모집단 80726); Tanos교차: N2 분류(구시험 기준) — 선정축 판단을 우선해 N3 유지
jlpt.n3.vocab.0343,N3,当時,とうじ,{当時|とう|じ},토오지,noun,-,-,당시,그 무렵,{当時|とうじ}の{夢|ゆめ}と{今|いま}の{仕事|しごと}はつながっています。,당시의 꿈과 지금 일은 이어져 있어요.,jlpt.n3.vocab.0343.m4a,ref_only:jfs_cando_b1+corpus_freq,draft,선정축: ①B1 언어활동「順序だてて説明する」 어린 시절 이야기를 당시 꿈과 엮어 말하기 / ②빈도 zipf 4.98 / 내용어 524위(모집단 80726); Tanos교차: N3 일치
jlpt.n3.vocab.0344,N3,今後,こんご,{今後|こん|ご},콩고,noun,-,-,앞으로,향후,{今後|こんご}の{予定|よてい}についてお{知|し}らせします。,앞으로의 예정에 대해 알려 드려요.,jlpt.n3.vocab.0344.m4a,ref_only:jfs_cando_b1+corpus_freq,draft,선정축: ①B1 언어활동「順序だてて説明する」 앞으로의 희망·포부를 곁들여 소개하기 / ②빈도 zipf 4.87 / 내용어 717위(모집단 80726); Tanos교차: N3 일치
jlpt.n3.vocab.0345,N3,重なる,かさなる,{重|かさ}なる,카사나루,verb,g1,vi,겹치다,포개지다,{予定|よてい}が{重|かさ}なって{行|い}けなくなりました。,일정이 겹쳐서 못 가게 됐어요.,jlpt.n3.vocab.0345.m4a,ref_only:jfs_cando_b1+corpus_freq,draft,선정축: ①B1 언어활동「順序だてて説明する」 사정을 설명하고 약속을 조정하기 / ②빈도 zipf 4.02 / 내용어 4733위(모집단 80726); Tanos교차: N2 분류(구시험 기준) — 선정축 판단을 우선해 N3 유지
jlpt.n3.vocab.0346,N3,変化,へんか,{変化|へん|か},헹카,noun,suru_noun,vi,변화,-,{気候|き|こう}の{変化|へんか}が{生活|せいかつ}にも{影響|えいきょう}しています。,기후 변화가 생활에도 영향을 주고 있어요.,jlpt.n3.vocab.0346.m4a,ref_only:jfs_cando_b1+corpus_freq,draft,선정축: ①B1 언어활동「順序だてて説明する」 환경 문제의 논점을 이해하고 말하기 / ②빈도 zipf 4.87 / 내용어 719위(모집단 80726); Tanos교차: N3 일치
jlpt.n3.vocab.0347,N3,成長,せいちょう,{成長|せい|ちょう},세에초오,noun,suru_noun,vi,성장,-,{子|こ}どもの{成長|せいちょう}は{早|はや}いですね。,아이의 성장은 빠르네요.,jlpt.n3.vocab.0347.m4a,ref_only:jfs_cando_b1+corpus_freq,draft,선정축: ①B1 언어활동「順序だてて説明する」 출산한 친구에게 축하와 코멘트 하기 / ②빈도 zipf 4.88 / 내용어 703위(모집단 80726); Tanos교차: N3 일치
jlpt.n3.vocab.0348,N3,発展,はってん,{発展|はっ|てん},핫텐,noun,suru_noun,vi,발전,-,この{町|まち}は ここ{十年|じゅう|ねん}で{大|おお}きく{発展|はってん}しました。,이 동네는 최근 10년 사이에 크게 발전했어요.,jlpt.n3.vocab.0348.m4a,ref_only:jfs_cando_b1+corpus_freq,draft,선정축: ①B1 언어활동「順序だてて説明する」 자기 고장의 모습을 프레젠테이션 하기 / ②빈도 zipf 4.61 / 내용어 1411위(모집단 80726); Tanos교차: N3 일치
jlpt.n3.vocab.0349,N3,伸びる,のびる,{伸|の}びる,노비루,verb,g2,vi,늘어나다,자라다,{練習|れんしゅう}を{続|つづ}けたら{記録|きろく}が{伸|の}びました。,연습을 계속했더니 기록이 늘었어요.,jlpt.n3.vocab.0349.m4a,ref_only:jfs_cando_b1+corpus_freq,draft,선정축: ①B1 언어활동「順序だてて説明する」 노력의 경과와 결과를 말하기 / ②빈도 zipf 4.13 / 내용어 3938위(모집단 80726); Tanos교차: N3 일치
jlpt.n3.vocab.0350,N3,やがて,やがて,やがて,야가테,adv,-,-,이윽고,머지않아,やがて{雨|あめ}も{止|や}むでしょう。,이윽고 비도 그칠 거예요.,jlpt.n3.vocab.0350.m4a,ref_only:jfs_cando_b1+corpus_freq,draft,선정축: ①B1 언어활동「順序だてて説明する」 상황 변화를 예상해 전달하기 / ②빈도 zipf 4.14 / 내용어 3811위(모집단 80726); Tanos교차: N3 일치
jlpt.n3.vocab.0351,N3,終了,しゅうりょう,{終了|しゅう|りょう},슈우료오,noun,suru_noun,vi,종료,끝남,{受付|うけつけ}は もう{終了|しゅうりょう}してしまいました。,접수는 이미 종료돼 버렸어요.,jlpt.n3.vocab.0351.m4a,ref_only:jfs_cando_b1+corpus_freq,draft,선정축: ①B1 언어활동「順序だてて説明する」 모집 안내를 읽고 필요한 정보를 찾기 / ②빈도 zipf 5.13 / 내용어 326위(모집단 80726); Tanos교차: N2 분류(구시험 기준) — 선정축 판단을 우선해 N3 유지
jlpt.n3.vocab.0352,N3,中止,ちゅうし,{中止|ちゅう|し},추우시,noun,suru_noun,vt,중지,취소,{雨|あめ}のため{大会|たいかい}は{中止|ちゅうし}になりました。,비 때문에 대회는 취소됐어요.,jlpt.n3.vocab.0352.m4a,ref_only:jfs_cando_b1+corpus_freq,draft,선정축: ①B1 언어활동「順序だてて説明する」 약속 취소 소식과 이유를 읽고 이해하기 / ②빈도 zipf 4.61 / 내용어 1402위(모집단 80726); Tanos교차: N3 일치
jlpt.n3.vocab.0353,N3,いよいよ,いよいよ,いよいよ,이요이요,adv,-,-,드디어,마침내,いよいよ あしたから{大会|たいかい}が{始|はじ}まります。,드디어 내일부터 대회가 시작돼요.,jlpt.n3.vocab.0353.m4a,ref_only:jfs_cando_b1+corpus_freq,draft,선정축: ①B1 언어활동「順序だてて説明する」 행사 예정을 기대와 함께 전달하기 / ②빈도 zipf 4.30 / 순위표 밖; Tanos교차: N2 분류(구시험 기준) — 선정축 판단을 우선해 N3 유지
jlpt.n3.vocab.0354,N3,経つ,たつ,{経|た}つ,타츠,verb,g1,vi,지나다,흐르다,{日本|にほん}に{来|き}てから{三年|さん|ねん}{経|た}ちました。,일본에 오고 나서 3년이 지났어요.,jlpt.n3.vocab.0354.m4a,ref_only:jfs_cando_b1+corpus_freq,draft,선정축: ①B1 언어활동「順序だてて説明する」 근황과 경험을 짜임새 있게 말하기 / ②빈도 zipf 4.40 / 내용어 2355위(모집단 80726); Tanos교차: N3 일치
jlpt.n3.vocab.0355,N3,繰り返す,くりかえす,{繰|く}り{返|かえ}す,쿠리카에스,verb,g1,vt,반복하다,되풀이하다,{同|おな}じ{失敗|しっぱい}を{繰|く}り{返|かえ}さないようにします。,같은 실수를 반복하지 않도록 할게요.,jlpt.n3.vocab.0355.m4a,ref_only:jfs_cando_b1+corpus_freq,draft,선정축: ①B1 언어활동「順序だてて説明する」 반성과 앞으로의 대응을 말하기 / ②빈도 zipf 4.41 / 내용어 2299위(모집단 80726); Tanos교차: N3 일치
jlpt.n3.vocab.0356,N3,済む,すむ,{済|す}む,스무,verb,g1,vi,끝나다,해결되다,{手続|てつづ}きは{十分|じゅっ|ぷん}で{済|す}みました。,수속은 10분 만에 끝났어요.,jlpt.n3.vocab.0356.m4a,ref_only:jfs_cando_b1+corpus_freq,draft,선정축: ①B1 언어활동「順序だてて説明する」 절차의 진행 상황을 전달하기 / ②빈도 zipf 4.64 / 내용어 1331위(모집단 80726); Tanos교차: N4 분류 — 우리 N4 400 미수록 잔여분을 N3으로 흡수
jlpt.n3.vocab.0357,N3,徐々に,じょじょに,{徐々|じょ|じょ}に,조조니,adv,-,-,서서히,점점,{体調|たいちょう}は{徐々|じょじょ}に{良|よ}くなっています。,컨디션은 서서히 좋아지고 있어요.,jlpt.n3.vocab.0357.m4a,ref_only:jfs_cando_b1+corpus_freq,draft,선정축: ①B1 언어활동「順序だてて説明する」 몸 상태의 경과를 설명하기 / ②빈도 zipf 4.30 / 순위표 밖; Tanos교차: N3 일치
jlpt.n3.vocab.0358,N3,次第に,しだいに,{次第|し|だい}に,시다이니,adv,-,-,점차,차츰,{雨|あめ}は{次第|しだい}に{弱|よわ}くなるでしょう。,비는 점차 약해질 거예요.,jlpt.n3.vocab.0358.m4a,ref_only:jfs_cando_b1+corpus_freq,draft,선정축: ①B1 언어활동「順序だてて説明する」 일기·상황의 변화를 이해하고 전달하기 / ②빈도 zipf 3.96 / 순위표 밖; Tanos교차: 전급수 목록밖 — Tanos(구시험 어휘)에 없는 현대어로 판단
jlpt.n3.vocab.0359,N3,突然,とつぜん,{突然|とつ|ぜん},토츠젠,adv,-,-,갑자기,돌연,{突然|とつぜん}{電気|でんき}が{消|き}えて{驚|おどろ}きました。,갑자기 불이 꺼져서 놀랐어요.,jlpt.n3.vocab.0359.m4a,ref_only:jfs_cando_b1+corpus_freq,draft,선정축: ①B1 언어활동「順序だてて説明する」 일어난 일을 순서대로 설명하기 / ②빈도 zipf 4.73 / 내용어 1034위(모집단 80726); Tanos교차: N3 일치
jlpt.n3.vocab.0360,N3,再び,ふたたび,{再|ふたた}び,후타타비,adv,-,-,다시,재차,{来年|らいねん}{再|ふたた}び{開|ひら}かれる{予定|よてい}です。,내년에 다시 열릴 예정이에요.,jlpt.n3.vocab.0360.m4a,ref_only:jfs_cando_b1+corpus_freq,draft,선정축: ①B1 언어활동「順序だてて説明する」 행사 예정 정보를 전달하기 / ②빈도 zipf 4.67 / 내용어 1231위(모집단 80726); Tanos교차: N3 일치
jlpt.n3.vocab.0361,N3,手続き,てつづき,{手続|て|つづ}き,테츠즈키,noun,suru_noun,vi,수속,절차,ビザの{手続|てつづ}きの{仕方|しかた}を{教|おし}えてください。,비자 수속 방법을 알려 주세요.,jlpt.n3.vocab.0361.m4a,ref_only:jfs_cando_b1+corpus_freq,draft,선정축: ①B1 언어활동「情報交換·問い合わせ·依頼」 창구에서 절차를 묻고 설명을 이해하기 / ②빈도 zipf 4.38 / 내용어 2445위(모집단 80726); Tanos교차: N2 분류(구시험 기준) — 선정축 판단을 우선해 N3 유지
jlpt.n3.vocab.0362,N3,確かめる,たしかめる,{確|たし}かめる,타시카메루,verb,g2,vt,확인하다,알아보다,{申|もう}し{込|こ}みの{方法|ほうほう}を{確|たし}かめておきました。,신청 방법을 확인해 뒀어요.,jlpt.n3.vocab.0362.m4a,ref_only:jfs_cando_b1+corpus_freq,draft,선정축: ①B1 언어활동「情報交換·問い合わせ·依頼」 모집 안내에 관해 자세한 정보를 얻기 / ②빈도 zipf 4.24 / 내용어 3187위(모집단 80726); Tanos교차: N3 일치
jlpt.n3.vocab.0363,N3,申し込む,もうしこむ,{申|もう}し{込|こ}む,모오시코무,verb,g1,vt,신청하다,-,サークルに{申|もう}し{込|こ}むメールを{書|か}きました。,동아리에 신청하는 메일을 썼어요.,jlpt.n3.vocab.0363.m4a,ref_only:jfs_cando_b1+corpus_freq,draft,선정축: ①B1 언어활동「情報交換·問い合わせ·依頼」 자기 사정을 설명하며 문의 메일 쓰기 / ②빈도 zipf 3.88 / 내용어 6006위(모집단 80726); Tanos교차: N3 일치
jlpt.n3.vocab.0364,N3,登録,とうろく,{登録|とう|ろく},토오로쿠,noun,suru_noun,vt,등록,-,サイトに{登録|とうろく}してから{使|つか}ってください。,사이트에 등록하고 나서 써 주세요.,jlpt.n3.vocab.0364.m4a,ref_only:jfs_cando_b1+corpus_freq,draft,선정축: ①B1 언어활동「情報交換·問い合わせ·依頼」 이용 방법의 설명을 이해하기 / ②빈도 zipf 5.20 / 내용어 261위(모집단 80726); Tanos교차: N1 분류(구시험 기준) — 선정축 판단을 우선해 N3 유지
jlpt.n3.vocab.0365,N3,済ませる,すませる,{済|す}ませる,스마세루,verb,g2,vt,끝내다,마치다,{手続|てつづ}きは{午前中|ごぜんちゅう}に{済|す}ませておきます。,수속은 오전 중에 끝내 둘게요.,jlpt.n3.vocab.0365.m4a,ref_only:jfs_cando_b1+corpus_freq,draft,선정축: ①B1 언어활동「情報交換·問い合わせ·依頼」 절차의 진행 상황을 전달하기 / ②빈도 zipf 3.41 / 순위표 밖; Tanos교차: N3 일치
jlpt.n3.vocab.0366,N3,預ける,あずける,{預|あず}ける,아즈케루,verb,g2,vt,맡기다,예치하다,{荷物|にもつ}は{受付|うけつけ}に{預|あず}けられます。,짐은 접수처에 맡길 수 있어요.,jlpt.n3.vocab.0366.m4a,ref_only:jfs_cando_b1+corpus_freq,draft,선정축: ①B1 언어활동「情報交換·問い合わせ·依頼」 시설 이용법의 설명을 듣고 이해하기 / ②빈도 zipf 4.07 / 내용어 4335위(모집단 80726); Tanos교차: N3 일치
jlpt.n3.vocab.0367,N3,許可,きょか,{許可|きょ|か},쿄카,noun,suru_noun,vt,허가,-,ここで{写真|しゃしん}を{撮|と}るには{許可|きょか}がいります。,여기서 사진을 찍으려면 허가가 필요해요.,jlpt.n3.vocab.0367.m4a,ref_only:jfs_cando_b1+corpus_freq,draft,선정축: ①B1 언어활동「情報交換·問い合わせ·依頼」 시설 이용 규칙을 묻고 이해하기 / ②빈도 zipf 4.64 / 내용어 1324위(모집단 80726); Tanos교차: N3 일치
jlpt.n3.vocab.0368,N3,禁止,きんし,{禁止|きん|し},킨시,noun,suru_noun,vt,금지,-,この{建物|たてもの}の{中|なか}では{喫煙|きつ|えん}が{禁止|きんし}されています。,이 건물 안에서는 흡연이 금지되어 있습니다.,jlpt.n3.vocab.0368.m4a,ref_only:jfs_cando_b1+corpus_freq,draft,선정축: ①B1 언어활동「情報交換·問い合わせ·依頼」 게시된 규칙을 읽고 이해하기 / ②빈도 zipf 4.80 / 내용어 853위(모집단 80726); Tanos교차: N3 일치; 예문 교정 2026-07-25 — 「금연이 금지가 아니라 의무」 이중부정으로 혼란 + 자연스러운 형(~が禁止されている) 미노출 → 표준형으로(대표님 지시)
jlpt.n3.vocab.0369,N3,許す,ゆるす,{許|ゆる}す,유루스,verb,g1,vt,허락하다,용서하다,{一度|いちど}だけなら{変更|へんこう}を{許|ゆる}してもらえました。,한 번만이라면 변경을 허락받을 수 있었어요.,jlpt.n3.vocab.0369.m4a,ref_only:jfs_cando_b1+corpus_freq,draft,선정축: ①B1 언어활동「情報交換·問い合わせ·依頼」 예약 조건을 확인하고 변경을 의뢰하기 / ②빈도 zipf 4.93 / 내용어 625위(모집단 80726); Tanos교차: N3 일치
jlpt.n3.vocab.0370,N3,依頼,いらい,{依頼|い|らい},이라이,noun,suru_noun,vt,의뢰,요청,{録音|ろく|おん}の{依頼|いらい}を{知|し}り{合|あ}いにしました。,녹음 의뢰를 아는 사람에게 했어요.,jlpt.n3.vocab.0370.m4a,ref_only:jfs_cando_b1+corpus_freq,draft,선정축: ①B1 언어활동「情報交換·問い合わせ·依頼」 수순을 설명하고 협력을 의뢰하기 / ②빈도 zipf 4.71 / 내용어 1082위(모집단 80726); Tanos교차: N3 일치
jlpt.n3.vocab.0371,N3,配る,くばる,{配|くば}る,쿠바루,verb,g1,vt,나눠 주다,배포하다,{資料|しりょう}は{会場|かいじょう}で{配|くば}る{予定|よてい}です。,자료는 행사장에서 나눠 줄 예정이에요.,jlpt.n3.vocab.0371.m4a,ref_only:jfs_cando_b1+corpus_freq,draft,선정축: ①B1 언어활동「情報交換·問い合わせ·依頼」 행사 진행 세부를 확인하고 지시하기 / ②빈도 zipf 4.18 / 내용어 3603위(모집단 80726); Tanos교차: N2 분류(구시험 기준) — 선정축 판단을 우선해 N3 유지
jlpt.n3.vocab.0372,N3,あらかじめ,あらかじめ,あらかじめ,아라카지메,adv,-,-,미리,사전에,あらかじめ{予約|よやく}しておいたほうがいいです。,미리 예약해 두는 편이 좋아요.,jlpt.n3.vocab.0372.m4a,ref_only:jfs_cando_b1+corpus_freq,draft,선정축: ①B1 언어활동「情報交換·問い合わせ·依頼」 준비 사항을 조언하고 전달하기 / ②빈도 zipf 4.02 / 내용어 4729위(모집단 80726); Tanos교차: N1 분류(구시험 기준) — 선정축 판단을 우선해 N3 유지
jlpt.n3.vocab.0373,N3,対応,たいおう,{対応|たい|おう},타이오오,noun,suru_noun,vi,대응,응대,{担当者|たん|とう|しゃ}の{対応|たいおう}がとても{早|はや}かったです。,담당자 대응이 아주 빨랐어요.,jlpt.n3.vocab.0373.m4a,ref_only:jfs_cando_b1+corpus_freq,draft,선정축: ①B1 언어활동「情報交換·問い合わせ·依頼」 응대 태도를 리뷰에 쓰기 / ②빈도 zipf 5.24 / 내용어 222위(모집단 80726); Tanos교차: N1 분류(구시험 기준) — 선정축 판단을 우선해 N3 유지
jlpt.n3.vocab.0374,N3,受付,うけつけ,{受付|うけ|つけ},우케츠케,noun,suru_noun,vt,접수,접수처,{受付|うけつけ}で{名前|なまえ}を{言|い}ってください。,접수처에서 이름을 말해 주세요.,jlpt.n3.vocab.0374.m4a,ref_only:jfs_cando_b1+corpus_freq,draft,선정축: ①B1 언어활동「情報交換·問い合わせ·依頼」 창구 절차의 지시를 이해하기 / ②빈도 zipf 4.59 / 내용어 1486위(모집단 80726); Tanos교차: N4 분류 — 우리 N4 400 미수록 잔여분을 N3으로 흡수
jlpt.n3.vocab.0375,N3,窓口,まどぐち,{窓口|まど|ぐち},마도구치,noun,-,-,창구,-,{大学|だいがく}の{窓口|まどぐち}で{確|たし}かめてきました。,대학 창구에서 확인하고 왔어요.,jlpt.n3.vocab.0375.m4a,ref_only:jfs_cando_b1+corpus_freq,draft,선정축: ①B1 언어활동「情報交換·問い合わせ·依頼」 창구에서 지적을 듣고 이유를 묻기 / ②빈도 zipf 4.04 / 내용어 4546위(모집단 80726); Tanos교차: N2 분류(구시험 기준) — 선정축 판단을 우선해 N3 유지
jlpt.n3.vocab.0376,N3,改めて,あらためて,{改|あらた}めて,아라타메테,adv,-,-,다시,새삼,{改|あらた}めてご{連絡|れんらく}させていただきます。,다시 연락드리겠습니다.,jlpt.n3.vocab.0376.m4a,ref_only:jfs_cando_b1+corpus_freq,draft,선정축: ①B1 언어활동「情報交換·問い合わせ·依頼」 문의 뒤 후속 연락을 예고하기 / ②빈도 zipf 4.53 / 내용어 1722위(모집단 80726); Tanos교차: N2 분류(구시험 기준) — 선정축 판단을 우선해 N3 유지
jlpt.n3.vocab.0377,N3,必ずしも,かならずしも,{必|かなら}ずしも,카나라즈시모,adv,-,-,반드시 ~인 것은 아니다,꼭 ~하지는,{高|たか}い ものが{必|かなら}ずしも いいとは{限|かぎ}りません。,비싼 것이 반드시 좋다고는 할 수 없어요.,jlpt.n3.vocab.0377.m4a,ref_only:jfs_cando_b1+corpus_freq,draft,선정축: ①B1 언어활동「情報交換·問い合わせ·依頼」 비교 정보를 근거와 함께 전달하기 / ②빈도 zipf 4.09 / 순위표 밖; Tanos교차: N3 일치
jlpt.n3.vocab.0378,N3,可能,かのう,{可能|か|のう},카노오,na_adj,na_adj,-,가능함,-,ネットからの{変更|へんこう}も{可能|かのう}だそうです。,인터넷으로 변경하는 것도 가능하대요.,jlpt.n3.vocab.0378.m4a,ref_only:jfs_cando_b1+corpus_freq,draft,선정축: ①B1 언어활동「情報交換·問い合わせ·依頼」 이용 조건을 확인하고 전달하기 / ②빈도 zipf 5.56 / 내용어 73위(모집단 80726); Tanos교차: N3 일치
jlpt.n3.vocab.0379,N3,情報,じょうほう,{情報|じょう|ほう},조오호오,noun,-,-,정보,-,{必要|ひつよう}な{情報|じょうほう}を{探|さが}し{出|だ}しました。,필요한 정보를 찾아냈어요.,jlpt.n3.vocab.0379.m4a,ref_only:jfs_cando_b1+corpus_freq,draft,선정축: ①B1 언어활동「情報交換·問い合わせ·依頼」 긴 글에서 필요한 정보를 찾아내기 / ②빈도 zipf 5.61 / 내용어 66위(모집단 80726); Tanos교차: N3 일치
jlpt.n3.vocab.0380,N3,不要,ふよう,{不要|ふ|よう},후요오,na_adj,na_adj,-,불필요함,필요 없음,{予約|よやく}は{不要|ふよう}だと{書|か}いてありました。,예약은 불필요하다고 쓰여 있었어요.,jlpt.n3.vocab.0380.m4a,ref_only:jfs_cando_b1+corpus_freq,draft,선정축: ①B1 언어활동「情報交換·問い合わせ·依頼」 안내문에서 필요한 조건을 찾아내기 / ②빈도 zipf 4.44 / 내용어 2103위(모집단 80726); Tanos교차: 전급수 목록밖 — Tanos(구시험 어휘)에 없는 현대어로 판단
jlpt.n3.vocab.0381,N3,有効,ゆうこう,{有効|ゆう|こう},유우코오,na_adj,na_adj,-,유효함,-,この チケットは{三日間|みっ|か|かん}{有効|ゆうこう}です。,이 티켓은 사흘간 유효해요.,jlpt.n3.vocab.0381.m4a,ref_only:jfs_cando_b1+corpus_freq,draft,선정축: ①B1 언어활동「情報交換·問い合わせ·依頼」 이용 조건의 상세를 확인하고 전달하기 / ②빈도 zipf 4.54 / 내용어 1666위(모집단 80726); Tanos교차: N3 일치
jlpt.n3.vocab.0382,N3,記録,きろく,{記録|き|ろく},키로쿠,noun,suru_noun,vt,기록,-,{会議|かいぎ}の{記録|きろく}を{残|のこ}しておきました。,회의 기록을 남겨 뒀어요.,jlpt.n3.vocab.0382.m4a,ref_only:jfs_cando_b1+corpus_freq,draft,선정축: ①B1 언어활동「情報交換·問い合わせ·依頼」 회의 의제와 사실을 확인하기 / ②빈도 zipf 5.03 / 내용어 452위(모집단 80726); Tanos교차: N3 일치
jlpt.n3.vocab.0383,N3,表示,ひょうじ,{表示|ひょう|じ},효오지,noun,suru_noun,vt,표시,-,エコマークの{表示|ひょうじ}の{意味|いみ}を{調|しら}べました。,에코 마크 표시의 의미를 찾아봤어요.,jlpt.n3.vocab.0383.m4a,ref_only:jfs_cando_b1+corpus_freq,draft,선정축: ①B1 언어활동「情報交換·問い合わせ·依頼」 환경 표시 설명을 읽고 주요 정보 이해하기 / ②빈도 zipf 5.03 / 내용어 451위(모집단 80726); Tanos교차: 전급수 목록밖 — Tanos(구시험 어휘)에 없는 현대어로 판단
jlpt.n3.vocab.0384,N3,ややこしい,ややこしい,ややこしい,야야코시이,i_adj,i_adj,-,까다롭다,복잡하다,{手続|てつづ}きが ややこしくて{時間|じかん}がかかりました。,절차가 까다로워서 시간이 걸렸어요.,jlpt.n3.vocab.0384.m4a,ref_only:jfs_cando_b1+corpus_freq,draft,선정축: ①B1 언어활동「情報交換·問い合わせ·依頼」 절차의 번거로움을 설명하고 상담하기 / ②빈도 zipf 3.68 / 내용어 8172위(모집단 80726); Tanos교차: N1 분류(구시험 기준) — 선정축 판단을 우선해 N3 유지
jlpt.n3.vocab.0385,N3,提供,ていきょう,{提供|てい|きょう},테에쿄오,noun,suru_noun,vt,제공,-,サービスの{提供|ていきょう}をお{願|ねが}いできますか。,서비스 제공을 부탁드릴 수 있을까요?,jlpt.n3.vocab.0385.m4a,ref_only:jfs_cando_b1+corpus_freq,draft,선정축: ①B1 언어활동「情報交換·問い合わせ·依頼」 사정을 설명하고 서비스 제공을 의뢰하기 / ②빈도 zipf 5.00 / 내용어 496위(모집단 80726); Tanos교차: N1 분류(구시험 기준) — 선정축 판단을 우선해 N3 유지
jlpt.n3.vocab.0386,N3,利用,りよう,{利用|り|よう},리요오,noun,suru_noun,vt,이용,-,{施設|し|せつ}の{利用|りよう}{方法|ほうほう}の{説明|せつめい}を{聞|き}きました。,시설 이용 방법 설명을 들었어요.,jlpt.n3.vocab.0386.m4a,ref_only:jfs_cando_b1+corpus_freq,draft,선정축: ①B1 언어활동「情報交換·問い合わせ·依頼」 스태프의 시설 이용법 설명을 듣고 이해하기 / ②빈도 zipf 5.34 / 내용어 157위(모집단 80726); Tanos교차: N4 분류 — 우리 N4 400 미수록 잔여분을 N3으로 흡수
jlpt.n3.vocab.0387,N3,使用,しよう,{使用|し|よう},시요오,noun,suru_noun,vt,사용,-,この{部屋|へや}は{使用|しよう}できない{時間|じかん}があります。,이 방은 사용할 수 없는 시간이 있어요.,jlpt.n3.vocab.0387.m4a,ref_only:jfs_cando_b1+corpus_freq,draft,선정축: ①B1 언어활동「情報交換·問い合わせ·依頼」 이용 규칙 안내를 이해하기 / ②빈도 zipf 5.46 / 내용어 105위(모집단 80726); Tanos교차: N3 일치
jlpt.n3.vocab.0388,N3,保存,ほぞん,{保存|ほ|ぞん},호존,noun,suru_noun,vt,보존,저장,{書|か}いたものは かならず{保存|ほぞん}しておきましょう。,쓴 것은 반드시 저장해 둡시다.,jlpt.n3.vocab.0388.m4a,ref_only:jfs_cando_b1+corpus_freq,draft,선정축: ①B1 언어활동「情報交換·問い合わせ·依頼」 기기 조작 지시를 주고받기 / ②빈도 zipf 4.75 / 내용어 975위(모집단 80726); Tanos교차: N3 일치
jlpt.n3.vocab.0389,N3,検索,けんさく,{検索|けん|さく},켄사쿠,noun,suru_noun,vt,검색,-,サイトで{検索|けんさく}すれば すぐ{見|み}つかります。,사이트에서 검색하면 금방 찾을 수 있어요.,jlpt.n3.vocab.0389.m4a,ref_only:jfs_cando_b1+corpus_freq,draft,선정축: ①B1 언어활동「情報交換·問い合わせ·依頼」 필요한 정보를 찾아내는 방법을 전하기 / ②빈도 zipf 5.07 / 내용어 393위(모집단 80726); Tanos교차: 전급수 목록밖 — Tanos(구시험 어휘)에 없는 현대어로 판단
jlpt.n3.vocab.0390,N3,問い合わせる,といあわせる,{問|と}い{合|あ}わせる,토이아와세루,verb,g2,vt,문의하다,알아보다,{詳|くわ}しいことは{会社|かいしゃ}に{問|と}い{合|あ}わせてみます。,자세한 건 회사에 문의해 볼게요.,jlpt.n3.vocab.0390.m4a,ref_only:jfs_cando_b1+corpus_freq,draft,선정축: ①B1 언어활동「情報交換·問い合わせ·依頼」 상세 정보를 얻기 위해 문의 메일 쓰기 / ②빈도 zipf 2.71 / 내용어 26666위(모집단 80726); Tanos교차: N1 분류(구시험 기준) — 선정축 판단을 우선해 N3 유지
jlpt.n3.vocab.0391,N3,求める,もとめる,{求|もと}める,모토메루,verb,g2,vt,요구하다,구하다,{説明|せつめい}を{求|もと}めましたが{答|こた}えてもらえませんでした。,설명을 요구했지만 답을 못 받았어요.,jlpt.n3.vocab.0391.m4a,ref_only:jfs_cando_b1+corpus_freq,draft,선정축: ①B1 언어활동「情報交換·問い合わせ·依頼」 문제 상황을 설명하고 대응을 요구하기 / ②빈도 zipf 5.16 / 내용어 299위(모집단 80726); Tanos교차: N3 일치
jlpt.n3.vocab.0392,N3,受け取る,うけとる,{受|う}け{取|と}る,우케토루,verb,g1,vt,받다,수령하다,{請求|せい|きゅう}を{受|う}け{取|と}ってすぐ{相談|そうだん}しました。,청구서를 받고 바로 상담했어요.,jlpt.n3.vocab.0392.m4a,ref_only:jfs_cando_b1+corpus_freq,draft,선정축: ①B1 언어활동「情報交換·問い合わせ·依頼」 받은 청구 내용을 설명하고 상담하기 / ②빈도 zipf 4.62 / 내용어 1392위(모집단 80726); Tanos교차: N3 일치
jlpt.n3.vocab.0393,N3,扱う,あつかう,{扱|あつか}う,아츠카우,verb,g1,vt,다루다,취급하다,この{店|みせ}では{中古品|ちゅう|こ|ひん}も{扱|あつか}っています。,이 가게에서는 중고품도 취급하고 있어요.,jlpt.n3.vocab.0393.m4a,ref_only:jfs_cando_b1+corpus_freq,draft,선정축: ①B1 언어활동「情報交換·問い合わせ·依頼」 매매 사이트의 정보를 이해하기 / ②빈도 zipf 4.75 / 내용어 991위(모집단 80726); Tanos교차: N3 일치
jlpt.n3.vocab.0394,N3,含む,ふくむ,{含|ふく}む,후쿠무,verb,g1,vt,포함하다,-,この{料金|りょうきん}は{食事|しょくじ}を{含|ふく}んでいます。,이 요금은 식사를 포함하고 있어요.,jlpt.n3.vocab.0394.m4a,ref_only:jfs_cando_b1+corpus_freq,draft,선정축: ①B1 언어활동「情報交換·問い合わせ·依頼」 요금 조건을 확인하고 전달하기 / ②빈도 zipf 5.07 / 내용어 397위(모집단 80726); Tanos교차: N3 일치
jlpt.n3.vocab.0395,N3,除く,のぞく,{除|のぞ}く,노조쿠,verb,g1,vt,제외하다,없애다,{月曜日|げつ|よう|び}を{除|のぞ}いて{毎日|まいにち}{開|あ}いています。,월요일을 빼고 매일 열려 있어요.,jlpt.n3.vocab.0395.m4a,ref_only:jfs_cando_b1+corpus_freq,draft,선정축: ①B1 언어활동「情報交換·問い合わせ·依頼」 영업 안내를 읽고 정보를 전달하기 / ②빈도 zipf 4.60 / 내용어 1459위(모집단 80726); Tanos교차: N3 일치
jlpt.n3.vocab.0396,N3,従う,したがう,{従|したが}う,시타가우,verb,g1,vi,따르다,준수하다,{係|かかり}の{人|ひと}の{指示|し|じ}に{従|したが}ってください。,담당자의 지시에 따라 주세요.,jlpt.n3.vocab.0396.m4a,ref_only:jfs_cando_b1+corpus_freq,draft,선정축: ①B1 언어활동「情報交換·問い合わせ·依頼」 시설의 지시를 이해하고 전달하기 / ②빈도 zipf 4.73 / 내용어 1044위(모집단 80726); Tanos교차: N3 일치
jlpt.n3.vocab.0397,N3,応じる,おうじる,{応|おう}じる,오오지루,verb,g2,vi,응하다,대응하다,{必要|ひつよう}に{応|おう}じて{確|たし}かめることができます。,필요에 따라 확인할 수 있어요.,jlpt.n3.vocab.0397.m4a,ref_only:jfs_cando_b1+corpus_freq,draft,선정축: ①B1 언어활동「情報交換·問い合わせ·依頼」 설문 질문을 이해하고 답을 쓰기 / ②빈도 zipf 4.53 / 내용어 1724위(모집단 80726); Tanos교차: N3 일치
jlpt.n3.vocab.0398,N3,加える,くわえる,{加|くわ}える,쿠와에루,verb,g2,vt,더하다,추가하다,{説明|せつめい}に{写真|しゃしん}を{加|くわ}えると{分|わ}かりやすいです。,설명에 사진을 더하면 알기 쉬워요.,jlpt.n3.vocab.0398.m4a,ref_only:jfs_cando_b1+corpus_freq,draft,선정축: ①B1 언어활동「情報交換·問い合わせ·依頼」 포스터 내용을 설명하고 점검을 의뢰하기 / ②빈도 zipf 4.88 / 내용어 710위(모집단 80726); Tanos교차: N3 일치
jlpt.n3.vocab.0399,N3,書き込む,かきこむ,{書|か}き{込|こ}む,카키코무,verb,g1,vt,써넣다,올리다,レビューサイトに{感想|かんそう}を{書|か}き{込|こ}みました。,리뷰 사이트에 감상을 올렸어요.,jlpt.n3.vocab.0399.m4a,ref_only:jfs_cando_b1+corpus_freq,draft,선정축: ①B1 언어활동「情報交換·問い合わせ·依頼」 보고·감상을 리뷰 사이트에 써넣기 / ②빈도 zipf 3.84 / 내용어 6390위(모집단 80726); Tanos교차: 전급수 목록밖 — Tanos(구시험 어휘)에 없는 현대어로 판단
jlpt.n3.vocab.0400,N3,目立つ,めだつ,{目立|め|だ}つ,메다츠,verb,g1,vi,눈에 띄다,두드러지다,{見|み}どころが{目立|めだ}つ ポスターにしたいです。,볼거리가 눈에 띄는 포스터로 만들고 싶어요.,jlpt.n3.vocab.0400.m4a,ref_only:jfs_cando_b1+corpus_freq,draft,선정축: ①B1 언어활동「情報交換·問い合わせ·依頼」 포스터의 테마와 내용을 설명하기 / ②빈도 zipf 4.53 / 내용어 1732위(모집단 80726); Tanos교차: N2 분류(구시험 기준) — 선정축 판단을 우선해 N3 유지
